arm,stage,global_step,local_step,loss,lr
quarter,1,50,50,0.994925,5.1e-06
quarter,1,100,100,0.9944059,1.01e-05
quarter,1,150,150,0.9942304,1.51e-05
quarter,1,200,200,0.9941791,2.01e-05
quarter,1,250,250,0.9939104,2.51e-05
quarter,1,300,300,0.993727,3.01e-05
quarter,1,350,350,0.9936129,3.51e-05
quarter,1,400,400,0.9930936,4.01e-05
quarter,1,450,450,0.9927412,4.51e-05
quarter,1,500,500,0.9922919,5e-05
quarter,1,550,550,0.9921227,5.5e-05
quarter,1,600,600,0.9921009,6e-05
quarter,1,650,650,0.9919818,6.5e-05
quarter,1,700,700,0.9917776,7e-05
quarter,1,750,750,0.991759,7.5e-05
quarter,1,800,800,0.9918212,8e-05
quarter,1,850,850,0.9915968,8.5e-05
quarter,1,900,900,0.9919427,9e-05
quarter,1,950,950,0.9916914,9.5e-05
quarter,1,1000,1000,0.991514,0.0001
quarter,1,1050,1050,0.9913613,0.0001
quarter,1,1100,1100,0.9912587,0.0001
quarter,1,1150,1150,0.9915198,0.0001
quarter,1,1200,1200,0.9911763,0.0001
quarter,1,1250,1250,0.9913334,0.0001
quarter,1,1300,1300,0.99142,0.0001
quarter,1,1350,1350,0.9915023,0.0001
quarter,1,1400,1400,0.9910948,0.0001
quarter,1,1450,1450,0.9913157,0.0001
quarter,1,1500,1500,0.9911638,0.0001
quarter,1,1550,1550,0.9913154,0.0001
quarter,1,1600,1600,0.9909713,0.0001
quarter,1,1650,1650,0.9908421,0.0001
quarter,1,1700,1700,0.9907938,0.0001
quarter,1,1750,1750,0.9909717,0.0001
quarter,1,1800,1800,0.9908044,0.0001
quarter,1,1850,1850,0.9907464,0.0001
quarter,1,1900,1900,0.9906416,0.0001
quarter,1,1950,1950,0.9905083,0.0001
quarter,1,2000,2000,0.9905599,0.0001
quarter,1,2050,2050,0.9905764,0.0001
quarter,1,2100,2100,0.990521,0.0001
quarter,1,2150,2150,0.990289,0.0001
quarter,1,2200,2200,0.9906204,0.0001
quarter,1,2250,2250,0.9903563,0.0001
quarter,1,2300,2300,0.9904824,0.0001
quarter,1,2350,2350,0.9904616,0.0001
quarter,1,2400,2400,0.9901997,0.0001
quarter,1,2450,2450,0.9898445,0.0001
quarter,1,2500,2500,0.9903511,0.0001
quarter,1,2550,2550,0.9902636,0.0001
quarter,1,2600,2600,0.9902472,0.0001
quarter,1,2650,2650,0.9901529,0.0001
quarter,1,2700,2700,0.990178,0.0001
quarter,1,2750,2750,0.9901631,0.0001
quarter,1,2800,2800,0.9901476,0.0001
quarter,1,2850,2850,0.9903541,0.0001
quarter,1,2900,2900,0.9900591,0.0001
quarter,1,2950,2950,0.9900315,0.0001
quarter,1,3000,3000,0.9902163,0.0001
quarter,1,3050,3050,0.9899337,0.0001
quarter,1,3100,3100,0.9898779,0.0001
quarter,1,3150,3150,0.9899212,0.0001
quarter,1,3200,3200,0.9899538,0.0001
quarter,1,3250,3250,0.9900064,0.0001
quarter,1,3300,3300,0.9901096,0.0001
quarter,1,3350,3350,0.9898062,0.0001
quarter,1,3400,3400,0.989787,0.0001
quarter,1,3450,3450,0.9898127,0.0001
quarter,1,3500,3500,0.9898456,0.0001
quarter,1,3550,3550,0.9898123,0.0001
quarter,1,3600,3600,0.9898772,0.0001
quarter,1,3650,3650,0.9898621,0.0001
quarter,1,3700,3700,0.9898664,0.0001
quarter,1,3750,3750,0.9898337,0.0001
quarter,1,3800,3800,0.989468,0.0001
quarter,1,3850,3850,0.989705,0.0001
quarter,1,3900,3900,0.989554,0.0001
quarter,1,3950,3950,0.9899122,0.0001
quarter,1,4000,4000,0.9896712,0.0001
quarter,1,4050,4050,0.9897415,0.0001
quarter,1,4100,4100,0.9894373,0.0001
quarter,1,4150,4150,0.9897645,0.0001
quarter,1,4200,4200,0.9896516,0.0001
quarter,1,4250,4250,0.9894925,0.0001
quarter,1,4300,4300,0.9894723,0.0001
quarter,1,4350,4350,0.9897158,0.0001
quarter,1,4400,4400,0.9895611,0.0001
quarter,1,4450,4450,0.9894883,0.0001
quarter,1,4500,4500,0.9893457,0.0001
quarter,1,4550,4550,0.9896641,0.0001
quarter,1,4600,4600,0.9895813,0.0001
quarter,1,4650,4650,0.9893262,0.0001
quarter,1,4700,4700,0.9895194,0.0001
quarter,1,4750,4750,0.9893675,0.0001
quarter,1,4800,4800,0.9892085,0.0001
quarter,1,4850,4850,0.9890973,0.0001
quarter,1,4900,4900,0.9895773,0.0001
quarter,1,4950,4950,0.9893198,0.0001
quarter,1,5000,5000,0.9891744,0.0001
quarter,1,5050,5050,0.9895385,0.0001
quarter,1,5100,5100,0.9892566,0.0001
quarter,1,5150,5150,0.9892303,0.0001
quarter,1,5200,5200,0.9894336,0.0001
quarter,1,5250,5250,0.9895916,0.0001
quarter,1,5300,5300,0.9895197,0.0001
quarter,1,5350,5350,0.9893461,0.0001
quarter,1,5400,5400,0.9888771,0.0001
quarter,1,5450,5450,0.9893686,0.0001
quarter,1,5500,5500,0.9895831,0.0001
quarter,1,5550,5550,0.9892921,0.0001
quarter,1,5600,5600,0.9893676,0.0001
quarter,1,5650,5650,0.9890987,0.0001
quarter,1,5700,5700,0.9892761,0.0001
quarter,1,5750,5750,0.9892958,0.0001
quarter,1,5800,5800,0.9893887,0.0001
quarter,1,5850,5850,0.989347,0.0001
quarter,1,5900,5900,0.9895573,0.0001
quarter,1,5950,5950,0.9891446,0.0001
quarter,1,6000,6000,0.9895692,0.0001
quarter,1,6050,6050,0.9891028,0.0001
quarter,1,6100,6100,0.9892827,0.0001
quarter,1,6150,6150,0.9890537,0.0001
quarter,1,6200,6200,0.98933,0.0001
quarter,1,6250,6250,0.9889915,0.0001
quarter,1,6300,6300,0.9893217,0.0001
quarter,1,6350,6350,0.9891317,0.0001
quarter,1,6400,6400,0.9892026,0.0001
quarter,1,6450,6450,0.9892837,0.0001
quarter,1,6500,6500,0.9892896,0.0001
quarter,1,6550,6550,0.9892505,0.0001
quarter,1,6600,6600,0.9892904,0.0001
quarter,1,6650,6650,0.9891009,0.0001
quarter,1,6700,6700,0.9896728,0.0001
quarter,1,6750,6750,0.9893013,0.0001
quarter,1,6800,6800,0.9891171,0.0001
quarter,1,6850,6850,0.9888238,0.0001
quarter,1,6900,6900,0.9891641,0.0001
quarter,1,6950,6950,0.9889683,0.0001
quarter,1,7000,7000,0.9890999,0.0001
quarter,1,7050,7050,0.9890282,0.0001
quarter,1,7100,7100,0.989154,0.0001
quarter,1,7150,7150,0.9892156,0.0001
quarter,1,7200,7200,0.9890808,0.0001
quarter,1,7250,7250,0.9890677,0.0001
quarter,1,7300,7300,0.9889677,0.0001
quarter,1,7350,7350,0.9889972,0.0001
quarter,1,7400,7400,0.9887863,0.0001
quarter,1,7450,7450,0.9891254,0.0001
quarter,1,7500,7500,0.989072,0.0001
quarter,1,7550,7550,0.9891566,0.0001
quarter,1,7600,7600,0.9887841,0.0001
quarter,1,7650,7650,0.989165,0.0001
quarter,1,7700,7700,0.9892483,0.0001
quarter,1,7750,7750,0.9888459,0.0001
quarter,1,7800,7800,0.9888746,0.0001
quarter,1,7850,7850,0.9891617,0.0001
quarter,1,7900,7900,0.9891855,0.0001
quarter,1,7950,7950,0.9890065,0.0001
quarter,1,8000,8000,0.9890824,0.0001
quarter,1,8050,8050,0.9890181,0.0001
quarter,1,8100,8100,0.9892176,0.0001
quarter,1,8150,8150,0.9886723,0.0001
quarter,1,8200,8200,0.988908,0.0001
quarter,1,8250,8250,0.9890995,0.0001
quarter,1,8300,8300,0.9887857,0.0001
quarter,1,8350,8350,0.9891836,0.0001
quarter,1,8400,8400,0.9888478,0.0001
quarter,1,8450,8450,0.9891032,0.0001
quarter,1,8500,8500,0.9888895,0.0001
quarter,1,8550,8550,0.9890737,0.0001
quarter,1,8600,8600,0.9891374,0.0001
quarter,1,8650,8650,0.9889526,0.0001
quarter,1,8700,8700,0.988954,0.0001
quarter,1,8750,8750,0.9888861,0.0001
quarter,1,8800,8800,0.9891154,0.0001
quarter,1,8850,8850,0.9891031,0.0001
quarter,1,8900,8900,0.9884011,0.0001
quarter,1,8950,8950,0.9890245,0.0001
quarter,1,9000,9000,0.9889764,0.0001
quarter,1,9050,9050,0.9885691,0.0001
quarter,1,9100,9100,0.9891456,0.0001
quarter,1,9150,9150,0.9890594,0.0001
quarter,1,9200,9200,0.9888188,0.0001
quarter,1,9250,9250,0.9888315,0.0001
quarter,1,9300,9300,0.9889031,0.0001
quarter,1,9350,9350,0.9889383,0.0001
quarter,1,9400,9400,0.9889117,0.0001
quarter,1,9450,9450,0.9888008,0.0001
quarter,1,9500,9500,0.9892438,0.0001
quarter,1,9550,9550,0.9892301,0.0001
quarter,1,9600,9600,0.9889851,0.0001
quarter,1,9650,9650,0.9889759,0.0001
quarter,1,9700,9700,0.9891026,0.0001
quarter,1,9750,9750,0.9888856,0.0001
quarter,1,9800,9800,0.9885921,0.0001
quarter,1,9850,9850,0.9887595,0.0001
quarter,1,9900,9900,0.9888309,0.0001
quarter,1,9950,9950,0.9890144,0.0001
quarter,1,10000,10000,0.9891772,0.0001
quarter,1,10050,10050,0.989006,0.0001
quarter,1,10100,10100,0.9888567,0.0001
quarter,1,10150,10150,0.989159,0.0001
quarter,1,10200,10200,0.9888856,0.0001
quarter,1,10250,10250,0.9889118,0.0001
quarter,1,10300,10300,0.9888808,0.0001
quarter,1,10350,10350,0.9888703,0.0001
quarter,1,10400,10400,0.9887925,0.0001
quarter,1,10450,10450,0.9891943,0.0001
quarter,1,10500,10500,0.9889461,0.0001
quarter,1,10550,10550,0.9888862,0.0001
quarter,1,10600,10600,0.9888739,0.0001
quarter,1,10650,10650,0.9889066,0.0001
quarter,1,10700,10700,0.9888166,0.0001
quarter,1,10750,10750,0.9891846,0.0001
quarter,1,10800,10800,0.9886181,0.0001
quarter,1,10850,10850,0.9890777,0.0001
quarter,1,10900,10900,0.9890822,0.0001
quarter,1,10950,10950,0.9885538,0.0001
quarter,1,11000,11000,0.9888946,0.0001
quarter,1,11050,11050,0.9889557,0.0001
quarter,1,11100,11100,0.9888532,0.0001
quarter,1,11150,11150,0.9888819,0.0001
quarter,1,11200,11200,0.9884844,0.0001
quarter,1,11250,11250,0.9889035,0.0001
quarter,1,11300,11300,0.9887031,0.0001
quarter,1,11350,11350,0.9886367,0.0001
quarter,1,11400,11400,0.9889728,0.0001
quarter,1,11450,11450,0.9886558,0.0001
quarter,1,11500,11500,0.9886469,0.0001
quarter,1,11550,11550,0.9887989,0.0001
quarter,1,11600,11600,0.9887744,0.0001
quarter,1,11650,11650,0.9887157,0.0001
quarter,1,11700,11700,0.9888734,0.0001
quarter,1,11750,11750,0.9889318,0.0001
quarter,1,11800,11800,0.9890054,0.0001
quarter,1,11850,11850,0.9888734,0.0001
quarter,1,11900,11900,0.9886843,0.0001
quarter,1,11950,11950,0.9889293,0.0001
quarter,1,12000,12000,0.988569,0.0001
quarter,1,12050,12050,0.9889321,0.0001
quarter,1,12100,12100,0.9889791,0.0001
quarter,1,12150,12150,0.9886796,0.0001
quarter,1,12200,12200,0.9888549,0.0001
quarter,1,12250,12250,0.9887388,0.0001
quarter,1,12300,12300,0.988687,0.0001
quarter,1,12350,12350,0.9890006,0.0001
quarter,1,12400,12400,0.9888127,0.0001
quarter,1,12450,12450,0.988625,0.0001
quarter,1,12500,12500,0.9886014,0.0001
quarter,1,12550,12550,0.9889978,0.0001
quarter,1,12600,12600,0.9886625,0.0001
quarter,1,12650,12650,0.9888861,0.0001
quarter,1,12700,12700,0.989002,0.0001
quarter,1,12750,12750,0.989072,0.0001
quarter,1,12800,12800,0.9889444,0.0001
quarter,1,12850,12850,0.9888424,0.0001
quarter,1,12900,12900,0.9887691,0.0001
quarter,1,12950,12950,0.9891702,0.0001
quarter,1,13000,13000,0.9886228,0.0001
quarter,1,13050,13050,0.9888132,0.0001
quarter,1,13100,13100,0.9886988,0.0001
quarter,1,13150,13150,0.9889844,0.0001
quarter,1,13200,13200,0.9886021,0.0001
quarter,1,13250,13250,0.9889199,0.0001
quarter,1,13300,13300,0.9888958,0.0001
quarter,1,13350,13350,0.9889183,0.0001
quarter,1,13400,13400,0.9884048,0.0001
quarter,1,13450,13450,0.9888639,0.0001
quarter,1,13500,13500,0.9889963,0.0001
quarter,1,13550,13550,0.9885301,0.0001
quarter,1,13600,13600,0.9892263,0.0001
quarter,1,13650,13650,0.9887797,0.0001
quarter,1,13700,13700,0.9886206,0.0001
quarter,1,13750,13750,0.9889222,0.0001
quarter,1,13800,13800,0.9884778,0.0001
quarter,1,13850,13850,0.9890284,0.0001
quarter,1,13900,13900,0.9885399,0.0001
quarter,1,13950,13950,0.9886064,0.0001
quarter,1,14000,14000,0.9886823,0.0001
quarter,1,14050,14050,0.9888298,0.0001
quarter,1,14100,14100,0.9890881,0.0001
quarter,1,14150,14150,0.9887448,0.0001
quarter,1,14200,14200,0.9886892,0.0001
quarter,1,14250,14250,0.9886449,0.0001
quarter,1,14300,14300,0.9882694,0.0001
quarter,1,14350,14350,0.9886979,0.0001
quarter,1,14400,14400,0.9886064,0.0001
quarter,1,14450,14450,0.9885887,0.0001
quarter,1,14500,14500,0.9885256,0.0001
quarter,1,14550,14550,0.9889001,0.0001
quarter,1,14600,14600,0.9883494,0.0001
quarter,1,14650,14650,0.9889751,0.0001
quarter,1,14700,14700,0.9887517,0.0001
quarter,1,14750,14750,0.9888039,0.0001
quarter,1,14800,14800,0.9885476,0.0001
quarter,1,14850,14850,0.9885192,0.0001
quarter,1,14900,14900,0.9887249,0.0001
quarter,1,14950,14950,0.9886388,0.0001
quarter,1,15000,15000,0.9887292,0.0001
quarter,1,15050,15050,0.9887239,0.0001
quarter,1,15100,15100,0.9886653,0.0001
quarter,1,15150,15150,0.9886626,0.0001
quarter,1,15200,15200,0.9886129,0.0001
quarter,1,15250,15250,0.9885772,0.0001
quarter,1,15300,15300,0.988465,0.0001
quarter,1,15350,15350,0.9886394,0.0001
quarter,1,15400,15400,0.9887045,0.0001
quarter,1,15450,15450,0.9889532,0.0001
quarter,1,15500,15500,0.9888355,0.0001
quarter,1,15550,15550,0.9886505,0.0001
quarter,1,15600,15600,0.9886393,0.0001
quarter,1,15650,15650,0.9885377,0.0001
quarter,1,15700,15700,0.9888707,0.0001
quarter,1,15750,15750,0.9886531,0.0001
quarter,1,15800,15800,0.9887323,0.0001
quarter,1,15850,15850,0.9887072,0.0001
quarter,1,15900,15900,0.9884701,0.0001
quarter,1,15950,15950,0.9885706,0.0001
quarter,1,16000,16000,0.9889812,0.0001
quarter,1,16050,16050,0.9887918,0.0001
quarter,1,16100,16100,0.9887194,0.0001
quarter,1,16150,16150,0.9881749,0.0001
quarter,1,16200,16200,0.9885868,0.0001
quarter,1,16250,16250,0.9886521,0.0001
quarter,1,16300,16300,0.9885254,0.0001
quarter,1,16350,16350,0.9886473,0.0001
quarter,1,16400,16400,0.9885082,0.0001
quarter,1,16450,16450,0.9888287,0.0001
quarter,1,16500,16500,0.9888464,0.0001
quarter,1,16550,16550,0.9885147,0.0001
quarter,1,16600,16600,0.9884922,0.0001
quarter,1,16650,16650,0.9887478,0.0001
quarter,1,16700,16700,0.9885488,0.0001
quarter,1,16750,16750,0.9885094,0.0001
quarter,1,16800,16800,0.9886639,0.0001
quarter,1,16850,16850,0.9885772,0.0001
quarter,1,16900,16900,0.9884819,0.0001
quarter,1,16950,16950,0.9884875,0.0001
quarter,1,17000,17000,0.988811,0.0001
quarter,1,17050,17050,0.9885009,0.0001
quarter,1,17100,17100,0.9889609,0.0001
quarter,1,17150,17150,0.9888356,0.0001
quarter,1,17200,17200,0.9887769,0.0001
quarter,1,17250,17250,0.9885501,0.0001
quarter,1,17300,17300,0.9884389,0.0001
quarter,1,17350,17350,0.9887671,0.0001
quarter,1,17400,17400,0.9887449,0.0001
quarter,1,17450,17450,0.988495,0.0001
quarter,1,17500,17500,0.9884734,0.0001
quarter,1,17550,17550,0.9886085,0.0001
quarter,1,17600,17600,0.9886584,0.0001
quarter,1,17650,17650,0.9885803,0.0001
quarter,1,17700,17700,0.9887955,0.0001
quarter,1,17750,17750,0.9886215,0.0001
quarter,1,17800,17800,0.9885718,0.0001
quarter,1,17850,17850,0.9886668,0.0001
quarter,1,17900,17900,0.9885042,0.0001
quarter,1,17950,17950,0.9888897,0.0001
quarter,1,18000,18000,0.9886587,0.0001
quarter,1,18050,18050,0.9886643,0.0001
quarter,1,18100,18100,0.9886457,0.0001
quarter,1,18150,18150,0.9884565,0.0001
quarter,1,18200,18200,0.9886143,0.0001
quarter,1,18250,18250,0.9886143,0.0001
quarter,1,18300,18300,0.9886615,0.0001
quarter,1,18350,18350,0.9881911,0.0001
quarter,1,18400,18400,0.9887021,0.0001
quarter,1,18450,18450,0.9884865,0.0001
quarter,1,18500,18500,0.9883176,0.0001
quarter,1,18550,18550,0.9885097,0.0001
quarter,1,18600,18600,0.9885306,0.0001
quarter,1,18650,18650,0.9886803,0.0001
quarter,1,18700,18700,0.9887066,0.0001
quarter,1,18750,18750,0.9883968,0.0001
quarter,1,18800,18800,0.988443,0.0001
quarter,1,18850,18850,0.9886604,0.0001
quarter,1,18900,18900,0.9882864,0.0001
quarter,1,18950,18950,0.9886724,0.0001
quarter,1,19000,19000,0.9886214,0.0001
quarter,1,19050,19050,0.9887472,0.0001
quarter,1,19100,19100,0.9886039,0.0001
quarter,1,19150,19150,0.9885627,0.0001
quarter,1,19200,19200,0.9885903,0.0001
quarter,1,19250,19250,0.9884716,0.0001
quarter,1,19300,19300,0.9889018,0.0001
quarter,1,19350,19350,0.9884443,0.0001
quarter,1,19400,19400,0.9884216,0.0001
quarter,1,19450,19450,0.9884437,0.0001
quarter,1,19500,19500,0.988556,0.0001
quarter,1,19550,19550,0.9887187,0.0001
quarter,1,19600,19600,0.988931,0.0001
quarter,1,19650,19650,0.9885088,0.0001
quarter,1,19700,19700,0.988395,0.0001
quarter,1,19750,19750,0.9882709,0.0001
quarter,1,19800,19800,0.9887835,0.0001
quarter,1,19850,19850,0.988658,0.0001
quarter,1,19900,19900,0.9885917,0.0001
quarter,1,19950,19950,0.9883519,0.0001
quarter,1,20000,20000,0.9885062,0.0001
quarter,1,20050,20050,0.988468,0.0001
quarter,1,20100,20100,0.9887092,0.0001
quarter,1,20150,20150,0.9882557,0.0001
quarter,1,20200,20200,0.988409,0.0001
quarter,1,20250,20250,0.9882456,0.0001
quarter,1,20300,20300,0.9884742,0.0001
quarter,1,20350,20350,0.9885795,0.0001
quarter,1,20400,20400,0.9884377,0.0001
quarter,1,20450,20450,0.9884275,0.0001
quarter,1,20500,20500,0.9888507,0.0001
quarter,1,20550,20550,0.9887069,0.0001
quarter,1,20600,20600,0.9885351,0.0001
quarter,1,20650,20650,0.9883254,0.0001
quarter,1,20700,20700,0.9887088,0.0001
quarter,1,20750,20750,0.988481,0.0001
quarter,1,20800,20800,0.9887277,0.0001
quarter,1,20850,20850,0.9882819,0.0001
quarter,1,20900,20900,0.9882585,0.0001
quarter,1,20950,20950,0.9884639,0.0001
quarter,1,21000,21000,0.988476,0.0001
quarter,1,21050,21050,0.9885902,0.0001
quarter,1,21100,21100,0.9884878,0.0001
quarter,1,21150,21150,0.9883529,0.0001
quarter,1,21200,21200,0.9886459,0.0001
quarter,1,21250,21250,0.9879662,0.0001
quarter,1,21300,21300,0.9883803,0.0001
quarter,1,21350,21350,0.9883873,0.0001
quarter,1,21400,21400,0.9883252,0.0001
quarter,1,21450,21450,0.9884222,0.0001
quarter,1,21500,21500,0.9885116,0.0001
quarter,1,21550,21550,0.9884478,0.0001
quarter,1,21600,21600,0.9886041,0.0001
quarter,1,21650,21650,0.9883993,0.0001
quarter,1,21700,21700,0.9884974,0.0001
quarter,1,21750,21750,0.9883839,0.0001
quarter,1,21800,21800,0.9882601,0.0001
quarter,1,21850,21850,0.9883935,0.0001
quarter,1,21900,21900,0.9884034,0.0001
quarter,1,21950,21950,0.9885765,0.0001
quarter,1,22000,22000,0.9885075,0.0001
quarter,1,22050,22050,0.9882329,0.0001
quarter,1,22100,22100,0.9885476,0.0001
quarter,1,22150,22150,0.9887097,0.0001
quarter,1,22200,22200,0.9887115,0.0001
quarter,1,22250,22250,0.988641,0.0001
quarter,1,22300,22300,0.9887225,0.0001
quarter,1,22350,22350,0.9883692,0.0001
quarter,1,22400,22400,0.9885647,0.0001
quarter,1,22450,22450,0.9885322,0.0001
quarter,1,22500,22500,0.9885469,0.0001
quarter,1,22550,22550,0.9887993,0.0001
quarter,1,22600,22600,0.9885116,0.0001
quarter,1,22650,22650,0.9883695,0.0001
quarter,1,22700,22700,0.9882769,0.0001
quarter,1,22750,22750,0.9887269,0.0001
quarter,1,22800,22800,0.9884746,0.0001
quarter,1,22850,22850,0.9882399,0.0001
quarter,1,22900,22900,0.9883855,0.0001
quarter,1,22950,22950,0.9883358,0.0001
quarter,1,23000,23000,0.9884753,0.0001
quarter,1,23050,23050,0.988593,0.0001
quarter,1,23100,23100,0.9884671,0.0001
quarter,1,23150,23150,0.9882987,0.0001
quarter,1,23200,23200,0.988656,0.0001
quarter,1,23250,23250,0.9885323,0.0001
quarter,1,23300,23300,0.9885406,0.0001
quarter,1,23350,23350,0.9885999,0.0001
quarter,1,23400,23400,0.9884819,0.0001
quarter,1,23450,23450,0.9885059,0.0001
quarter,1,23500,23500,0.9883128,0.0001
quarter,1,23550,23550,0.9888795,0.0001
quarter,1,23600,23600,0.9887063,0.0001
quarter,1,23650,23650,0.988663,0.0001
quarter,1,23700,23700,0.9884945,0.0001
quarter,1,23750,23750,0.988523,0.0001
quarter,1,23800,23800,0.9883029,0.0001
quarter,1,23850,23850,0.9881253,0.0001
quarter,1,23900,23900,0.988674,0.0001
quarter,1,23950,23950,0.9882377,0.0001
quarter,1,24000,24000,0.9886291,0.0001
quarter,1,24050,24050,0.9883306,0.0001
quarter,1,24100,24100,0.9884658,0.0001
quarter,1,24150,24150,0.9885601,0.0001
quarter,1,24200,24200,0.9882007,0.0001
quarter,1,24250,24250,0.988449,0.0001
quarter,1,24300,24300,0.9883783,0.0001
quarter,1,24350,24350,0.9883714,0.0001
quarter,1,24400,24400,0.9886724,0.0001
quarter,1,24450,24450,0.9882197,0.0001
quarter,1,24500,24500,0.9883496,0.0001
quarter,1,24550,24550,0.9887509,0.0001
quarter,1,24600,24600,0.9883385,0.0001
quarter,1,24650,24650,0.9885191,0.0001
quarter,1,24700,24700,0.988422,0.0001
quarter,1,24750,24750,0.9884444,0.0001
quarter,1,24800,24800,0.9885795,0.0001
quarter,1,24850,24850,0.9885064,0.0001
quarter,1,24900,24900,0.9884813,0.0001
quarter,1,24950,24950,0.9887618,0.0001
quarter,1,25000,25000,0.9883574,0.0001
quarter,1,25050,25050,0.9882928,0.0001
quarter,1,25100,25100,0.9882817,0.0001
quarter,1,25150,25150,0.9886178,0.0001
quarter,1,25200,25200,0.9884975,0.0001
quarter,1,25250,25250,0.9885467,0.0001
quarter,1,25300,25300,0.9885685,0.0001
quarter,1,25350,25350,0.9882325,0.0001
quarter,1,25400,25400,0.9885564,0.0001
quarter,1,25450,25450,0.9885848,0.0001
quarter,1,25500,25500,0.9882536,0.0001
quarter,1,25550,25550,0.9886175,0.0001
quarter,1,25600,25600,0.9884593,0.0001
quarter,1,25650,25650,0.9882802,0.0001
quarter,1,25700,25700,0.9885527,0.0001
quarter,1,25750,25750,0.9884416,0.0001
quarter,1,25800,25800,0.9884396,0.0001
quarter,1,25850,25850,0.9885348,0.0001
quarter,1,25900,25900,0.9880726,0.0001
quarter,1,25950,25950,0.9881797,0.0001
quarter,1,26000,26000,0.988562,0.0001
quarter,1,26050,26050,0.9884825,0.0001
quarter,1,26100,26100,0.9885519,0.0001
quarter,1,26150,26150,0.9882868,0.0001
quarter,1,26200,26200,0.9884181,0.0001
quarter,1,26250,26250,0.988582,0.0001
quarter,1,26300,26300,0.9883535,0.0001
quarter,1,26350,26350,0.9884102,0.0001
quarter,1,26400,26400,0.9880238,0.0001
quarter,1,26450,26450,0.9883327,0.0001
quarter,1,26500,26500,0.9886279,0.0001
quarter,1,26550,26550,0.9885426,0.0001
quarter,1,26600,26600,0.9885904,0.0001
quarter,1,26650,26650,0.9885343,0.0001
quarter,1,26700,26700,0.9882089,0.0001
quarter,1,26750,26750,0.9884855,0.0001
quarter,1,26800,26800,0.9882418,0.0001
quarter,1,26850,26850,0.988489,0.0001
quarter,1,26900,26900,0.9884343,0.0001
quarter,1,26950,26950,0.9885922,0.0001
quarter,1,27000,27000,0.9881816,0.0001
quarter,1,27050,27050,0.9885402,0.0001
quarter,1,27100,27100,0.9880008,0.0001
quarter,1,27150,27150,0.9883838,0.0001
quarter,1,27200,27200,0.9883487,0.0001
quarter,1,27250,27250,0.9882339,0.0001
quarter,1,27300,27300,0.9883773,0.0001
quarter,1,27350,27350,0.9882734,0.0001
quarter,1,27400,27400,0.9883854,0.0001
quarter,1,27450,27450,0.9889162,0.0001
quarter,1,27500,27500,0.9882177,0.0001
quarter,1,27550,27550,0.9884655,0.0001
quarter,1,27600,27600,0.988475,0.0001
quarter,1,27650,27650,0.9882925,0.0001
quarter,1,27700,27700,0.988543,0.0001
quarter,1,27750,27750,0.9884099,0.0001
quarter,1,27800,27800,0.9882361,0.0001
quarter,1,27850,27850,0.9883587,0.0001
quarter,1,27900,27900,0.988351,0.0001
quarter,1,27950,27950,0.9885418,0.0001
quarter,1,28000,28000,0.9883844,0.0001
quarter,1,28050,28050,0.9880826,0.0001
quarter,1,28100,28100,0.9884636,0.0001
quarter,1,28150,28150,0.9882759,0.0001
quarter,1,28200,28200,0.9880188,0.0001
quarter,1,28250,28250,0.9882957,0.0001
quarter,1,28300,28300,0.9884333,0.0001
quarter,1,28350,28350,0.9882407,0.0001
quarter,1,28400,28400,0.9883103,0.0001
quarter,1,28450,28450,0.98802,0.0001
quarter,1,28500,28500,0.9886099,0.0001
quarter,1,28550,28550,0.9883037,0.0001
quarter,1,28600,28600,0.9884135,0.0001
quarter,1,28650,28650,0.9883342,0.0001
quarter,1,28700,28700,0.9882915,0.0001
quarter,1,28750,28750,0.9881965,0.0001
quarter,1,28800,28800,0.9885478,0.0001
quarter,1,28850,28850,0.9883633,0.0001
quarter,1,28900,28900,0.9885247,0.0001
quarter,1,28950,28950,0.9883917,0.0001
quarter,1,29000,29000,0.9881086,0.0001
quarter,1,29050,29050,0.9885787,0.0001
quarter,1,29100,29100,0.9882293,0.0001
quarter,1,29150,29150,0.9882265,0.0001
quarter,1,29200,29200,0.9883571,0.0001
quarter,1,29250,29250,0.9879042,0.0001
quarter,1,29300,29300,0.9887773,0.0001
quarter,1,29350,29350,0.9883646,0.0001
quarter,1,29400,29400,0.9880854,0.0001
quarter,1,29450,29450,0.9881026,0.0001
quarter,1,29500,29500,0.9883138,0.0001
quarter,1,29550,29550,0.9886715,0.0001
quarter,1,29600,29600,0.9883606,0.0001
quarter,1,29650,29650,0.9881057,0.0001
quarter,1,29700,29700,0.9884241,0.0001
quarter,1,29750,29750,0.9884356,0.0001
quarter,1,29800,29800,0.9884096,0.0001
quarter,1,29850,29850,0.9884649,0.0001
quarter,1,29900,29900,0.9884368,0.0001
quarter,1,29950,29950,0.9882334,0.0001
quarter,1,30000,30000,0.988404,0.0001
quarter,1,30050,30050,0.9881108,0.0001
quarter,1,30100,30100,0.9883042,0.0001
quarter,1,30150,30150,0.9883357,0.0001
quarter,1,30200,30200,0.9883552,0.0001
quarter,1,30250,30250,0.9885067,0.0001
quarter,1,30300,30300,0.9885239,0.0001
quarter,1,30350,30350,0.9885094,0.0001
quarter,1,30400,30400,0.9882692,0.0001
quarter,1,30450,30450,0.9882134,0.0001
quarter,1,30500,30500,0.9885601,0.0001
quarter,1,30550,30550,0.988268,0.0001
quarter,1,30600,30600,0.9886799,0.0001
quarter,1,30650,30650,0.9883906,0.0001
quarter,1,30700,30700,0.9885679,0.0001
quarter,1,30750,30750,0.9882623,0.0001
quarter,1,30800,30800,0.9886781,0.0001
quarter,1,30850,30850,0.9884956,0.0001
quarter,1,30900,30900,0.9884287,0.0001
quarter,1,30950,30950,0.9883649,0.0001
quarter,1,31000,31000,0.9881925,0.0001
quarter,1,31050,31050,0.9884031,0.0001
quarter,1,31100,31100,0.988197,0.0001
quarter,1,31150,31150,0.9884374,0.0001
quarter,1,31200,31200,0.9884824,0.0001
quarter,1,31250,31250,0.9882618,0.0001
quarter,1,31300,31300,0.9881945,0.0001
quarter,1,31350,31350,0.9886014,0.0001
quarter,1,31400,31400,0.9881225,0.0001
quarter,1,31450,31450,0.9879925,0.0001
quarter,1,31500,31500,0.9886645,0.0001
quarter,1,31550,31550,0.988357,0.0001
quarter,1,31600,31600,0.9883822,0.0001
quarter,1,31650,31650,0.9884784,0.0001
quarter,1,31700,31700,0.988032,0.0001
quarter,1,31750,31750,0.9879813,0.0001
quarter,1,31800,31800,0.9882662,0.0001
quarter,1,31850,31850,0.9879995,0.0001
quarter,1,31900,31900,0.9884102,0.0001
quarter,1,31950,31950,0.9880022,0.0001
quarter,1,32000,32000,0.9880857,0.0001
quarter,1,32050,32050,0.988368,0.0001
quarter,1,32100,32100,0.9882473,0.0001
quarter,1,32150,32150,0.9881731,0.0001
quarter,1,32200,32200,0.9883993,0.0001
quarter,1,32250,32250,0.9881516,0.0001
quarter,1,32300,32300,0.9881667,0.0001
quarter,1,32350,32350,0.9885311,0.0001
quarter,1,32400,32400,0.9880415,0.0001
quarter,1,32450,32450,0.9880069,0.0001
quarter,1,32500,32500,0.9882428,0.0001
quarter,1,32550,32550,0.9883158,0.0001
quarter,1,32600,32600,0.9882971,0.0001
quarter,1,32650,32650,0.988207,0.0001
quarter,1,32700,32700,0.9880568,0.0001
quarter,1,32750,32750,0.9883003,0.0001
quarter,1,32800,32800,0.9881166,0.0001
quarter,1,32850,32850,0.9879717,0.0001
quarter,1,32900,32900,0.9882677,0.0001
quarter,1,32950,32950,0.9886069,0.0001
quarter,1,33000,33000,0.9883937,0.0001
quarter,1,33050,33050,0.9882452,0.0001
quarter,1,33100,33100,0.9883378,0.0001
quarter,1,33150,33150,0.9881088,0.0001
quarter,1,33200,33200,0.9883396,0.0001
quarter,1,33250,33250,0.9883655,0.0001
quarter,1,33300,33300,0.9884638,0.0001
quarter,1,33350,33350,0.9881746,0.0001
quarter,1,33400,33400,0.9879438,0.0001
quarter,1,33450,33450,0.9880241,0.0001
quarter,1,33500,33500,0.988151,0.0001
quarter,1,33550,33550,0.9882306,0.0001
quarter,1,33600,33600,0.9884413,0.0001
quarter,1,33650,33650,0.9880903,0.0001
quarter,1,33700,33700,0.9882728,0.0001
quarter,1,33750,33750,0.988223,0.0001
quarter,1,33800,33800,0.9881771,0.0001
quarter,1,33850,33850,0.9882293,0.0001
quarter,1,33900,33900,0.9879245,0.0001
quarter,1,33950,33950,0.988126,0.0001
quarter,1,34000,34000,0.9878824,0.0001
quarter,1,34050,34050,0.9882157,0.0001
quarter,1,34100,34100,0.9886103,0.0001
quarter,1,34150,34150,0.9881503,0.0001
quarter,1,34200,34200,0.9883146,0.0001
quarter,1,34250,34250,0.9881149,0.0001
quarter,1,34300,34300,0.9882375,0.0001
quarter,1,34350,34350,0.9884829,0.0001
quarter,1,34400,34400,0.9884399,0.0001
quarter,1,34450,34450,0.9880179,0.0001
quarter,1,34500,34500,0.988462,0.0001
quarter,1,34550,34550,0.9883676,0.0001
quarter,1,34600,34600,0.988331,0.0001
quarter,1,34650,34650,0.9884971,0.0001
quarter,1,34700,34700,0.9880047,0.0001
quarter,1,34750,34750,0.9881338,0.0001
quarter,1,34800,34800,0.9880746,0.0001
quarter,1,34850,34850,0.9885231,0.0001
quarter,1,34900,34900,0.9880223,0.0001
quarter,1,34950,34950,0.9885888,0.0001
quarter,1,35000,35000,0.9886138,0.0001
quarter,1,35050,35050,0.9882159,0.0001
quarter,1,35100,35100,0.9884347,0.0001
quarter,1,35150,35150,0.9883618,0.0001
quarter,1,35200,35200,0.9881143,0.0001
quarter,1,35250,35250,0.9885181,0.0001
quarter,1,35300,35300,0.9883971,0.0001
quarter,1,35350,35350,0.9878832,0.0001
quarter,1,35400,35400,0.9880982,0.0001
quarter,1,35450,35450,0.9880873,0.0001
quarter,1,35500,35500,0.9884573,0.0001
quarter,1,35550,35550,0.9880969,0.0001
quarter,1,35600,35600,0.988197,0.0001
quarter,1,35650,35650,0.9881245,0.0001
quarter,1,35700,35700,0.988219,0.0001
quarter,1,35750,35750,0.9880864,0.0001
quarter,1,35800,35800,0.9883017,0.0001
quarter,1,35850,35850,0.9879935,0.0001
quarter,1,35900,35900,0.9884478,0.0001
quarter,1,35950,35950,0.9881434,0.0001
quarter,1,36000,36000,0.9880087,0.0001
quarter,1,36050,36050,0.9883081,0.0001
quarter,1,36100,36100,0.9883228,0.0001
quarter,1,36150,36150,0.9880434,0.0001
quarter,1,36200,36200,0.9880326,0.0001
quarter,1,36250,36250,0.988399,0.0001
quarter,1,36300,36300,0.9884257,0.0001
quarter,1,36350,36350,0.9880816,0.0001
quarter,1,36400,36400,0.9884936,0.0001
quarter,1,36450,36450,0.9880525,0.0001
quarter,1,36500,36500,0.9881935,0.0001
quarter,1,36550,36550,0.9879503,0.0001
quarter,1,36600,36600,0.9883215,0.0001
quarter,1,36650,36650,0.988405,0.0001
quarter,1,36700,36700,0.9880123,0.0001
quarter,1,36750,36750,0.9881385,0.0001
quarter,1,36800,36800,0.9881194,0.0001
quarter,1,36850,36850,0.9880053,0.0001
quarter,1,36900,36900,0.9882244,0.0001
quarter,1,36950,36950,0.9884116,0.0001
quarter,1,37000,37000,0.9880317,0.0001
quarter,1,37050,37050,0.9880146,0.0001
quarter,1,37100,37100,0.9881883,0.0001
quarter,1,37150,37150,0.9882153,0.0001
quarter,1,37200,37200,0.9886935,0.0001
quarter,1,37250,37250,0.9884193,0.0001
quarter,1,37300,37300,0.9883819,0.0001
quarter,1,37350,37350,0.9880476,0.0001
quarter,1,37400,37400,0.9883466,0.0001
quarter,1,37450,37450,0.9882169,0.0001
quarter,1,37500,37500,0.9880113,0.0001
quarter,1,37550,37550,0.9880581,0.0001
quarter,1,37600,37600,0.9885132,0.0001
quarter,1,37650,37650,0.9881425,0.0001
quarter,1,37700,37700,0.9884248,0.0001
quarter,1,37750,37750,0.988408,0.0001
quarter,1,37800,37800,0.9880449,0.0001
quarter,1,37850,37850,0.9883543,0.0001
quarter,1,37900,37900,0.9884047,0.0001
quarter,1,37950,37950,0.9882025,0.0001
quarter,1,38000,38000,0.9880946,0.0001
quarter,1,38050,38050,0.9879538,0.0001
quarter,1,38100,38100,0.9880732,0.0001
quarter,1,38150,38150,0.988241,0.0001
quarter,1,38200,38200,0.9879162,0.0001
quarter,1,38250,38250,0.9882256,0.0001
quarter,1,38300,38300,0.988327,0.0001
quarter,1,38350,38350,0.988284,0.0001
quarter,1,38400,38400,0.9879287,0.0001
quarter,1,38450,38450,0.9880152,0.0001
quarter,1,38500,38500,0.9882759,0.0001
quarter,1,38550,38550,0.9883225,0.0001
quarter,1,38600,38600,0.9880054,0.0001
quarter,1,38650,38650,0.9880083,0.0001
quarter,1,38700,38700,0.9881156,0.0001
quarter,1,38750,38750,0.9885013,0.0001
quarter,1,38800,38800,0.9883912,0.0001
quarter,1,38850,38850,0.9881884,0.0001
quarter,1,38900,38900,0.9883484,0.0001
quarter,1,38950,38950,0.9879642,0.0001
quarter,1,39000,39000,0.9880034,0.0001
quarter,1,39050,39050,0.9882791,0.0001
quarter,1,39100,39100,0.9880893,0.0001
quarter,1,39150,39150,0.9882249,0.0001
quarter,1,39200,39200,0.9880971,0.0001
quarter,1,39250,39250,0.9884047,0.0001
quarter,1,39300,39300,0.9880392,0.0001
quarter,1,39350,39350,0.9884604,0.0001
quarter,1,39400,39400,0.9878843,0.0001
quarter,1,39450,39450,0.9879154,0.0001
quarter,1,39500,39500,0.9881982,0.0001
quarter,1,39550,39550,0.9883199,0.0001
quarter,1,39600,39600,0.9882539,0.0001
quarter,1,39650,39650,0.9879922,0.0001
quarter,1,39700,39700,0.9878195,0.0001
quarter,1,39750,39750,0.9882874,0.0001
quarter,1,39800,39800,0.9884328,0.0001
quarter,1,39850,39850,0.9883524,0.0001
quarter,1,39900,39900,0.9882168,0.0001
quarter,1,39950,39950,0.9884316,0.0001
quarter,1,40000,40000,0.9883727,0.0001
quarter,1,40050,40050,0.9880358,0.0001
quarter,1,40100,40100,0.9880856,0.0001
quarter,1,40150,40150,0.9884679,0.0001
quarter,1,40200,40200,0.9879239,0.0001
quarter,1,40250,40250,0.9881321,0.0001
quarter,1,40300,40300,0.9883587,0.0001
quarter,1,40350,40350,0.9882575,0.0001
quarter,1,40400,40400,0.9881946,0.0001
quarter,1,40450,40450,0.9881187,0.0001
quarter,1,40500,40500,0.9885639,0.0001
quarter,1,40550,40550,0.9879599,0.0001
quarter,1,40600,40600,0.9882211,0.0001
quarter,1,40650,40650,0.9880585,0.0001
quarter,1,40700,40700,0.9882045,0.0001
quarter,1,40750,40750,0.988157,0.0001
quarter,1,40800,40800,0.988189,0.0001
quarter,1,40850,40850,0.9881911,0.0001
quarter,1,40900,40900,0.9879955,0.0001
quarter,1,40950,40950,0.9877751,0.0001
quarter,1,41000,41000,0.988168,0.0001
quarter,1,41050,41050,0.9880893,0.0001
quarter,1,41100,41100,0.9882329,0.0001
quarter,1,41150,41150,0.9880718,0.0001
quarter,1,41200,41200,0.9880519,0.0001
quarter,1,41250,41250,0.9880731,0.0001
quarter,1,41300,41300,0.9882277,0.0001
quarter,1,41350,41350,0.9884895,0.0001
quarter,1,41400,41400,0.9882775,0.0001
quarter,1,41450,41450,0.9883803,0.0001
quarter,1,41500,41500,0.9879909,0.0001
quarter,1,41550,41550,0.9878931,0.0001
quarter,1,41600,41600,0.9882656,0.0001
quarter,1,41650,41650,0.9883024,0.0001
quarter,1,41700,41700,0.9880944,0.0001
quarter,1,41750,41750,0.9880378,0.0001
quarter,1,41800,41800,0.9883091,0.0001
quarter,1,41850,41850,0.9882552,0.0001
quarter,1,41900,41900,0.9879901,0.0001
quarter,1,41950,41950,0.9881223,0.0001
quarter,1,42000,42000,0.9883401,0.0001
quarter,1,42050,42050,0.9878252,0.0001
quarter,1,42100,42100,0.9879991,0.0001
quarter,1,42150,42150,0.9881138,0.0001
quarter,1,42200,42200,0.9883224,0.0001
quarter,1,42250,42250,0.9882187,0.0001
quarter,1,42300,42300,0.9883402,0.0001
quarter,1,42350,42350,0.9880729,0.0001
quarter,1,42400,42400,0.9884195,0.0001
quarter,1,42450,42450,0.9883326,0.0001
quarter,1,42500,42500,0.9879773,0.0001
quarter,1,42550,42550,0.9885273,0.0001
quarter,1,42600,42600,0.988005,0.0001
quarter,1,42650,42650,0.9880067,0.0001
quarter,1,42700,42700,0.9881901,0.0001
quarter,1,42750,42750,0.9886084,0.0001
quarter,1,42800,42800,0.9882506,0.0001
quarter,1,42850,42850,0.9882794,0.0001
quarter,1,42900,42900,0.9880408,0.0001
quarter,1,42950,42950,0.988063,0.0001
quarter,1,43000,43000,0.9879819,0.0001
quarter,1,43050,43050,0.9880871,0.0001
quarter,1,43100,43100,0.9880173,0.0001
quarter,1,43150,43150,0.9881189,0.0001
quarter,1,43200,43200,0.9880529,0.0001
quarter,1,43250,43250,0.9881635,0.0001
quarter,1,43300,43300,0.9881885,0.0001
quarter,1,43350,43350,0.9882041,0.0001
quarter,1,43400,43400,0.988453,0.0001
quarter,1,43450,43450,0.9879336,0.0001
quarter,1,43500,43500,0.9883857,0.0001
quarter,1,43550,43550,0.9885593,0.0001
quarter,1,43600,43600,0.9885933,0.0001
quarter,1,43650,43650,0.9877821,0.0001
quarter,1,43700,43700,0.9885188,0.0001
quarter,1,43750,43750,0.9883265,0.0001
quarter,1,43800,43800,0.9882084,0.0001
quarter,1,43850,43850,0.9882236,0.0001
quarter,1,43900,43900,0.9881095,0.0001
quarter,1,43950,43950,0.9881007,0.0001
quarter,1,44000,44000,0.9882772,0.0001
quarter,1,44050,44050,0.9880288,0.0001
quarter,1,44100,44100,0.9884682,0.0001
quarter,1,44150,44150,0.9876691,0.0001
quarter,1,44200,44200,0.9881701,0.0001
quarter,1,44250,44250,0.9880422,0.0001
quarter,1,44300,44300,0.9883912,0.0001
quarter,1,44350,44350,0.9883274,0.0001
quarter,1,44400,44400,0.9881645,0.0001
quarter,1,44450,44450,0.9882886,0.0001
quarter,1,44500,44500,0.988399,0.0001
quarter,1,44550,44550,0.9882995,0.0001
quarter,1,44600,44600,0.9878137,0.0001
quarter,1,44650,44650,0.9879282,0.0001
quarter,1,44700,44700,0.9882776,0.0001
quarter,1,44750,44750,0.9882104,0.0001
quarter,1,44800,44800,0.9881609,0.0001
quarter,1,44850,44850,0.9884682,0.0001
quarter,1,44900,44900,0.9880817,0.0001
quarter,1,44950,44950,0.9882358,0.0001
quarter,1,45000,45000,0.9881766,0.0001
quarter,1,45050,45050,0.9882323,0.0001
quarter,1,45100,45100,0.9883557,0.0001
quarter,1,45150,45150,0.9879729,0.0001
quarter,1,45200,45200,0.988114,0.0001
quarter,1,45250,45250,0.9880881,0.0001
quarter,1,45300,45300,0.9882044,0.0001
quarter,1,45350,45350,0.9879723,0.0001
quarter,1,45400,45400,0.9878099,0.0001
quarter,1,45450,45450,0.9879944,0.0001
quarter,1,45500,45500,0.9880186,0.0001
quarter,1,45550,45550,0.9882579,0.0001
quarter,1,45600,45600,0.9883701,0.0001
quarter,1,45650,45650,0.9879974,0.0001
quarter,1,45700,45700,0.9878651,0.0001
quarter,1,45750,45750,0.9881252,0.0001
quarter,1,45800,45800,0.9883131,0.0001
quarter,1,45850,45850,0.9881213,0.0001
quarter,1,45900,45900,0.9879991,0.0001
quarter,1,45950,45950,0.9883329,0.0001
quarter,1,46000,46000,0.9881769,0.0001
quarter,1,46050,46050,0.987877,0.0001
quarter,1,46100,46100,0.9880883,0.0001
quarter,1,46150,46150,0.9883001,0.0001
quarter,1,46200,46200,0.9881628,0.0001
quarter,1,46250,46250,0.9879273,0.0001
quarter,1,46300,46300,0.9881102,0.0001
quarter,1,46350,46350,0.9882352,0.0001
quarter,1,46400,46400,0.9882186,0.0001
quarter,1,46450,46450,0.9882361,0.0001
quarter,1,46500,46500,0.9879047,0.0001
quarter,1,46550,46550,0.9880732,0.0001
quarter,1,46600,46600,0.9878938,0.0001
quarter,1,46650,46650,0.9879555,0.0001
quarter,1,46700,46700,0.988269,0.0001
quarter,1,46750,46750,0.9883427,0.0001
quarter,1,46800,46800,0.9882476,0.0001
quarter,1,46850,46850,0.9879378,0.0001
quarter,1,46900,46900,0.9881236,0.0001
quarter,1,46950,46950,0.9879907,0.0001
quarter,1,47000,47000,0.987889,0.0001
quarter,1,47050,47050,0.9876878,0.0001
quarter,1,47100,47100,0.9878453,0.0001
quarter,1,47150,47150,0.9880579,0.0001
quarter,1,47200,47200,0.9882251,0.0001
quarter,1,47250,47250,0.9883766,0.0001
quarter,1,47300,47300,0.9880255,0.0001
quarter,1,47350,47350,0.9882341,0.0001
quarter,1,47400,47400,0.9883013,0.0001
quarter,1,47450,47450,0.9880439,0.0001
quarter,1,47500,47500,0.9882371,0.0001
quarter,1,47550,47550,0.9878234,0.0001
quarter,1,47600,47600,0.9883108,0.0001
quarter,1,47650,47650,0.9881029,0.0001
quarter,1,47700,47700,0.9883963,0.0001
quarter,1,47750,47750,0.9880078,0.0001
quarter,1,47800,47800,0.9879241,0.0001
quarter,1,47850,47850,0.9881566,0.0001
quarter,1,47900,47900,0.9882635,0.0001
quarter,1,47950,47950,0.9877676,0.0001
quarter,1,48000,48000,0.988269,0.0001
quarter,1,48050,48050,0.9877805,0.0001
quarter,1,48100,48100,0.9876603,0.0001
quarter,1,48150,48150,0.9882092,0.0001
quarter,1,48200,48200,0.9880247,0.0001
quarter,1,48250,48250,0.9879225,0.0001
quarter,1,48300,48300,0.9880091,0.0001
quarter,1,48350,48350,0.9877771,0.0001
quarter,1,48400,48400,0.9881893,0.0001
quarter,1,48450,48450,0.9880609,0.0001
quarter,1,48500,48500,0.9882753,0.0001
quarter,1,48550,48550,0.9879453,0.0001
quarter,1,48600,48600,0.988274,0.0001
quarter,1,48650,48650,0.9878003,0.0001
quarter,1,48700,48700,0.9880229,0.0001
quarter,1,48750,48750,0.9884325,0.0001
quarter,1,48800,48800,0.9880828,0.0001
quarter,1,48850,48850,0.9880985,0.0001
quarter,1,48900,48900,0.9881636,0.0001
quarter,1,48950,48950,0.9880359,0.0001
quarter,1,49000,49000,0.9884114,0.0001
quarter,1,49050,49050,0.9881497,0.0001
quarter,1,49100,49100,0.9880846,0.0001
quarter,1,49150,49150,0.9877778,0.0001
quarter,1,49200,49200,0.9880565,0.0001
quarter,1,49250,49250,0.9881334,0.0001
quarter,1,49300,49300,0.9883246,0.0001
quarter,1,49350,49350,0.9878435,0.0001
quarter,1,49400,49400,0.9881674,0.0001
quarter,1,49450,49450,0.9882373,0.0001
quarter,1,49500,49500,0.9877273,0.0001
quarter,1,49550,49550,0.9882091,0.0001
quarter,1,49600,49600,0.9881262,0.0001
quarter,1,49650,49650,0.9881455,0.0001
quarter,1,49700,49700,0.9881813,0.0001
quarter,1,49750,49750,0.9881077,0.0001
quarter,1,49800,49800,0.9879088,0.0001
quarter,1,49850,49850,0.9880744,0.0001
quarter,1,49900,49900,0.9882898,0.0001
quarter,1,49950,49950,0.9881841,0.0001
quarter,1,50000,50000,0.9883085,0.0001
quarter,1,50050,50050,0.9885843,0.0001
quarter,1,50100,50100,0.9878048,0.0001
quarter,1,50150,50150,0.9883636,0.0001
quarter,1,50200,50200,0.9880831,0.0001
quarter,1,50250,50250,0.9878724,0.0001
quarter,1,50300,50300,0.9879437,0.0001
quarter,1,50350,50350,0.9881881,0.0001
quarter,1,50400,50400,0.9882773,0.0001
quarter,1,50450,50450,0.9880845,0.0001
quarter,1,50500,50500,0.9879113,0.0001
quarter,1,50550,50550,0.9885149,0.0001
quarter,1,50600,50600,0.9882272,0.0001
quarter,1,50650,50650,0.9879527,0.0001
quarter,1,50700,50700,0.9880913,0.0001
quarter,1,50750,50750,0.9880925,0.0001
quarter,1,50800,50800,0.9881155,0.0001
quarter,1,50850,50850,0.9881922,0.0001
quarter,1,50900,50900,0.9881478,0.0001
quarter,1,50950,50950,0.9882364,0.0001
quarter,1,51000,51000,0.9880903,0.0001
quarter,1,51050,51050,0.9880672,0.0001
quarter,1,51100,51100,0.9877448,0.0001
quarter,1,51150,51150,0.9880492,0.0001
quarter,1,51200,51200,0.9879615,0.0001
quarter,1,51250,51250,0.9879948,0.0001
quarter,1,51300,51300,0.9881661,0.0001
quarter,1,51350,51350,0.9879507,0.0001
quarter,1,51400,51400,0.9880321,0.0001
quarter,1,51450,51450,0.9880509,0.0001
quarter,1,51500,51500,0.987941,0.0001
quarter,1,51550,51550,0.9879714,0.0001
quarter,1,51600,51600,0.9879754,0.0001
quarter,1,51650,51650,0.9881459,0.0001
quarter,1,51700,51700,0.9879001,0.0001
quarter,1,51750,51750,0.9879388,0.0001
quarter,1,51800,51800,0.9881235,0.0001
quarter,1,51850,51850,0.9880881,0.0001
quarter,1,51900,51900,0.9880038,0.0001
quarter,1,51950,51950,0.988098,0.0001
quarter,1,52000,52000,0.9877965,0.0001
quarter,1,52050,52050,0.9881261,0.0001
quarter,1,52100,52100,0.9880787,0.0001
quarter,1,52150,52150,0.9880062,0.0001
quarter,1,52200,52200,0.9879925,0.0001
quarter,1,52250,52250,0.9877972,0.0001
quarter,1,52300,52300,0.9879929,0.0001
quarter,1,52350,52350,0.9877197,0.0001
quarter,1,52400,52400,0.9881543,0.0001
quarter,1,52450,52450,0.9881028,0.0001
quarter,1,52500,52500,0.9878315,0.0001
quarter,1,52550,52550,0.9879882,0.0001
quarter,1,52600,52600,0.9877892,0.0001
quarter,1,52650,52650,0.9882886,0.0001
quarter,1,52700,52700,0.9882051,0.0001
quarter,1,52750,52750,0.9880767,0.0001
quarter,1,52800,52800,0.9881792,0.0001
quarter,1,52850,52850,0.9884506,0.0001
quarter,1,52900,52900,0.9879661,0.0001
quarter,1,52950,52950,0.9879085,0.0001
quarter,1,53000,53000,0.9883434,0.0001
quarter,1,53050,53050,0.9880624,0.0001
quarter,1,53100,53100,0.9880494,0.0001
quarter,1,53150,53150,0.9880202,0.0001
quarter,1,53200,53200,0.9881027,0.0001
quarter,1,53250,53250,0.9880739,0.0001
quarter,1,53300,53300,0.9881332,0.0001
quarter,1,53350,53350,0.9879841,0.0001
quarter,1,53400,53400,0.9882585,0.0001
quarter,1,53450,53450,0.9881193,0.0001
quarter,1,53500,53500,0.9880309,0.0001
quarter,1,53550,53550,0.987828,0.0001
quarter,1,53600,53600,0.9880407,0.0001
quarter,1,53650,53650,0.9877529,0.0001
quarter,1,53700,53700,0.987886,0.0001
quarter,1,53750,53750,0.988036,0.0001
quarter,1,53800,53800,0.9881042,0.0001
quarter,1,53850,53850,0.9880389,0.0001
quarter,1,53900,53900,0.987538,0.0001
quarter,1,53950,53950,0.9878875,0.0001
quarter,1,54000,54000,0.9878777,0.0001
quarter,1,54050,54050,0.9883208,0.0001
quarter,1,54100,54100,0.9879073,0.0001
quarter,1,54150,54150,0.9881402,0.0001
quarter,1,54200,54200,0.9878555,0.0001
quarter,1,54250,54250,0.9877545,0.0001
quarter,1,54300,54300,0.9881157,0.0001
quarter,1,54350,54350,0.9882024,0.0001
quarter,1,54400,54400,0.9880584,0.0001
quarter,1,54450,54450,0.9880518,0.0001
quarter,1,54500,54500,0.9880647,0.0001
quarter,1,54550,54550,0.9882681,0.0001
quarter,1,54600,54600,0.9878969,0.0001
quarter,1,54650,54650,0.9877185,0.0001
quarter,1,54700,54700,0.9882884,0.0001
quarter,1,54750,54750,0.9878166,0.0001
quarter,1,54800,54800,0.987917,0.0001
quarter,1,54850,54850,0.9882333,0.0001
quarter,1,54900,54900,0.9879392,0.0001
quarter,1,54950,54950,0.9884793,0.0001
quarter,1,55000,55000,0.9882119,0.0001
quarter,1,55050,55050,0.988201,0.0001
quarter,1,55100,55100,0.9880047,0.0001
quarter,1,55150,55150,0.9880505,0.0001
quarter,1,55200,55200,0.9880176,0.0001
quarter,1,55250,55250,0.9880263,0.0001
quarter,1,55300,55300,0.988376,0.0001
quarter,1,55350,55350,0.9880427,0.0001
quarter,1,55400,55400,0.9879448,0.0001
quarter,1,55450,55450,0.9878751,0.0001
quarter,1,55500,55500,0.9877803,0.0001
quarter,1,55550,55550,0.9883323,0.0001
quarter,1,55600,55600,0.9881525,0.0001
quarter,1,55650,55650,0.9878824,0.0001
quarter,1,55700,55700,0.9880968,0.0001
quarter,1,55750,55750,0.9875261,0.0001
quarter,1,55800,55800,0.9875445,0.0001
quarter,1,55850,55850,0.988226,0.0001
quarter,1,55900,55900,0.9885111,0.0001
quarter,1,55950,55950,0.9878073,0.0001
quarter,1,56000,56000,0.9882932,0.0001
quarter,1,56050,56050,0.987901,0.0001
quarter,1,56100,56100,0.9881144,0.0001
quarter,1,56150,56150,0.9880805,0.0001
quarter,1,56200,56200,0.987955,0.0001
quarter,1,56250,56250,0.9881456,0.0001
quarter,1,56300,56300,0.9883375,0.0001
quarter,1,56350,56350,0.9881576,0.0001
quarter,1,56400,56400,0.9879154,0.0001
quarter,1,56450,56450,0.9882078,0.0001
quarter,1,56500,56500,0.9879927,0.0001
quarter,1,56550,56550,0.9883982,0.0001
quarter,1,56600,56600,0.9881927,0.0001
quarter,1,56650,56650,0.9877835,0.0001
quarter,1,56700,56700,0.9882648,0.0001
quarter,1,56750,56750,0.9881632,0.0001
quarter,1,56800,56800,0.9880563,0.0001
quarter,1,56850,56850,0.9882818,0.0001
quarter,1,56900,56900,0.9878554,0.0001
quarter,1,56950,56950,0.9882056,0.0001
quarter,1,57000,57000,0.9880519,0.0001
quarter,1,57050,57050,0.988194,0.0001
quarter,1,57100,57100,0.9879873,0.0001
quarter,1,57150,57150,0.9879038,0.0001
quarter,1,57200,57200,0.9880794,0.0001
quarter,1,57250,57250,0.9880203,0.0001
quarter,1,57300,57300,0.9881653,0.0001
quarter,1,57350,57350,0.9876989,0.0001
quarter,1,57400,57400,0.98779,0.0001
quarter,1,57450,57450,0.9881263,0.0001
quarter,1,57500,57500,0.9882998,0.0001
quarter,1,57550,57550,0.9879115,0.0001
quarter,1,57600,57600,0.9883783,0.0001
quarter,1,57650,57650,0.9881017,0.0001
quarter,1,57700,57700,0.9879218,0.0001
quarter,1,57750,57750,0.9881427,0.0001
quarter,1,57800,57800,0.9883634,0.0001
quarter,1,57850,57850,0.9882528,0.0001
quarter,1,57900,57900,0.9879901,0.0001
quarter,1,57950,57950,0.9877351,0.0001
quarter,1,58000,58000,0.9882622,0.0001
quarter,1,58050,58050,0.9874543,0.0001
quarter,1,58100,58100,0.9882807,0.0001
quarter,1,58150,58150,0.9879228,0.0001
quarter,1,58200,58200,0.9879568,0.0001
quarter,1,58250,58250,0.9878374,0.0001
quarter,1,58300,58300,0.9882182,0.0001
quarter,1,58350,58350,0.9880087,0.0001
quarter,1,58400,58400,0.9879437,0.0001
quarter,1,58450,58450,0.988331,0.0001
quarter,1,58500,58500,0.9881318,0.0001
quarter,1,58550,58550,0.9880167,0.0001
quarter,1,58600,58600,0.9881723,0.0001
quarter,1,58650,58650,0.9878222,0.0001
quarter,1,58700,58700,0.9880713,0.0001
quarter,1,58750,58750,0.9878209,0.0001
quarter,1,58800,58800,0.9885319,0.0001
quarter,1,58850,58850,0.9875824,0.0001
quarter,1,58900,58900,0.9880438,0.0001
quarter,1,58950,58950,0.9880852,0.0001
quarter,1,59000,59000,0.9879107,0.0001
quarter,1,59050,59050,0.9878299,0.0001
quarter,1,59100,59100,0.9880701,0.0001
quarter,1,59150,59150,0.9880159,0.0001
quarter,1,59200,59200,0.9880088,0.0001
quarter,1,59250,59250,0.9881188,0.0001
quarter,1,59300,59300,0.9880993,0.0001
quarter,1,59350,59350,0.9877753,0.0001
quarter,1,59400,59400,0.9881282,0.0001
quarter,1,59450,59450,0.9881884,0.0001
quarter,1,59500,59500,0.9877871,0.0001
quarter,1,59550,59550,0.9878907,0.0001
quarter,1,59600,59600,0.988227,0.0001
quarter,1,59650,59650,0.9879773,0.0001
quarter,1,59700,59700,0.9879962,0.0001
quarter,1,59750,59750,0.987644,0.0001
quarter,1,59800,59800,0.9881889,0.0001
quarter,1,59850,59850,0.9881469,0.0001
quarter,1,59900,59900,0.9878769,0.0001
quarter,1,59950,59950,0.9881584,0.0001
quarter,1,60000,60000,0.987586,0.0001
quarter,1,60050,60050,0.9879329,0.0001
quarter,1,60100,60100,0.987863,0.0001
quarter,1,60150,60150,0.9880486,0.0001
quarter,1,60200,60200,0.9882805,0.0001
quarter,1,60250,60250,0.9882218,0.0001
quarter,1,60300,60300,0.9877949,0.0001
quarter,1,60350,60350,0.9880213,0.0001
quarter,1,60400,60400,0.9881123,0.0001
quarter,1,60450,60450,0.9880747,0.0001
quarter,1,60500,60500,0.9879761,0.0001
quarter,1,60550,60550,0.9880375,0.0001
quarter,1,60600,60600,0.9877827,0.0001
quarter,1,60650,60650,0.9881029,0.0001
quarter,1,60700,60700,0.9880216,0.0001
quarter,1,60750,60750,0.9877448,0.0001
quarter,1,60800,60800,0.9881228,0.0001
quarter,1,60850,60850,0.9881642,0.0001
quarter,1,60900,60900,0.9881942,0.0001
quarter,1,60950,60950,0.9877042,0.0001
quarter,1,61000,61000,0.988348,0.0001
quarter,1,61050,61050,0.9881825,0.0001
quarter,1,61100,61100,0.9882039,0.0001
quarter,1,61150,61150,0.9878266,0.0001
quarter,1,61200,61200,0.9879977,0.0001
quarter,1,61250,61250,0.9881636,0.0001
quarter,1,61300,61300,0.9876765,0.0001
quarter,1,61350,61350,0.9876062,0.0001
quarter,1,61400,61400,0.9877609,0.0001
quarter,1,61450,61450,0.9879997,0.0001
quarter,1,61500,61500,0.9881415,0.0001
quarter,1,61550,61550,0.9881228,0.0001
quarter,1,61600,61600,0.9875862,0.0001
quarter,1,61650,61650,0.9881576,0.0001
quarter,1,61700,61700,0.988097,0.0001
quarter,1,61750,61750,0.9880142,0.0001
quarter,1,61800,61800,0.9882194,0.0001
quarter,1,61850,61850,0.9879801,0.0001
quarter,1,61900,61900,0.9881096,0.0001
quarter,1,61950,61950,0.988269,0.0001
quarter,1,62000,62000,0.9880854,0.0001
quarter,1,62050,62050,0.9878315,0.0001
quarter,1,62100,62100,0.9877452,0.0001
quarter,1,62150,62150,0.9878974,0.0001
quarter,1,62200,62200,0.9875857,0.0001
quarter,1,62250,62250,0.9881298,0.0001
quarter,1,62300,62300,0.9877955,0.0001
quarter,1,62350,62350,0.9879182,0.0001
quarter,1,62400,62400,0.9880652,0.0001
quarter,1,62450,62450,0.9880511,0.0001
quarter,1,62500,62500,0.9881791,0.0001
quarter,1,62550,62550,0.9881238,0.0001
quarter,1,62600,62600,0.988048,0.0001
quarter,1,62650,62650,0.9880299,0.0001
quarter,1,62700,62700,0.9879985,0.0001
quarter,1,62750,62750,0.9877426,0.0001
quarter,1,62800,62800,0.9876812,0.0001
quarter,1,62850,62850,0.988405,0.0001
quarter,1,62900,62900,0.9879162,0.0001
quarter,1,62950,62950,0.9878387,0.0001
quarter,1,63000,63000,0.988156,0.0001
quarter,1,63050,63050,0.9880688,0.0001
quarter,1,63100,63100,0.9879689,0.0001
quarter,1,63150,63150,0.9882005,0.0001
quarter,1,63200,63200,0.9881117,0.0001
quarter,1,63250,63250,0.988286,0.0001
quarter,1,63300,63300,0.9880925,0.0001
quarter,1,63350,63350,0.9876464,0.0001
quarter,1,63400,63400,0.98805,0.0001
quarter,1,63450,63450,0.9882231,0.0001
quarter,1,63500,63500,0.9880342,0.0001
quarter,1,63550,63550,0.9881479,0.0001
quarter,1,63600,63600,0.9878492,0.0001
quarter,1,63650,63650,0.9879159,0.0001
quarter,1,63700,63700,0.9881451,0.0001
quarter,1,63750,63750,0.9878623,0.0001
quarter,1,63800,63800,0.988178,0.0001
quarter,1,63850,63850,0.988236,0.0001
quarter,1,63900,63900,0.9880146,0.0001
quarter,1,63950,63950,0.9877484,0.0001
quarter,1,64000,64000,0.9880877,0.0001
quarter,1,64050,64050,0.9884247,0.0001
quarter,1,64100,64100,0.9881219,0.0001
quarter,1,64150,64150,0.9878825,0.0001
quarter,1,64200,64200,0.9880018,0.0001
quarter,1,64250,64250,0.9877557,0.0001
quarter,1,64300,64300,0.9880736,0.0001
quarter,1,64350,64350,0.9883055,0.0001
quarter,1,64400,64400,0.9881784,0.0001
quarter,1,64450,64450,0.9880668,0.0001
quarter,1,64500,64500,0.9880409,0.0001
quarter,1,64550,64550,0.9879533,0.0001
quarter,1,64600,64600,0.9878497,0.0001
quarter,1,64650,64650,0.9881558,0.0001
quarter,1,64700,64700,0.9877205,0.0001
quarter,1,64750,64750,0.988114,0.0001
quarter,1,64800,64800,0.9879007,0.0001
quarter,1,64850,64850,0.9880878,0.0001
quarter,1,64900,64900,0.9880365,0.0001
quarter,1,64950,64950,0.9880227,0.0001
quarter,1,65000,65000,0.9877772,0.0001
quarter,1,65050,65050,0.9881103,0.0001
quarter,1,65100,65100,0.9879835,0.0001
quarter,1,65150,65150,0.9878132,0.0001
quarter,1,65200,65200,0.9880388,0.0001
quarter,1,65250,65250,0.9877104,0.0001
quarter,1,65300,65300,0.9878938,0.0001
quarter,1,65350,65350,0.9880546,0.0001
quarter,1,65400,65400,0.9880745,0.0001
quarter,1,65450,65450,0.9879691,0.0001
quarter,1,65500,65500,0.9878082,0.0001
quarter,1,65550,65550,0.987879,0.0001
quarter,1,65600,65600,0.9879415,0.0001
quarter,1,65650,65650,0.9877778,0.0001
quarter,1,65700,65700,0.9878979,0.0001
quarter,1,65750,65750,0.9881573,0.0001
quarter,1,65800,65800,0.9879933,0.0001
quarter,1,65850,65850,0.9879013,0.0001
quarter,1,65900,65900,0.987754,0.0001
quarter,1,65950,65950,0.9879647,0.0001
quarter,1,66000,66000,0.9883743,0.0001
quarter,1,66050,66050,0.9880273,0.0001
quarter,1,66100,66100,0.9877216,0.0001
quarter,1,66150,66150,0.9881204,0.0001
quarter,1,66200,66200,0.9878419,0.0001
quarter,1,66250,66250,0.9879818,0.0001
quarter,1,66300,66300,0.9879824,0.0001
quarter,1,66350,66350,0.9879806,0.0001
quarter,1,66400,66400,0.9880556,0.0001
quarter,1,66450,66450,0.9881837,0.0001
quarter,1,66500,66500,0.9879797,0.0001
quarter,1,66550,66550,0.9881002,0.0001
quarter,1,66600,66600,0.9878966,0.0001
quarter,1,66650,66650,0.9880263,0.0001
quarter,1,66700,66700,0.9877906,0.0001
quarter,1,66750,66750,0.9876328,0.0001
quarter,1,66800,66800,0.9880075,0.0001
quarter,1,66850,66850,0.9881369,0.0001
quarter,1,66900,66900,0.9881989,0.0001
quarter,1,66950,66950,0.9882575,0.0001
quarter,1,67000,67000,0.9881338,0.0001
quarter,1,67050,67050,0.9882922,0.0001
quarter,1,67100,67100,0.9880322,0.0001
quarter,1,67150,67150,0.9880753,0.0001
quarter,1,67200,67200,0.9878873,0.0001
quarter,1,67250,67250,0.9880486,0.0001
quarter,1,67300,67300,0.9880679,0.0001
quarter,1,67350,67350,0.9878662,0.0001
quarter,1,67400,67400,0.9882385,0.0001
quarter,1,67450,67450,0.9875244,0.0001
quarter,1,67500,67500,0.9881902,0.0001
quarter,1,67550,67550,0.9875771,0.0001
quarter,1,67600,67600,0.9881794,0.0001
quarter,1,67650,67650,0.9876291,0.0001
quarter,1,67700,67700,0.9882367,0.0001
quarter,1,67750,67750,0.9882857,0.0001
quarter,1,67800,67800,0.9878572,0.0001
quarter,1,67850,67850,0.9879124,0.0001
quarter,1,67900,67900,0.9875525,0.0001
quarter,1,67950,67950,0.9878364,0.0001
quarter,1,68000,68000,0.9883707,0.0001
quarter,1,68050,68050,0.9877957,0.0001
quarter,1,68100,68100,0.9881143,0.0001
quarter,1,68150,68150,0.9875001,0.0001
quarter,1,68200,68200,0.9882182,0.0001
quarter,1,68250,68250,0.9878544,0.0001
quarter,1,68300,68300,0.9878677,0.0001
quarter,1,68350,68350,0.9878876,0.0001
quarter,1,68400,68400,0.9879031,0.0001
quarter,1,68450,68450,0.9879854,0.0001
quarter,1,68500,68500,0.9880356,0.0001
quarter,1,68550,68550,0.9879456,0.0001
quarter,1,68600,68600,0.9876965,0.0001
quarter,1,68650,68650,0.9883862,0.0001
quarter,1,68700,68700,0.9877296,0.0001
quarter,1,68750,68750,0.987716,0.0001
quarter,1,68800,68800,0.9880601,0.0001
quarter,1,68850,68850,0.987907,0.0001
quarter,1,68900,68900,0.9881069,0.0001
quarter,1,68950,68950,0.9877789,0.0001
quarter,1,69000,69000,0.9882811,0.0001
quarter,1,69050,69050,0.9879531,0.0001
quarter,1,69100,69100,0.9879189,0.0001
quarter,1,69150,69150,0.9877516,0.0001
quarter,1,69200,69200,0.9878737,0.0001
quarter,1,69250,69250,0.9880683,0.0001
quarter,1,69300,69300,0.9878592,0.0001
quarter,1,69350,69350,0.9882848,0.0001
quarter,1,69400,69400,0.9880418,0.0001
quarter,1,69450,69450,0.9879004,0.0001
quarter,1,69500,69500,0.9881885,0.0001
quarter,1,69550,69550,0.9882399,0.0001
quarter,1,69600,69600,0.9878072,0.0001
quarter,1,69650,69650,0.9876658,0.0001
quarter,1,69700,69700,0.9879225,0.0001
quarter,1,69750,69750,0.9880314,0.0001
quarter,1,69800,69800,0.9879995,0.0001
quarter,1,69850,69850,0.9877708,0.0001
quarter,1,69900,69900,0.9877986,0.0001
quarter,1,69950,69950,0.9881275,0.0001
quarter,1,70000,70000,0.9877757,0.0001
quarter,1,70050,70050,0.9876115,0.0001
quarter,1,70100,70100,0.9880894,0.0001
quarter,1,70150,70150,0.9881529,0.0001
quarter,1,70200,70200,0.9879928,0.0001
quarter,1,70250,70250,0.9881072,0.0001
quarter,1,70300,70300,0.987695,0.0001
quarter,1,70350,70350,0.9880289,0.0001
quarter,1,70400,70400,0.9880235,0.0001
quarter,1,70450,70450,0.9878225,0.0001
quarter,1,70500,70500,0.987938,0.0001
quarter,1,70550,70550,0.9884732,0.0001
quarter,1,70600,70600,0.988041,0.0001
quarter,1,70650,70650,0.9877397,0.0001
quarter,1,70700,70700,0.9876561,0.0001
quarter,1,70750,70750,0.9880025,0.0001
quarter,1,70800,70800,0.9881382,0.0001
quarter,1,70850,70850,0.9879836,0.0001
quarter,1,70900,70900,0.9880767,0.0001
quarter,1,70950,70950,0.9882315,0.0001
quarter,1,71000,71000,0.9876355,0.0001
quarter,1,71050,71050,0.9880878,0.0001
quarter,1,71100,71100,0.9877595,0.0001
quarter,1,71150,71150,0.9879783,0.0001
quarter,1,71200,71200,0.9878076,0.0001
quarter,1,71250,71250,0.98808,0.0001
quarter,1,71300,71300,0.9879721,0.0001
quarter,1,71350,71350,0.9879236,0.0001
quarter,1,71400,71400,0.9881294,0.0001
quarter,1,71450,71450,0.9880383,0.0001
quarter,1,71500,71500,0.9881464,0.0001
quarter,1,71550,71550,0.988019,0.0001
quarter,1,71600,71600,0.9876165,0.0001
quarter,1,71650,71650,0.9879074,0.0001
quarter,1,71700,71700,0.9877427,0.0001
quarter,1,71750,71750,0.987895,0.0001
quarter,1,71800,71800,0.988211,0.0001
quarter,1,71850,71850,0.9880586,0.0001
quarter,1,71900,71900,0.9880375,0.0001
quarter,1,71950,71950,0.9878274,0.0001
quarter,1,72000,72000,0.9876666,0.0001
quarter,1,72050,72050,0.9877918,0.0001
quarter,1,72100,72100,0.9880691,0.0001
quarter,1,72150,72150,0.9880549,0.0001
quarter,1,72200,72200,0.9881029,0.0001
quarter,1,72250,72250,0.9878972,0.0001
quarter,1,72300,72300,0.987635,0.0001
quarter,1,72350,72350,0.9882438,0.0001
quarter,1,72400,72400,0.9882565,0.0001
quarter,1,72450,72450,0.9880268,0.0001
quarter,1,72500,72500,0.9878411,0.0001
quarter,1,72550,72550,0.9878704,0.0001
quarter,1,72600,72600,0.9879687,0.0001
quarter,1,72650,72650,0.9881589,0.0001
quarter,1,72700,72700,0.9877918,0.0001
quarter,1,72750,72750,0.9880126,0.0001
quarter,1,72800,72800,0.9878903,0.0001
quarter,1,72850,72850,0.9879811,0.0001
quarter,1,72900,72900,0.9879938,0.0001
quarter,1,72950,72950,0.9881928,0.0001
quarter,1,73000,73000,0.9878557,0.0001
quarter,1,73050,73050,0.9880082,0.0001
quarter,1,73100,73100,0.9879999,0.0001
quarter,1,73150,73150,0.9879082,0.0001
quarter,1,73200,73200,0.9874046,0.0001
quarter,1,73250,73250,0.9880626,0.0001
quarter,1,73300,73300,0.9876882,0.0001
quarter,1,73350,73350,0.9879753,0.0001
quarter,1,73400,73400,0.9879525,0.0001
quarter,1,73450,73450,0.9879591,0.0001
quarter,1,73500,73500,0.9881278,0.0001
quarter,1,73550,73550,0.9881606,0.0001
quarter,1,73600,73600,0.9878664,0.0001
quarter,1,73650,73650,0.9882476,0.0001
quarter,1,73700,73700,0.9877999,0.0001
quarter,1,73750,73750,0.9879969,0.0001
quarter,1,73800,73800,0.9878021,0.0001
quarter,1,73850,73850,0.9879998,0.0001
quarter,1,73900,73900,0.9876477,0.0001
quarter,1,73950,73950,0.9880394,0.0001
quarter,1,74000,74000,0.9881837,0.0001
quarter,1,74050,74050,0.9875194,0.0001
quarter,1,74100,74100,0.9876384,0.0001
quarter,1,74150,74150,0.9876827,0.0001
quarter,1,74200,74200,0.9878206,0.0001
quarter,1,74250,74250,0.9882666,0.0001
quarter,1,74300,74300,0.9878213,0.0001
quarter,1,74350,74350,0.987681,0.0001
quarter,1,74400,74400,0.9881671,0.0001
quarter,1,74450,74450,0.9873914,0.0001
quarter,1,74500,74500,0.9875821,0.0001
quarter,1,74550,74550,0.9876696,0.0001
quarter,1,74600,74600,0.9878088,0.0001
quarter,1,74650,74650,0.9880048,0.0001
quarter,1,74700,74700,0.9882764,0.0001
quarter,1,74750,74750,0.9879623,0.0001
quarter,1,74800,74800,0.9878182,0.0001
quarter,1,74850,74850,0.9878278,0.0001
quarter,1,74900,74900,0.9881818,0.0001
quarter,1,74950,74950,0.9877909,0.0001
quarter,1,75000,75000,0.9877905,0.0001
quarter,1,75050,75050,0.9875538,0.0001
quarter,1,75100,75100,0.9876676,0.0001
quarter,1,75150,75150,0.9879543,0.0001
quarter,1,75200,75200,0.9881961,0.0001
quarter,1,75250,75250,0.987865,0.0001
quarter,1,75300,75300,0.9875081,0.0001
quarter,1,75350,75350,0.9881841,0.0001
quarter,1,75400,75400,0.9876539,0.0001
quarter,1,75450,75450,0.987667,0.0001
quarter,1,75500,75500,0.9873606,0.0001
quarter,1,75550,75550,0.987977,0.0001
quarter,1,75600,75600,0.9880582,0.0001
quarter,1,75650,75650,0.9878296,0.0001
quarter,1,75700,75700,0.9882596,0.0001
quarter,1,75750,75750,0.987945,0.0001
quarter,1,75800,75800,0.9880947,0.0001
quarter,1,75850,75850,0.98826,0.0001
quarter,1,75900,75900,0.9880882,0.0001
quarter,1,75950,75950,0.9875906,0.0001
quarter,1,76000,76000,0.9878642,0.0001
quarter,1,76050,76050,0.9876413,0.0001
quarter,1,76100,76100,0.9883298,0.0001
quarter,1,76150,76150,0.9879076,0.0001
quarter,1,76200,76200,0.9877785,0.0001
quarter,1,76250,76250,0.9879704,0.0001
quarter,1,76300,76300,0.9880663,0.0001
quarter,1,76350,76350,0.9875985,0.0001
quarter,1,76400,76400,0.9877892,0.0001
quarter,1,76450,76450,0.9878516,0.0001
quarter,1,76500,76500,0.9877969,0.0001
quarter,1,76550,76550,0.9878671,0.0001
quarter,1,76600,76600,0.9878415,0.0001
quarter,1,76650,76650,0.9879127,0.0001
quarter,1,76700,76700,0.9881366,0.0001
quarter,1,76750,76750,0.9882648,0.0001
quarter,1,76800,76800,0.9881159,0.0001
quarter,1,76850,76850,0.9880606,0.0001
quarter,1,76900,76900,0.9879158,0.0001
quarter,1,76950,76950,0.9876955,0.0001
quarter,1,77000,77000,0.9876606,0.0001
quarter,1,77050,77050,0.9879241,0.0001
quarter,1,77100,77100,0.9880039,0.0001
quarter,1,77150,77150,0.9875543,0.0001
quarter,1,77200,77200,0.9874519,0.0001
quarter,1,77250,77250,0.9880431,0.0001
quarter,1,77300,77300,0.9879765,0.0001
quarter,1,77350,77350,0.9880826,0.0001
quarter,1,77400,77400,0.9877247,0.0001
quarter,1,77450,77450,0.9877496,0.0001
quarter,1,77500,77500,0.9876975,0.0001
quarter,1,77550,77550,0.9877231,0.0001
quarter,1,77600,77600,0.9881392,0.0001
quarter,1,77650,77650,0.9878322,0.0001
quarter,1,77700,77700,0.9876449,0.0001
quarter,1,77750,77750,0.9879082,0.0001
quarter,1,77800,77800,0.9880915,0.0001
quarter,1,77850,77850,0.9878833,0.0001
quarter,1,77900,77900,0.98817,0.0001
quarter,1,77950,77950,0.9874187,0.0001
quarter,1,78000,78000,0.9881676,0.0001
quarter,1,78050,78050,0.9878214,0.0001
quarter,1,78100,78100,0.9878671,0.0001
quarter,1,78150,78150,0.9879026,0.0001
quarter,1,78200,78200,0.9874377,0.0001
quarter,1,78250,78250,0.9881148,0.0001
quarter,1,78300,78300,0.9879225,0.0001
quarter,1,78350,78350,0.9878119,0.0001
quarter,1,78400,78400,0.9882516,0.0001
quarter,1,78450,78450,0.987911,0.0001
quarter,1,78500,78500,0.9879804,0.0001
quarter,1,78550,78550,0.9878399,0.0001
quarter,1,78600,78600,0.9880225,0.0001
quarter,1,78650,78650,0.987781,0.0001
quarter,1,78700,78700,0.9878691,0.0001
quarter,1,78750,78750,0.9879327,0.0001
quarter,1,78800,78800,0.9878389,0.0001
quarter,1,78850,78850,0.987887,0.0001
quarter,1,78900,78900,0.9879516,0.0001
quarter,1,78950,78950,0.9879695,0.0001
quarter,1,79000,79000,0.988074,0.0001
quarter,1,79050,79050,0.9879666,0.0001
quarter,1,79100,79100,0.98768,0.0001
quarter,1,79150,79150,0.9880483,0.0001
quarter,1,79200,79200,0.9880772,0.0001
quarter,1,79250,79250,0.9878898,0.0001
quarter,1,79300,79300,0.9878254,0.0001
quarter,1,79350,79350,0.9881459,0.0001
quarter,1,79400,79400,0.9878858,0.0001
quarter,1,79450,79450,0.9877242,0.0001
quarter,1,79500,79500,0.988125,0.0001
quarter,1,79550,79550,0.9877108,0.0001
quarter,1,79600,79600,0.9877484,0.0001
quarter,1,79650,79650,0.9876364,0.0001
quarter,1,79700,79700,0.9879187,0.0001
quarter,1,79750,79750,0.9875958,0.0001
quarter,1,79800,79800,0.9879802,0.0001
quarter,1,79850,79850,0.9879792,0.0001
quarter,1,79900,79900,0.9880427,0.0001
quarter,1,79950,79950,0.9881802,0.0001
quarter,1,80000,80000,0.9879216,0.0001
quarter,1,80050,80050,0.9876727,0.0001
quarter,1,80100,80100,0.9877552,0.0001
quarter,1,80150,80150,0.9877146,0.0001
quarter,1,80200,80200,0.9873968,0.0001
quarter,1,80250,80250,0.987704,0.0001
quarter,1,80300,80300,0.9876876,0.0001
quarter,1,80350,80350,0.98779,0.0001
quarter,1,80400,80400,0.9876396,0.0001
quarter,1,80450,80450,0.9877102,0.0001
quarter,1,80500,80500,0.9879041,0.0001
quarter,1,80550,80550,0.9878619,0.0001
quarter,1,80600,80600,0.9879388,0.0001
quarter,1,80650,80650,0.9879555,0.0001
quarter,1,80700,80700,0.9878244,0.0001
quarter,1,80750,80750,0.987589,0.0001
quarter,1,80800,80800,0.9881063,0.0001
quarter,1,80850,80850,0.9875171,0.0001
quarter,1,80900,80900,0.9879646,0.0001
quarter,1,80950,80950,0.9879141,0.0001
quarter,1,81000,81000,0.9877638,0.0001
quarter,1,81050,81050,0.9882005,0.0001
quarter,1,81100,81100,0.9877434,0.0001
quarter,1,81150,81150,0.9879737,0.0001
quarter,1,81200,81200,0.9879152,0.0001
quarter,1,81250,81250,0.9878268,0.0001
quarter,1,81300,81300,0.9877934,0.0001
quarter,1,81350,81350,0.9878132,0.0001
quarter,1,81400,81400,0.9881219,0.0001
quarter,1,81450,81450,0.9879356,0.0001
quarter,1,81500,81500,0.9877464,0.0001
quarter,1,81550,81550,0.9877576,0.0001
quarter,1,81600,81600,0.987871,0.0001
quarter,1,81650,81650,0.9878762,0.0001
quarter,1,81700,81700,0.9877407,0.0001
quarter,1,81750,81750,0.987798,0.0001
quarter,1,81800,81800,0.9879682,0.0001
quarter,1,81850,81850,0.9877411,0.0001
quarter,1,81900,81900,0.9881117,0.0001
quarter,1,81950,81950,0.9881612,0.0001
quarter,1,82000,82000,0.9880023,0.0001
quarter,1,82050,82050,0.9879982,0.0001
quarter,1,82100,82100,0.9880726,0.0001
quarter,1,82150,82150,0.9878632,0.0001
quarter,1,82200,82200,0.9878669,0.0001
quarter,1,82250,82250,0.9879756,0.0001
quarter,1,82300,82300,0.987904,0.0001
quarter,1,82350,82350,0.9879198,0.0001
quarter,1,82400,82400,0.9878104,0.0001
quarter,1,82450,82450,0.9882614,0.0001
quarter,1,82500,82500,0.9877893,0.0001
quarter,1,82550,82550,0.9876394,0.0001
quarter,1,82600,82600,0.9878588,0.0001
quarter,1,82650,82650,0.9877349,0.0001
quarter,1,82700,82700,0.9878817,0.0001
quarter,1,82750,82750,0.9878879,0.0001
quarter,1,82800,82800,0.9880282,0.0001
quarter,1,82850,82850,0.9876096,0.0001
quarter,1,82900,82900,0.9879283,0.0001
quarter,1,82950,82950,0.9881656,0.0001
quarter,1,83000,83000,0.9879658,0.0001
quarter,1,83050,83050,0.9879148,0.0001
quarter,1,83100,83100,0.9878036,0.0001
quarter,1,83150,83150,0.9878828,0.0001
quarter,1,83200,83200,0.9875954,0.0001
quarter,1,83250,83250,0.988041,0.0001
quarter,1,83300,83300,0.987936,0.0001
quarter,1,83350,83350,0.9877277,0.0001
quarter,1,83400,83400,0.987789,0.0001
quarter,1,83450,83450,0.9876796,0.0001
quarter,1,83500,83500,0.988143,0.0001
quarter,1,83550,83550,0.9875035,0.0001
quarter,1,83600,83600,0.9876153,0.0001
quarter,1,83650,83650,0.9878706,0.0001
quarter,1,83700,83700,0.9876295,0.0001
quarter,1,83750,83750,0.9877762,0.0001
quarter,1,83800,83800,0.9882624,0.0001
quarter,1,83850,83850,0.9879151,0.0001
quarter,1,83900,83900,0.9877642,0.0001
quarter,1,83950,83950,0.9881405,0.0001
quarter,1,84000,84000,0.9877835,0.0001
quarter,1,84050,84050,0.9882509,0.0001
quarter,1,84100,84100,0.9875546,0.0001
quarter,1,84150,84150,0.9879661,0.0001
quarter,1,84200,84200,0.9874966,0.0001
quarter,1,84250,84250,0.9876835,0.0001
quarter,1,84300,84300,0.9877782,0.0001
quarter,1,84350,84350,0.9875726,0.0001
quarter,1,84400,84400,0.9877993,0.0001
quarter,1,84450,84450,0.9879913,0.0001
quarter,1,84500,84500,0.9878214,0.0001
quarter,1,84550,84550,0.9875553,0.0001
quarter,1,84600,84600,0.9882593,0.0001
quarter,1,84650,84650,0.987893,0.0001
quarter,1,84700,84700,0.9877923,0.0001
quarter,1,84750,84750,0.9879945,0.0001
quarter,1,84800,84800,0.9877231,0.0001
quarter,1,84850,84850,0.98786,0.0001
quarter,1,84900,84900,0.9878716,0.0001
quarter,1,84950,84950,0.9874881,0.0001
quarter,1,85000,85000,0.9877583,0.0001
quarter,1,85050,85050,0.9878343,0.0001
quarter,1,85100,85100,0.9881527,0.0001
quarter,1,85150,85150,0.9877684,0.0001
quarter,1,85200,85200,0.9876537,0.0001
quarter,1,85250,85250,0.9880653,0.0001
quarter,1,85300,85300,0.988213,0.0001
quarter,1,85350,85350,0.9879256,0.0001
quarter,1,85400,85400,0.9874254,0.0001
quarter,1,85450,85450,0.9878554,0.0001
quarter,1,85500,85500,0.9876179,0.0001
quarter,1,85550,85550,0.9880161,0.0001
quarter,1,85600,85600,0.9880994,0.0001
quarter,1,85650,85650,0.9878258,0.0001
quarter,1,85700,85700,0.9880864,0.0001
quarter,1,85750,85750,0.9879825,0.0001
quarter,1,85800,85800,0.9879861,0.0001
quarter,1,85850,85850,0.9878675,0.0001
quarter,1,85900,85900,0.9879895,0.0001
quarter,1,85950,85950,0.9877779,0.0001
quarter,1,86000,86000,0.9875712,0.0001
quarter,1,86050,86050,0.9879099,0.0001
quarter,1,86100,86100,0.9875367,0.0001
quarter,1,86150,86150,0.9877605,0.0001
quarter,1,86200,86200,0.9881642,0.0001
quarter,1,86250,86250,0.9878861,0.0001
quarter,1,86300,86300,0.987834,0.0001
quarter,1,86350,86350,0.9878916,0.0001
quarter,1,86400,86400,0.9879352,0.0001
quarter,1,86450,86450,0.9879284,0.0001
quarter,1,86500,86500,0.9880121,0.0001
quarter,1,86550,86550,0.9878142,0.0001
quarter,1,86600,86600,0.9874275,0.0001
quarter,1,86650,86650,0.9879077,0.0001
quarter,1,86700,86700,0.9877799,0.0001
quarter,1,86750,86750,0.987599,0.0001
quarter,1,86800,86800,0.9879255,0.0001
quarter,1,86850,86850,0.9874498,0.0001
quarter,1,86900,86900,0.9877004,0.0001
quarter,1,86950,86950,0.9875888,0.0001
quarter,1,87000,87000,0.9880741,0.0001
quarter,1,87050,87050,0.9879922,0.0001
quarter,1,87100,87100,0.9877682,0.0001
quarter,1,87150,87150,0.9877862,0.0001
quarter,1,87200,87200,0.9879827,0.0001
quarter,1,87250,87250,0.9878004,0.0001
quarter,1,87300,87300,0.9880192,0.0001
quarter,1,87350,87350,0.98791,0.0001
quarter,1,87400,87400,0.9876119,0.0001
quarter,1,87450,87450,0.9878824,0.0001
quarter,1,87500,87500,0.9880151,0.0001
quarter,1,87550,87550,0.9879051,0.0001
quarter,1,87600,87600,0.9880366,0.0001
quarter,1,87650,87650,0.9878078,0.0001
quarter,1,87700,87700,0.9879879,0.0001
quarter,1,87750,87750,0.9880539,0.0001
quarter,1,87800,87800,0.9876693,0.0001
quarter,1,87850,87850,0.9875991,0.0001
quarter,1,87900,87900,0.9877645,0.0001
quarter,1,87950,87950,0.9879555,0.0001
quarter,1,88000,88000,0.988043,0.0001
quarter,1,88050,88050,0.9878294,0.0001
quarter,1,88100,88100,0.9876398,0.0001
quarter,1,88150,88150,0.9878157,0.0001
quarter,1,88200,88200,0.9878407,0.0001
quarter,1,88250,88250,0.988025,0.0001
quarter,1,88300,88300,0.9882622,0.0001
quarter,1,88350,88350,0.9876015,0.0001
quarter,1,88400,88400,0.9875497,0.0001
quarter,1,88450,88450,0.9878472,0.0001
quarter,1,88500,88500,0.9880397,0.0001
quarter,1,88550,88550,0.9876552,0.0001
quarter,1,88600,88600,0.9877722,0.0001
quarter,1,88650,88650,0.9879233,0.0001
quarter,1,88700,88700,0.9882514,0.0001
quarter,1,88750,88750,0.9876335,0.0001
quarter,1,88800,88800,0.9875113,0.0001
quarter,1,88850,88850,0.9877257,0.0001
quarter,1,88900,88900,0.9876649,0.0001
quarter,1,88950,88950,0.9880599,0.0001
quarter,1,89000,89000,0.9877581,0.0001
quarter,1,89050,89050,0.9877853,0.0001
quarter,1,89100,89100,0.9877321,0.0001
quarter,1,89150,89150,0.9882361,0.0001
quarter,1,89200,89200,0.9876665,0.0001
quarter,1,89250,89250,0.9875863,0.0001
quarter,1,89300,89300,0.9878339,0.0001
quarter,1,89350,89350,0.9877193,0.0001
quarter,1,89400,89400,0.9879638,0.0001
quarter,1,89450,89450,0.9877374,0.0001
quarter,1,89500,89500,0.9877212,0.0001
quarter,1,89550,89550,0.9877088,0.0001
quarter,1,89600,89600,0.9877692,0.0001
quarter,1,89650,89650,0.9878674,0.0001
quarter,1,89700,89700,0.9878541,0.0001
quarter,1,89750,89750,0.9877142,0.0001
quarter,1,89800,89800,0.9877281,0.0001
quarter,1,89850,89850,0.9878079,0.0001
quarter,1,89900,89900,0.9879484,0.0001
quarter,1,89950,89950,0.9879329,0.0001
quarter,1,90000,90000,0.9876203,0.0001
quarter,1,90050,90050,0.9878776,0.0001
quarter,1,90100,90100,0.9880465,0.0001
quarter,1,90150,90150,0.9876572,0.0001
quarter,1,90200,90200,0.9875726,0.0001
quarter,1,90250,90250,0.9876516,0.0001
quarter,1,90300,90300,0.98778,0.0001
quarter,1,90350,90350,0.9879445,0.0001
quarter,1,90400,90400,0.9876099,0.0001
quarter,1,90450,90450,0.9880751,0.0001
quarter,1,90500,90500,0.9878377,0.0001
quarter,1,90550,90550,0.9877067,0.0001
quarter,1,90600,90600,0.9877307,0.0001
quarter,1,90650,90650,0.9875988,0.0001
quarter,1,90700,90700,0.9880464,0.0001
quarter,1,90750,90750,0.98758,0.0001
quarter,1,90800,90800,0.9878634,0.0001
quarter,1,90850,90850,0.9878976,0.0001
quarter,1,90900,90900,0.9880072,0.0001
quarter,1,90950,90950,0.9878388,0.0001
quarter,1,91000,91000,0.9880455,0.0001
quarter,1,91050,91050,0.9877671,0.0001
quarter,1,91100,91100,0.9878651,0.0001
quarter,1,91150,91150,0.9878662,0.0001
quarter,1,91200,91200,0.987708,0.0001
quarter,1,91250,91250,0.9877241,0.0001
quarter,1,91300,91300,0.9875418,0.0001
quarter,1,91350,91350,0.9878865,0.0001
quarter,1,91400,91400,0.9875532,0.0001
quarter,1,91450,91450,0.9878275,0.0001
quarter,1,91500,91500,0.9881115,0.0001
quarter,1,91550,91550,0.9877029,0.0001
quarter,1,91600,91600,0.9876329,0.0001
quarter,1,91650,91650,0.9877328,0.0001
quarter,1,91700,91700,0.9878816,0.0001
quarter,1,91750,91750,0.9878429,0.0001
quarter,1,91800,91800,0.9879532,0.0001
quarter,1,91850,91850,0.9876243,0.0001
quarter,1,91900,91900,0.9878944,0.0001
quarter,1,91950,91950,0.987658,0.0001
quarter,1,92000,92000,0.9878231,0.0001
quarter,1,92050,92050,0.9879394,0.0001
quarter,1,92100,92100,0.9874604,0.0001
quarter,1,92150,92150,0.9875239,0.0001
quarter,1,92200,92200,0.9878543,0.0001
quarter,1,92250,92250,0.9880015,0.0001
quarter,1,92300,92300,0.9880158,0.0001
quarter,1,92350,92350,0.9875532,0.0001
quarter,1,92400,92400,0.9876655,0.0001
quarter,1,92450,92450,0.9876661,0.0001
quarter,1,92500,92500,0.9878705,0.0001
quarter,1,92550,92550,0.9877183,0.0001
quarter,1,92600,92600,0.9878618,0.0001
quarter,1,92650,92650,0.9876628,0.0001
quarter,1,92700,92700,0.9879537,0.0001
quarter,1,92750,92750,0.9876352,0.0001
quarter,1,92800,92800,0.9878208,0.0001
quarter,1,92850,92850,0.9876752,0.0001
quarter,1,92900,92900,0.9876105,0.0001
quarter,1,92950,92950,0.987978,0.0001
quarter,1,93000,93000,0.9876126,0.0001
quarter,1,93050,93050,0.9877396,0.0001
quarter,1,93100,93100,0.9878675,0.0001
quarter,1,93150,93150,0.9877458,0.0001
quarter,1,93200,93200,0.9880431,0.0001
quarter,1,93250,93250,0.9876136,0.0001
quarter,1,93300,93300,0.9876704,0.0001
quarter,1,93350,93350,0.9881135,0.0001
quarter,1,93400,93400,0.9877469,0.0001
quarter,1,93450,93450,0.9877836,0.0001
quarter,1,93500,93500,0.9878274,0.0001
quarter,1,93550,93550,0.988021,0.0001
quarter,1,93600,93600,0.9881416,0.0001
quarter,1,93650,93650,0.9879672,0.0001
quarter,1,93700,93700,0.9879966,0.0001
quarter,1,93750,93750,0.987556,0.0001
quarter,1,93800,93800,0.9878061,0.0001
quarter,1,93850,93850,0.9882379,0.0001
quarter,1,93900,93900,0.9878286,0.0001
quarter,1,93950,93950,0.9882934,0.0001
quarter,1,94000,94000,0.9876903,0.0001
quarter,1,94050,94050,0.9877756,0.0001
quarter,1,94100,94100,0.9877906,0.0001
quarter,1,94150,94150,0.987822,0.0001
quarter,1,94200,94200,0.9877484,0.0001
quarter,1,94250,94250,0.9874345,0.0001
quarter,1,94300,94300,0.9878194,0.0001
quarter,1,94350,94350,0.9876778,0.0001
quarter,1,94400,94400,0.9875678,0.0001
quarter,1,94450,94450,0.9880533,0.0001
quarter,1,94500,94500,0.9876766,0.0001
quarter,1,94550,94550,0.9880292,0.0001
quarter,1,94600,94600,0.987316,0.0001
quarter,1,94650,94650,0.9876736,0.0001
quarter,1,94700,94700,0.9879206,0.0001
quarter,1,94750,94750,0.9878489,0.0001
quarter,1,94800,94800,0.9877266,0.0001
quarter,1,94850,94850,0.9879615,0.0001
quarter,1,94900,94900,0.987708,0.0001
quarter,1,94950,94950,0.9874292,0.0001
quarter,1,95000,95000,0.988116,0.0001
quarter,1,95050,95050,0.9879052,0.0001
quarter,1,95100,95100,0.9882243,0.0001
quarter,1,95150,95150,0.9879329,0.0001
quarter,1,95200,95200,0.9879711,0.0001
quarter,1,95250,95250,0.9875671,0.0001
quarter,1,95300,95300,0.9882244,0.0001
quarter,1,95350,95350,0.9875941,0.0001
quarter,1,95400,95400,0.9878882,0.0001
quarter,1,95450,95450,0.9876824,0.0001
quarter,1,95500,95500,0.987969,0.0001
quarter,1,95550,95550,0.987742,0.0001
quarter,1,95600,95600,0.9880711,0.0001
quarter,1,95650,95650,0.9874739,0.0001
quarter,1,95700,95700,0.9879904,0.0001
quarter,1,95750,95750,0.9878842,0.0001
quarter,1,95800,95800,0.9877674,0.0001
quarter,1,95850,95850,0.9878446,0.0001
quarter,1,95900,95900,0.9873527,0.0001
quarter,1,95950,95950,0.987981,0.0001
quarter,1,96000,96000,0.9879454,0.0001
quarter,1,96050,96050,0.9875326,0.0001
quarter,1,96100,96100,0.9880584,0.0001
quarter,1,96150,96150,0.9876989,0.0001
quarter,1,96200,96200,0.9876715,0.0001
quarter,1,96250,96250,0.9877391,0.0001
quarter,1,96300,96300,0.9879154,0.0001
quarter,1,96350,96350,0.9876356,0.0001
quarter,1,96400,96400,0.9875876,0.0001
quarter,1,96450,96450,0.9881148,0.0001
quarter,1,96500,96500,0.9879058,0.0001
quarter,1,96550,96550,0.9875677,0.0001
quarter,1,96600,96600,0.9876352,0.0001
quarter,1,96650,96650,0.9879928,0.0001
quarter,1,96700,96700,0.987845,0.0001
quarter,1,96750,96750,0.9878451,0.0001
quarter,1,96800,96800,0.9879588,0.0001
quarter,1,96850,96850,0.9879393,0.0001
quarter,1,96900,96900,0.9875449,0.0001
quarter,1,96950,96950,0.9877486,0.0001
quarter,1,97000,97000,0.9881168,0.0001
quarter,1,97050,97050,0.9877103,0.0001
quarter,1,97100,97100,0.9880944,0.0001
quarter,1,97150,97150,0.9878705,0.0001
quarter,1,97200,97200,0.9880041,0.0001
quarter,1,97250,97250,0.9879978,0.0001
quarter,1,97300,97300,0.9879429,0.0001
quarter,1,97350,97350,0.9878355,0.0001
quarter,1,97400,97400,0.988032,0.0001
quarter,1,97450,97450,0.9879971,0.0001
quarter,1,97500,97500,0.9875862,0.0001
quarter,1,97550,97550,0.9877532,0.0001
quarter,1,97600,97600,0.9876443,0.0001
quarter,1,97650,97650,0.9876487,0.0001
quarter,1,97700,97700,0.9881136,0.0001
quarter,1,97750,97750,0.9881634,0.0001
quarter,1,97800,97800,0.9879521,0.0001
quarter,1,97850,97850,0.9878204,0.0001
quarter,1,97900,97900,0.9875931,0.0001
quarter,1,97950,97950,0.9875754,0.0001
quarter,1,98000,98000,0.9875057,0.0001
quarter,1,98050,98050,0.9878296,0.0001
quarter,1,98100,98100,0.988108,0.0001
quarter,1,98150,98150,0.9877574,0.0001
quarter,1,98200,98200,0.9879538,0.0001
quarter,1,98250,98250,0.9874701,0.0001
quarter,1,98300,98300,0.9878541,0.0001
quarter,1,98350,98350,0.9876739,0.0001
quarter,1,98400,98400,0.9877295,0.0001
quarter,1,98450,98450,0.9876965,0.0001
quarter,1,98500,98500,0.9879197,0.0001
quarter,1,98550,98550,0.9880865,0.0001
quarter,1,98600,98600,0.9874939,0.0001
quarter,1,98650,98650,0.9881631,0.0001
quarter,1,98700,98700,0.9877092,0.0001
quarter,1,98750,98750,0.9879478,0.0001
quarter,1,98800,98800,0.9882001,0.0001
quarter,1,98850,98850,0.9875271,0.0001
quarter,1,98900,98900,0.9876908,0.0001
quarter,1,98950,98950,0.9878358,0.0001
quarter,1,99000,99000,0.9878289,0.0001
quarter,1,99050,99050,0.9882333,0.0001
quarter,1,99100,99100,0.9878393,0.0001
quarter,1,99150,99150,0.9877849,0.0001
quarter,1,99200,99200,0.9875152,0.0001
quarter,1,99250,99250,0.9873737,0.0001
quarter,1,99300,99300,0.9876568,0.0001
quarter,1,99350,99350,0.9876775,0.0001
quarter,1,99400,99400,0.9876688,0.0001
quarter,1,99450,99450,0.9877146,0.0001
quarter,1,99500,99500,0.9881231,0.0001
quarter,1,99550,99550,0.9877486,0.0001
quarter,1,99600,99600,0.9878938,0.0001
quarter,1,99650,99650,0.9877741,0.0001
quarter,1,99700,99700,0.987709,0.0001
quarter,1,99750,99750,0.9874902,0.0001
quarter,1,99800,99800,0.9876882,0.0001
quarter,1,99850,99850,0.9876173,0.0001
quarter,1,99900,99900,0.9875957,0.0001
quarter,1,99950,99950,0.9883195,0.0001
quarter,2,100000,0,0.9934405,1e-07
quarter,2,100050,50,0.9932023,5.1e-06
quarter,2,100100,100,0.9909663,1.01e-05
quarter,2,100150,150,0.9893083,1.51e-05
quarter,2,100200,200,0.9885876,2.01e-05
quarter,2,100250,250,0.9880075,2.51e-05
quarter,2,100300,300,0.987684,3.01e-05
quarter,2,100350,350,0.9874184,3.51e-05
quarter,2,100400,400,0.9872421,4.01e-05
quarter,2,100450,450,0.9877788,4.51e-05
quarter,2,100500,500,0.9871549,5e-05
quarter,2,100550,550,0.9874822,5.5e-05
quarter,2,100600,600,0.9871851,6e-05
quarter,2,100650,650,0.9873495,6.5e-05
quarter,2,100700,700,0.9871157,7e-05
quarter,2,100750,750,0.9872909,7.5e-05
quarter,2,100800,800,0.9873471,8e-05
quarter,2,100850,850,0.987053,8.5e-05
quarter,2,100900,900,0.9876308,9e-05
quarter,2,100950,950,0.9871926,9.5e-05
quarter,2,101000,1000,0.9871293,0.0001
quarter,2,101050,1050,0.9868892,0.0001
quarter,2,101100,1100,0.9870917,0.0001
quarter,2,101150,1150,0.9870916,0.0001
quarter,2,101200,1200,0.9867538,0.0001
quarter,2,101250,1250,0.9873496,0.0001
quarter,2,101300,1300,0.9873298,0.0001
quarter,2,101350,1350,0.9876615,0.0001
quarter,2,101400,1400,0.9871996,0.0001
quarter,2,101450,1450,0.9875093,0.0001
quarter,2,101500,1500,0.9873098,0.0001
quarter,2,101550,1550,0.9875454,0.0001
quarter,2,101600,1600,0.9869434,0.0001
quarter,2,101650,1650,0.9877052,0.0001
quarter,2,101700,1700,0.9870943,0.0001
quarter,2,101750,1750,0.9875187,0.0001
quarter,2,101800,1800,0.9874296,0.0001
quarter,2,101850,1850,0.9874884,0.0001
quarter,2,101900,1900,0.9873911,0.0001
quarter,2,101950,1950,0.9871135,0.0001
quarter,2,102000,2000,0.9874263,0.0001
quarter,2,102050,2050,0.9869539,0.0001
quarter,2,102100,2100,0.9869881,0.0001
quarter,2,102150,2150,0.9872962,0.0001
quarter,2,102200,2200,0.9875392,0.0001
quarter,2,102250,2250,0.9873935,0.0001
quarter,2,102300,2300,0.9873088,0.0001
quarter,2,102350,2350,0.987473,0.0001
quarter,2,102400,2400,0.987341,0.0001
quarter,2,102450,2450,0.9867728,0.0001
quarter,2,102500,2500,0.9875465,0.0001
quarter,2,102550,2550,0.9873219,0.0001
quarter,2,102600,2600,0.9872664,0.0001
quarter,2,102650,2650,0.987399,0.0001
quarter,2,102700,2700,0.9868869,0.0001
quarter,2,102750,2750,0.9872209,0.0001
quarter,2,102800,2800,0.9874358,0.0001
quarter,2,102850,2850,0.9871942,0.0001
quarter,2,102900,2900,0.9870895,0.0001
quarter,2,102950,2950,0.9868413,0.0001
quarter,2,103000,3000,0.987472,0.0001
quarter,2,103050,3050,0.98709,0.0001
quarter,2,103100,3100,0.9867674,0.0001
quarter,2,103150,3150,0.9871448,0.0001
quarter,2,103200,3200,0.9872991,0.0001
quarter,2,103250,3250,0.9873538,0.0001
quarter,2,103300,3300,0.9873754,0.0001
quarter,2,103350,3350,0.9874955,0.0001
quarter,2,103400,3400,0.9869424,0.0001
quarter,2,103450,3450,0.9870183,0.0001
quarter,2,103500,3500,0.9871953,0.0001
quarter,2,103550,3550,0.9872426,0.0001
quarter,2,103600,3600,0.9870653,0.0001
quarter,2,103650,3650,0.987211,0.0001
quarter,2,103700,3700,0.9874055,0.0001
quarter,2,103750,3750,0.9869947,0.0001
quarter,2,103800,3800,0.9872042,0.0001
quarter,2,103850,3850,0.9871225,0.0001
quarter,2,103900,3900,0.9873105,0.0001
quarter,2,103950,3950,0.9874115,0.0001
quarter,2,104000,4000,0.9871681,0.0001
quarter,2,104050,4050,0.9871904,0.0001
quarter,2,104100,4100,0.9871064,0.0001
quarter,2,104150,4150,0.9872829,0.0001
quarter,2,104200,4200,0.9872465,0.0001
quarter,2,104250,4250,0.9870216,0.0001
quarter,2,104300,4300,0.9866492,0.0001
quarter,2,104350,4350,0.987168,0.0001
quarter,2,104400,4400,0.9873127,0.0001
quarter,2,104450,4450,0.9870163,0.0001
quarter,2,104500,4500,0.9871786,0.0001
quarter,2,104550,4550,0.9871873,0.0001
quarter,2,104600,4600,0.9872647,0.0001
quarter,2,104650,4650,0.9874905,0.0001
quarter,2,104700,4700,0.9874698,0.0001
quarter,2,104750,4750,0.9868788,0.0001
quarter,2,104800,4800,0.986941,0.0001
quarter,2,104850,4850,0.9869734,0.0001
quarter,2,104900,4900,0.9872619,0.0001
quarter,2,104950,4950,0.987271,0.0001
quarter,2,105000,5000,0.9865451,0.0001
quarter,2,105050,5050,0.9875028,0.0001
quarter,2,105100,5100,0.9871383,0.0001
quarter,2,105150,5150,0.9871015,0.0001
quarter,2,105200,5200,0.9871039,0.0001
quarter,2,105250,5250,0.9867235,0.0001
quarter,2,105300,5300,0.9872007,0.0001
quarter,2,105350,5350,0.9872634,0.0001
quarter,2,105400,5400,0.9870413,0.0001
quarter,2,105450,5450,0.9872668,0.0001
quarter,2,105500,5500,0.9872563,0.0001
quarter,2,105550,5550,0.9871939,0.0001
quarter,2,105600,5600,0.9871791,0.0001
quarter,2,105650,5650,0.9871103,0.0001
quarter,2,105700,5700,0.9871603,0.0001
quarter,2,105750,5750,0.9872818,0.0001
quarter,2,105800,5800,0.9873857,0.0001
quarter,2,105850,5850,0.9871508,0.0001
quarter,2,105900,5900,0.987236,0.0001
quarter,2,105950,5950,0.987179,0.0001
quarter,2,106000,6000,0.9870402,0.0001
quarter,2,106050,6050,0.9870606,0.0001
quarter,2,106100,6100,0.9871958,0.0001
quarter,2,106150,6150,0.9868931,0.0001
quarter,2,106200,6200,0.9872487,0.0001
quarter,2,106250,6250,0.9872186,0.0001
quarter,2,106300,6300,0.9870956,0.0001
quarter,2,106350,6350,0.9871913,0.0001
quarter,2,106400,6400,0.9872221,0.0001
quarter,2,106450,6450,0.9869426,0.0001
quarter,2,106500,6500,0.9871001,0.0001
quarter,2,106550,6550,0.9873642,0.0001
quarter,2,106600,6600,0.9872668,0.0001
quarter,2,106650,6650,0.9875152,0.0001
quarter,2,106700,6700,0.9872397,0.0001
quarter,2,106750,6750,0.9872994,0.0001
quarter,2,106800,6800,0.9870915,0.0001
quarter,2,106850,6850,0.986814,0.0001
quarter,2,106900,6900,0.9874303,0.0001
quarter,2,106950,6950,0.9867811,0.0001
quarter,2,107000,7000,0.9869943,0.0001
quarter,2,107050,7050,0.986845,0.0001
quarter,2,107100,7100,0.9871126,0.0001
quarter,2,107150,7150,0.987283,0.0001
quarter,2,107200,7200,0.9870753,0.0001
quarter,2,107250,7250,0.987482,0.0001
quarter,2,107300,7300,0.9873109,0.0001
quarter,2,107350,7350,0.9870436,0.0001
quarter,2,107400,7400,0.9864448,0.0001
quarter,2,107450,7450,0.987038,0.0001
quarter,2,107500,7500,0.9867951,0.0001
quarter,2,107550,7550,0.9872128,0.0001
quarter,2,107600,7600,0.9869623,0.0001
quarter,2,107650,7650,0.9871051,0.0001
quarter,2,107700,7700,0.9872694,0.0001
quarter,2,107750,7750,0.9867427,0.0001
quarter,2,107800,7800,0.9869065,0.0001
quarter,2,107850,7850,0.9873524,0.0001
quarter,2,107900,7900,0.9873874,0.0001
quarter,2,107950,7950,0.98728,0.0001
quarter,2,108000,8000,0.986856,0.0001
quarter,2,108050,8050,0.9871445,0.0001
quarter,2,108100,8100,0.9872639,0.0001
quarter,2,108150,8150,0.9869535,0.0001
quarter,2,108200,8200,0.9870911,0.0001
quarter,2,108250,8250,0.9871035,0.0001
quarter,2,108300,8300,0.9871209,0.0001
quarter,2,108350,8350,0.9872829,0.0001
quarter,2,108400,8400,0.9868037,0.0001
quarter,2,108450,8450,0.98721,0.0001
quarter,2,108500,8500,0.9872179,0.0001
quarter,2,108550,8550,0.9868751,0.0001
quarter,2,108600,8600,0.9874094,0.0001
quarter,2,108650,8650,0.9872215,0.0001
quarter,2,108700,8700,0.9870889,0.0001
quarter,2,108750,8750,0.9872382,0.0001
quarter,2,108800,8800,0.9875043,0.0001
quarter,2,108850,8850,0.9871082,0.0001
quarter,2,108900,8900,0.986832,0.0001
quarter,2,108950,8950,0.9872461,0.0001
quarter,2,109000,9000,0.9868354,0.0001
quarter,2,109050,9050,0.9867041,0.0001
quarter,2,109100,9100,0.9875295,0.0001
quarter,2,109150,9150,0.9871873,0.0001
quarter,2,109200,9200,0.9873927,0.0001
quarter,2,109250,9250,0.9871366,0.0001
quarter,2,109300,9300,0.9867528,0.0001
quarter,2,109350,9350,0.9867934,0.0001
quarter,2,109400,9400,0.9867288,0.0001
quarter,2,109450,9450,0.9871077,0.0001
quarter,2,109500,9500,0.9871701,0.0001
quarter,2,109550,9550,0.9874334,0.0001
quarter,2,109600,9600,0.9871733,0.0001
quarter,2,109650,9650,0.9872411,0.0001
quarter,2,109700,9700,0.9875546,0.0001
quarter,2,109750,9750,0.9871174,0.0001
quarter,2,109800,9800,0.987056,0.0001
quarter,2,109850,9850,0.9869024,0.0001
quarter,2,109900,9900,0.9870105,0.0001
quarter,2,109950,9950,0.9872255,0.0001
quarter,2,110000,10000,0.9876734,0.0001
quarter,2,110050,10050,0.9873552,0.0001
quarter,2,110100,10100,0.9868709,0.0001
quarter,2,110150,10150,0.9871434,0.0001
quarter,2,110200,10200,0.9870784,0.0001
quarter,2,110250,10250,0.9873026,0.0001
quarter,2,110300,10300,0.9870949,0.0001
quarter,2,110350,10350,0.98731,0.0001
quarter,2,110400,10400,0.9871666,0.0001
quarter,2,110450,10450,0.9873052,0.0001
quarter,2,110500,10500,0.9869446,0.0001
quarter,2,110550,10550,0.9870386,0.0001
quarter,2,110600,10600,0.9870996,0.0001
quarter,2,110650,10650,0.9871481,0.0001
quarter,2,110700,10700,0.9869857,0.0001
quarter,2,110750,10750,0.9874533,0.0001
quarter,2,110800,10800,0.986748,0.0001
quarter,2,110850,10850,0.9872532,0.0001
quarter,2,110900,10900,0.987419,0.0001
quarter,2,110950,10950,0.9869113,0.0001
quarter,2,111000,11000,0.9868562,0.0001
quarter,2,111050,11050,0.9872614,0.0001
quarter,2,111100,11100,0.9870407,0.0001
quarter,2,111150,11150,0.9869791,0.0001
quarter,2,111200,11200,0.9873762,0.0001
quarter,2,111250,11250,0.9870334,0.0001
quarter,2,111300,11300,0.9868822,0.0001
quarter,2,111350,11350,0.9869072,0.0001
quarter,2,111400,11400,0.9869133,0.0001
quarter,2,111450,11450,0.9870693,0.0001
quarter,2,111500,11500,0.9868451,0.0001
quarter,2,111550,11550,0.9865779,0.0001
quarter,2,111600,11600,0.9871206,0.0001
quarter,2,111650,11650,0.9871709,0.0001
quarter,2,111700,11700,0.9871069,0.0001
quarter,2,111750,11750,0.9872999,0.0001
quarter,2,111800,11800,0.987408,0.0001
quarter,2,111850,11850,0.9871256,0.0001
quarter,2,111900,11900,0.9871026,0.0001
quarter,2,111950,11950,0.987197,0.0001
quarter,2,112000,12000,0.987231,0.0001
quarter,2,112050,12050,0.9870536,0.0001
quarter,2,112100,12100,0.9870184,0.0001
quarter,2,112150,12150,0.9869937,0.0001
quarter,2,112200,12200,0.9868642,0.0001
quarter,2,112250,12250,0.9870756,0.0001
quarter,2,112300,12300,0.9871722,0.0001
quarter,2,112350,12350,0.9871268,0.0001
quarter,2,112400,12400,0.9869778,0.0001
quarter,2,112450,12450,0.9869061,0.0001
quarter,2,112500,12500,0.9868879,0.0001
quarter,2,112550,12550,0.9870852,0.0001
quarter,2,112600,12600,0.9874159,0.0001
quarter,2,112650,12650,0.9874873,0.0001
quarter,2,112700,12700,0.9872257,0.0001
quarter,2,112750,12750,0.9872086,0.0001
quarter,2,112800,12800,0.9873784,0.0001
quarter,2,112850,12850,0.9873345,0.0001
quarter,2,112900,12900,0.9872445,0.0001
quarter,2,112950,12950,0.9874252,0.0001
quarter,2,113000,13000,0.9871527,0.0001
quarter,2,113050,13050,0.9874371,0.0001
quarter,2,113100,13100,0.9874036,0.0001
quarter,2,113150,13150,0.9871408,0.0001
quarter,2,113200,13200,0.9869558,0.0001
quarter,2,113250,13250,0.9874244,0.0001
quarter,2,113300,13300,0.9870675,0.0001
quarter,2,113350,13350,0.9873813,0.0001
quarter,2,113400,13400,0.9866825,0.0001
quarter,2,113450,13450,0.9873288,0.0001
quarter,2,113500,13500,0.9875099,0.0001
quarter,2,113550,13550,0.9874339,0.0001
quarter,2,113600,13600,0.9872419,0.0001
quarter,2,113650,13650,0.9872532,0.0001
quarter,2,113700,13700,0.9871976,0.0001
quarter,2,113750,13750,0.987094,0.0001
quarter,2,113800,13800,0.987136,0.0001
quarter,2,113850,13850,0.9875156,0.0001
quarter,2,113900,13900,0.9869732,0.0001
quarter,2,113950,13950,0.9869966,0.0001
quarter,2,114000,14000,0.9868592,0.0001
quarter,2,114050,14050,0.9872475,0.0001
quarter,2,114100,14100,0.9871446,0.0001
quarter,2,114150,14150,0.9869282,0.0001
quarter,2,114200,14200,0.9871317,0.0001
quarter,2,114250,14250,0.9867955,0.0001
quarter,2,114300,14300,0.9867641,0.0001
quarter,2,114350,14350,0.9871525,0.0001
quarter,2,114400,14400,0.9871344,0.0001
quarter,2,114450,14450,0.9870178,0.0001
quarter,2,114500,14500,0.9871025,0.0001
quarter,2,114550,14550,0.9871742,0.0001
quarter,2,114600,14600,0.9866702,0.0001
quarter,2,114650,14650,0.9867736,0.0001
quarter,2,114700,14700,0.9877886,0.0001
quarter,2,114750,14750,0.9872912,0.0001
quarter,2,114800,14800,0.9868305,0.0001
quarter,2,114850,14850,0.9871315,0.0001
quarter,2,114900,14900,0.9870698,0.0001
quarter,2,114950,14950,0.9874928,0.0001
quarter,2,115000,15000,0.9870974,0.0001
quarter,2,115050,15050,0.9869642,0.0001
quarter,2,115100,15100,0.9871109,0.0001
quarter,2,115150,15150,0.9869413,0.0001
quarter,2,115200,15200,0.9869699,0.0001
quarter,2,115250,15250,0.9871427,0.0001
quarter,2,115300,15300,0.9869149,0.0001
quarter,2,115350,15350,0.9870663,0.0001
quarter,2,115400,15400,0.9871911,0.0001
quarter,2,115450,15450,0.987092,0.0001
quarter,2,115500,15500,0.9871303,0.0001
quarter,2,115550,15550,0.9873399,0.0001
quarter,2,115600,15600,0.9872187,0.0001
quarter,2,115650,15650,0.9870781,0.0001
quarter,2,115700,15700,0.9870791,0.0001
quarter,2,115750,15750,0.9870141,0.0001
quarter,2,115800,15800,0.9869938,0.0001
quarter,2,115850,15850,0.9869551,0.0001
quarter,2,115900,15900,0.9868016,0.0001
quarter,2,115950,15950,0.9867488,0.0001
quarter,2,116000,16000,0.9871224,0.0001
quarter,2,116050,16050,0.9872909,0.0001
quarter,2,116100,16100,0.9873498,0.0001
quarter,2,116150,16150,0.9871031,0.0001
quarter,2,116200,16200,0.9867936,0.0001
quarter,2,116250,16250,0.9871176,0.0001
quarter,2,116300,16300,0.9871785,0.0001
quarter,2,116350,16350,0.987372,0.0001
quarter,2,116400,16400,0.9864534,0.0001
quarter,2,116450,16450,0.9875578,0.0001
quarter,2,116500,16500,0.9869007,0.0001
quarter,2,116550,16550,0.9871792,0.0001
quarter,2,116600,16600,0.9871954,0.0001
quarter,2,116650,16650,0.9868029,0.0001
quarter,2,116700,16700,0.9867601,0.0001
quarter,2,116750,16750,0.986983,0.0001
quarter,2,116800,16800,0.9868258,0.0001
quarter,2,116850,16850,0.9870941,0.0001
quarter,2,116900,16900,0.9869269,0.0001
quarter,2,116950,16950,0.9869652,0.0001
quarter,2,117000,17000,0.9872088,0.0001
quarter,2,117050,17050,0.9866957,0.0001
quarter,2,117100,17100,0.9872249,0.0001
quarter,2,117150,17150,0.9870517,0.0001
quarter,2,117200,17200,0.9870769,0.0001
quarter,2,117250,17250,0.9867667,0.0001
quarter,2,117300,17300,0.9871336,0.0001
quarter,2,117350,17350,0.9870896,0.0001
quarter,2,117400,17400,0.9873611,0.0001
quarter,2,117450,17450,0.9871204,0.0001
quarter,2,117500,17500,0.9869252,0.0001
quarter,2,117550,17550,0.9868757,0.0001
quarter,2,117600,17600,0.9871499,0.0001
quarter,2,117650,17650,0.9869865,0.0001
quarter,2,117700,17700,0.9871373,0.0001
quarter,2,117750,17750,0.9871402,0.0001
quarter,2,117800,17800,0.9870073,0.0001
quarter,2,117850,17850,0.9872851,0.0001
quarter,2,117900,17900,0.9870304,0.0001
quarter,2,117950,17950,0.9871622,0.0001
quarter,2,118000,18000,0.9868036,0.0001
quarter,2,118050,18050,0.9870561,0.0001
quarter,2,118100,18100,0.9871206,0.0001
quarter,2,118150,18150,0.9871219,0.0001
quarter,2,118200,18200,0.987092,0.0001
quarter,2,118250,18250,0.9874957,0.0001
quarter,2,118300,18300,0.9873775,0.0001
quarter,2,118350,18350,0.9869614,0.0001
quarter,2,118400,18400,0.9868858,0.0001
quarter,2,118450,18450,0.9867654,0.0001
quarter,2,118500,18500,0.9866337,0.0001
quarter,2,118550,18550,0.9870563,0.0001
quarter,2,118600,18600,0.9872118,0.0001
quarter,2,118650,18650,0.9870088,0.0001
quarter,2,118700,18700,0.9873763,0.0001
quarter,2,118750,18750,0.9869648,0.0001
quarter,2,118800,18800,0.9867408,0.0001
quarter,2,118850,18850,0.9873158,0.0001
quarter,2,118900,18900,0.9867724,0.0001
quarter,2,118950,18950,0.9874858,0.0001
quarter,2,119000,19000,0.9869126,0.0001
quarter,2,119050,19050,0.9873029,0.0001
quarter,2,119100,19100,0.9869374,0.0001
quarter,2,119150,19150,0.9868348,0.0001
quarter,2,119200,19200,0.9867677,0.0001
quarter,2,119250,19250,0.9873281,0.0001
quarter,2,119300,19300,0.9874685,0.0001
quarter,2,119350,19350,0.9870841,0.0001
quarter,2,119400,19400,0.9869505,0.0001
quarter,2,119450,19450,0.9867375,0.0001
quarter,2,119500,19500,0.9873565,0.0001
quarter,2,119550,19550,0.9872014,0.0001
quarter,2,119600,19600,0.9871742,0.0001
quarter,2,119650,19650,0.9870378,0.0001
quarter,2,119700,19700,0.9869252,0.0001
quarter,2,119750,19750,0.9869221,0.0001
quarter,2,119800,19800,0.9870496,0.0001
quarter,2,119850,19850,0.9873023,0.0001
quarter,2,119900,19900,0.9872818,0.0001
quarter,2,119950,19950,0.9870862,0.0001
quarter,2,120000,20000,0.9866043,0.0001
quarter,2,120050,20050,0.9867765,0.0001
quarter,2,120100,20100,0.9870312,0.0001
quarter,2,120150,20150,0.9869728,0.0001
quarter,2,120200,20200,0.9870279,0.0001
quarter,2,120250,20250,0.9873152,0.0001
quarter,2,120300,20300,0.9871871,0.0001
quarter,2,120350,20350,0.9871325,0.0001
quarter,2,120400,20400,0.9870595,0.0001
quarter,2,120450,20450,0.9865718,0.0001
quarter,2,120500,20500,0.9871975,0.0001
quarter,2,120550,20550,0.9873654,0.0001
quarter,2,120600,20600,0.9870363,0.0001
quarter,2,120650,20650,0.9871946,0.0001
quarter,2,120700,20700,0.9870304,0.0001
quarter,2,120750,20750,0.9871274,0.0001
quarter,2,120800,20800,0.9877051,0.0001
quarter,2,120850,20850,0.9873122,0.0001
quarter,2,120900,20900,0.9869808,0.0001
quarter,2,120950,20950,0.9869964,0.0001
quarter,2,121000,21000,0.9870598,0.0001
quarter,2,121050,21050,0.9873375,0.0001
quarter,2,121100,21100,0.9873003,0.0001
quarter,2,121150,21150,0.9872118,0.0001
quarter,2,121200,21200,0.9870797,0.0001
quarter,2,121250,21250,0.9865735,0.0001
quarter,2,121300,21300,0.9872239,0.0001
quarter,2,121350,21350,0.9875972,0.0001
quarter,2,121400,21400,0.9867194,0.0001
quarter,2,121450,21450,0.9867743,0.0001
quarter,2,121500,21500,0.9870011,0.0001
quarter,2,121550,21550,0.987121,0.0001
quarter,2,121600,21600,0.9870163,0.0001
quarter,2,121650,21650,0.9873725,0.0001
quarter,2,121700,21700,0.9868581,0.0001
quarter,2,121750,21750,0.9869675,0.0001
quarter,2,121800,21800,0.9867382,0.0001
quarter,2,121850,21850,0.9870445,0.0001
quarter,2,121900,21900,0.9873059,0.0001
quarter,2,121950,21950,0.9869314,0.0001
quarter,2,122000,22000,0.9872105,0.0001
quarter,2,122050,22050,0.9868164,0.0001
quarter,2,122100,22100,0.9868443,0.0001
quarter,2,122150,22150,0.9866496,0.0001
quarter,2,122200,22200,0.9874235,0.0001
quarter,2,122250,22250,0.9872493,0.0001
quarter,2,122300,22300,0.9872925,0.0001
quarter,2,122350,22350,0.9871622,0.0001
quarter,2,122400,22400,0.9872261,0.0001
quarter,2,122450,22450,0.9875935,0.0001
quarter,2,122500,22500,0.9872862,0.0001
quarter,2,122550,22550,0.9873355,0.0001
quarter,2,122600,22600,0.9872302,0.0001
quarter,2,122650,22650,0.9871145,0.0001
quarter,2,122700,22700,0.9870663,0.0001
quarter,2,122750,22750,0.9873974,0.0001
quarter,2,122800,22800,0.9869728,0.0001
quarter,2,122850,22850,0.9872705,0.0001
quarter,2,122900,22900,0.9874055,0.0001
quarter,2,122950,22950,0.9870383,0.0001
quarter,2,123000,23000,0.9870271,0.0001
quarter,2,123050,23050,0.986925,0.0001
quarter,2,123100,23100,0.9869827,0.0001
quarter,2,123150,23150,0.9871467,0.0001
quarter,2,123200,23200,0.9872964,0.0001
quarter,2,123250,23250,0.9871379,0.0001
quarter,2,123300,23300,0.9871203,0.0001
quarter,2,123350,23350,0.9872577,0.0001
quarter,2,123400,23400,0.9869041,0.0001
quarter,2,123450,23450,0.9871663,0.0001
quarter,2,123500,23500,0.9867737,0.0001
quarter,2,123550,23550,0.9873658,0.0001
quarter,2,123600,23600,0.9873676,0.0001
quarter,2,123650,23650,0.9871463,0.0001
quarter,2,123700,23700,0.986863,0.0001
quarter,2,123750,23750,0.987086,0.0001
quarter,2,123800,23800,0.9871866,0.0001
quarter,2,123850,23850,0.986564,0.0001
quarter,2,123900,23900,0.9874234,0.0001
quarter,2,123950,23950,0.987043,0.0001
quarter,2,124000,24000,0.9874792,0.0001
quarter,2,124050,24050,0.9871038,0.0001
quarter,2,124100,24100,0.9872075,0.0001
quarter,2,124150,24150,0.9873759,0.0001
quarter,2,124200,24200,0.9871381,0.0001
quarter,2,124250,24250,0.9870127,0.0001
quarter,2,124300,24300,0.9869796,0.0001
quarter,2,124350,24350,0.9868637,0.0001
quarter,2,124400,24400,0.9871284,0.0001
quarter,2,124450,24450,0.9868132,0.0001
quarter,2,124500,24500,0.9870101,0.0001
quarter,2,124550,24550,0.9868104,0.0001
quarter,2,124600,24600,0.9870824,0.0001
quarter,2,124650,24650,0.9871671,0.0001
quarter,2,124700,24700,0.9867854,0.0001
quarter,2,124750,24750,0.9870299,0.0001
quarter,2,124800,24800,0.9871614,0.0001
quarter,2,124850,24850,0.9867977,0.0001
quarter,2,124900,24900,0.9870387,0.0001
quarter,2,124950,24950,0.9869372,0.0001
quarter,2,125000,25000,0.9870865,0.0001
quarter,2,125050,25050,0.9873569,0.0001
quarter,2,125100,25100,0.9871749,0.0001
quarter,2,125150,25150,0.9866393,0.0001
quarter,2,125200,25200,0.9870867,0.0001
quarter,2,125250,25250,0.9871431,0.0001
quarter,2,125300,25300,0.9872836,0.0001
quarter,2,125350,25350,0.9870145,0.0001
quarter,2,125400,25400,0.9873734,0.0001
quarter,2,125450,25450,0.9870585,0.0001
quarter,2,125500,25500,0.9869227,0.0001
quarter,2,125550,25550,0.9871438,0.0001
quarter,2,125600,25600,0.9869562,0.0001
quarter,2,125650,25650,0.9868854,0.0001
quarter,2,125700,25700,0.987075,0.0001
quarter,2,125750,25750,0.9866661,0.0001
quarter,2,125800,25800,0.9870261,0.0001
quarter,2,125850,25850,0.9873235,0.0001
quarter,2,125900,25900,0.9868663,0.0001
quarter,2,125950,25950,0.9868121,0.0001
quarter,2,126000,26000,0.9871058,0.0001
quarter,2,126050,26050,0.9870712,0.0001
quarter,2,126100,26100,0.9869194,0.0001
quarter,2,126150,26150,0.987276,0.0001
quarter,2,126200,26200,0.9872004,0.0001
quarter,2,126250,26250,0.9873011,0.0001
quarter,2,126300,26300,0.9869592,0.0001
quarter,2,126350,26350,0.9869165,0.0001
quarter,2,126400,26400,0.9868524,0.0001
quarter,2,126450,26450,0.9874922,0.0001
quarter,2,126500,26500,0.9870103,0.0001
quarter,2,126550,26550,0.9870424,0.0001
quarter,2,126600,26600,0.9868924,0.0001
quarter,2,126650,26650,0.9873295,0.0001
quarter,2,126700,26700,0.9870524,0.0001
quarter,2,126750,26750,0.9869144,0.0001
quarter,2,126800,26800,0.986736,0.0001
quarter,2,126850,26850,0.9869194,0.0001
quarter,2,126900,26900,0.9872325,0.0001
quarter,2,126950,26950,0.9871508,0.0001
quarter,2,127000,27000,0.986717,0.0001
quarter,2,127050,27050,0.9875291,0.0001
quarter,2,127100,27100,0.9867238,0.0001
quarter,2,127150,27150,0.9870424,0.0001
quarter,2,127200,27200,0.9867526,0.0001
quarter,2,127250,27250,0.9871554,0.0001
quarter,2,127300,27300,0.9869078,0.0001
quarter,2,127350,27350,0.9869168,0.0001
quarter,2,127400,27400,0.9869085,0.0001
quarter,2,127450,27450,0.9872887,0.0001
quarter,2,127500,27500,0.9868681,0.0001
quarter,2,127550,27550,0.9873363,0.0001
quarter,2,127600,27600,0.9872302,0.0001
quarter,2,127650,27650,0.9866696,0.0001
quarter,2,127700,27700,0.9871342,0.0001
quarter,2,127750,27750,0.9867325,0.0001
quarter,2,127800,27800,0.9871098,0.0001
quarter,2,127850,27850,0.9865963,0.0001
quarter,2,127900,27900,0.9867827,0.0001
quarter,2,127950,27950,0.9871479,0.0001
quarter,2,128000,28000,0.9868167,0.0001
quarter,2,128050,28050,0.9868457,0.0001
quarter,2,128100,28100,0.9871649,0.0001
quarter,2,128150,28150,0.9870655,0.0001
quarter,2,128200,28200,0.9868762,0.0001
quarter,2,128250,28250,0.9871042,0.0001
quarter,2,128300,28300,0.9872535,0.0001
quarter,2,128350,28350,0.9870955,0.0001
quarter,2,128400,28400,0.9871328,0.0001
quarter,2,128450,28450,0.9870448,0.0001
quarter,2,128500,28500,0.9873533,0.0001
quarter,2,128550,28550,0.9870363,0.0001
quarter,2,128600,28600,0.987026,0.0001
quarter,2,128650,28650,0.9870815,0.0001
quarter,2,128700,28700,0.9871994,0.0001
quarter,2,128750,28750,0.987307,0.0001
quarter,2,128800,28800,0.98699,0.0001
quarter,2,128850,28850,0.9870157,0.0001
quarter,2,128900,28900,0.987083,0.0001
quarter,2,128950,28950,0.9872176,0.0001
quarter,2,129000,29000,0.9870594,0.0001
quarter,2,129050,29050,0.9873107,0.0001
quarter,2,129100,29100,0.9870434,0.0001
quarter,2,129150,29150,0.9867295,0.0001
quarter,2,129200,29200,0.9872028,0.0001
quarter,2,129250,29250,0.987193,0.0001
quarter,2,129300,29300,0.9869442,0.0001
quarter,2,129350,29350,0.9870731,0.0001
quarter,2,129400,29400,0.9866884,0.0001
quarter,2,129450,29450,0.9868202,0.0001
quarter,2,129500,29500,0.9870656,0.0001
quarter,2,129550,29550,0.9873559,0.0001
quarter,2,129600,29600,0.987087,0.0001
quarter,2,129650,29650,0.9870892,0.0001
quarter,2,129700,29700,0.9870868,0.0001
quarter,2,129750,29750,0.9871626,0.0001
quarter,2,129800,29800,0.9868029,0.0001
quarter,2,129850,29850,0.9870613,0.0001
quarter,2,129900,29900,0.9869961,0.0001
quarter,2,129950,29950,0.9871325,0.0001
quarter,2,130000,30000,0.9866527,0.0001
quarter,2,130050,30050,0.9870034,0.0001
quarter,2,130100,30100,0.9869705,0.0001
quarter,2,130150,30150,0.9865543,0.0001
quarter,2,130200,30200,0.9871736,0.0001
quarter,2,130250,30250,0.987061,0.0001
quarter,2,130300,30300,0.9874703,0.0001
quarter,2,130350,30350,0.9871492,0.0001
quarter,2,130400,30400,0.9869183,0.0001
quarter,2,130450,30450,0.9869949,0.0001
quarter,2,130500,30500,0.9874309,0.0001
quarter,2,130550,30550,0.9867918,0.0001
quarter,2,130600,30600,0.9872892,0.0001
quarter,2,130650,30650,0.9870998,0.0001
quarter,2,130700,30700,0.9875707,0.0001
quarter,2,130750,30750,0.9869797,0.0001
quarter,2,130800,30800,0.987516,0.0001
quarter,2,130850,30850,0.9870299,0.0001
quarter,2,130900,30900,0.9875572,0.0001
quarter,2,130950,30950,0.98699,0.0001
quarter,2,131000,31000,0.9870122,0.0001
quarter,2,131050,31050,0.9872677,0.0001
quarter,2,131100,31100,0.986962,0.0001
quarter,2,131150,31150,0.987232,0.0001
quarter,2,131200,31200,0.9871538,0.0001
quarter,2,131250,31250,0.9871511,0.0001
quarter,2,131300,31300,0.9868394,0.0001
quarter,2,131350,31350,0.9871355,0.0001
quarter,2,131400,31400,0.9869708,0.0001
quarter,2,131450,31450,0.987018,0.0001
quarter,2,131500,31500,0.9872568,0.0001
quarter,2,131550,31550,0.9870366,0.0001
quarter,2,131600,31600,0.9869075,0.0001
quarter,2,131650,31650,0.9871423,0.0001
quarter,2,131700,31700,0.9867906,0.0001
quarter,2,131750,31750,0.9867547,0.0001
quarter,2,131800,31800,0.986929,0.0001
quarter,2,131850,31850,0.9868291,0.0001
quarter,2,131900,31900,0.9869069,0.0001
quarter,2,131950,31950,0.9871642,0.0001
quarter,2,132000,32000,0.9868094,0.0001
quarter,2,132050,32050,0.9873676,0.0001
quarter,2,132100,32100,0.9866235,0.0001
quarter,2,132150,32150,0.9867842,0.0001
quarter,2,132200,32200,0.9867976,0.0001
quarter,2,132250,32250,0.9866996,0.0001
quarter,2,132300,32300,0.9868625,0.0001
quarter,2,132350,32350,0.987022,0.0001
quarter,2,132400,32400,0.9870089,0.0001
quarter,2,132450,32450,0.9870843,0.0001
quarter,2,132500,32500,0.9868328,0.0001
quarter,2,132550,32550,0.9868547,0.0001
quarter,2,132600,32600,0.9869456,0.0001
quarter,2,132650,32650,0.9872121,0.0001
quarter,2,132700,32700,0.9867965,0.0001
quarter,2,132750,32750,0.9870401,0.0001
quarter,2,132800,32800,0.9867858,0.0001
quarter,2,132850,32850,0.9868377,0.0001
quarter,2,132900,32900,0.9867373,0.0001
quarter,2,132950,32950,0.987389,0.0001
quarter,2,133000,33000,0.9870737,0.0001
quarter,2,133050,33050,0.9871147,0.0001
quarter,2,133100,33100,0.9870304,0.0001
quarter,2,133150,33150,0.9871688,0.0001
quarter,2,133200,33200,0.9869197,0.0001
quarter,2,133250,33250,0.9871107,0.0001
quarter,2,133300,33300,0.9869739,0.0001
quarter,2,133350,33350,0.9870331,0.0001
quarter,2,133400,33400,0.9868456,0.0001
quarter,2,133450,33450,0.9869108,0.0001
quarter,2,133500,33500,0.9871113,0.0001
quarter,2,133550,33550,0.9871889,0.0001
quarter,2,133600,33600,0.9873232,0.0001
quarter,2,133650,33650,0.9870622,0.0001
quarter,2,133700,33700,0.9872233,0.0001
quarter,2,133750,33750,0.9868972,0.0001
quarter,2,133800,33800,0.987022,0.0001
quarter,2,133850,33850,0.9868239,0.0001
quarter,2,133900,33900,0.9868882,0.0001
quarter,2,133950,33950,0.9870032,0.0001
quarter,2,134000,34000,0.9867918,0.0001
quarter,2,134050,34050,0.986751,0.0001
quarter,2,134100,34100,0.9873645,0.0001
quarter,2,134150,34150,0.9870124,0.0001
quarter,2,134200,34200,0.9868857,0.0001
quarter,2,134250,34250,0.9870288,0.0001
quarter,2,134300,34300,0.9869251,0.0001
quarter,2,134350,34350,0.9872033,0.0001
quarter,2,134400,34400,0.9872192,0.0001
quarter,2,134450,34450,0.9869461,0.0001
quarter,2,134500,34500,0.9871379,0.0001
quarter,2,134550,34550,0.9873554,0.0001
quarter,2,134600,34600,0.9869151,0.0001
quarter,2,134650,34650,0.9867674,0.0001
quarter,2,134700,34700,0.9869212,0.0001
quarter,2,134750,34750,0.9867458,0.0001
quarter,2,134800,34800,0.9865585,0.0001
quarter,2,134850,34850,0.987072,0.0001
quarter,2,134900,34900,0.9871884,0.0001
quarter,2,134950,34950,0.9871169,0.0001
quarter,2,135000,35000,0.9870881,0.0001
quarter,2,135050,35050,0.9870458,0.0001
quarter,2,135100,35100,0.9869773,0.0001
quarter,2,135150,35150,0.9872625,0.0001
quarter,2,135200,35200,0.9867323,0.0001
quarter,2,135250,35250,0.9869168,0.0001
quarter,2,135300,35300,0.9868941,0.0001
quarter,2,135350,35350,0.9866551,0.0001
quarter,2,135400,35400,0.9866956,0.0001
quarter,2,135450,35450,0.9868197,0.0001
quarter,2,135500,35500,0.9868663,0.0001
quarter,2,135550,35550,0.9869145,0.0001
quarter,2,135600,35600,0.9870679,0.0001
quarter,2,135650,35650,0.9873018,0.0001
quarter,2,135700,35700,0.9865123,0.0001
quarter,2,135750,35750,0.987165,0.0001
quarter,2,135800,35800,0.9870695,0.0001
quarter,2,135850,35850,0.9869053,0.0001
quarter,2,135900,35900,0.987186,0.0001
quarter,2,135950,35950,0.9870625,0.0001
quarter,2,136000,36000,0.9868404,0.0001
quarter,2,136050,36050,0.9869972,0.0001
quarter,2,136100,36100,0.9869643,0.0001
quarter,2,136150,36150,0.9868821,0.0001
quarter,2,136200,36200,0.9873759,0.0001
quarter,2,136250,36250,0.9872386,0.0001
quarter,2,136300,36300,0.9876783,0.0001
quarter,2,136350,36350,0.9870161,0.0001
quarter,2,136400,36400,0.9872692,0.0001
quarter,2,136450,36450,0.9868048,0.0001
quarter,2,136500,36500,0.9869807,0.0001
quarter,2,136550,36550,0.9868708,0.0001
quarter,2,136600,36600,0.9867761,0.0001
quarter,2,136650,36650,0.9871901,0.0001
quarter,2,136700,36700,0.986932,0.0001
quarter,2,136750,36750,0.987217,0.0001
quarter,2,136800,36800,0.9869503,0.0001
quarter,2,136850,36850,0.9870346,0.0001
quarter,2,136900,36900,0.986968,0.0001
quarter,2,136950,36950,0.9867072,0.0001
quarter,2,137000,37000,0.9868774,0.0001
quarter,2,137050,37050,0.9869307,0.0001
quarter,2,137100,37100,0.9867555,0.0001
quarter,2,137150,37150,0.9870028,0.0001
quarter,2,137200,37200,0.9873123,0.0001
quarter,2,137250,37250,0.9869524,0.0001
quarter,2,137300,37300,0.9870816,0.0001
quarter,2,137350,37350,0.9863793,0.0001
quarter,2,137400,37400,0.9868186,0.0001
quarter,2,137450,37450,0.9873121,0.0001
quarter,2,137500,37500,0.9869502,0.0001
quarter,2,137550,37550,0.9868089,0.0001
quarter,2,137600,37600,0.9874318,0.0001
quarter,2,137650,37650,0.9872002,0.0001
quarter,2,137700,37700,0.9868222,0.0001
quarter,2,137750,37750,0.9870288,0.0001
quarter,2,137800,37800,0.986942,0.0001
quarter,2,137850,37850,0.9870843,0.0001
quarter,2,137900,37900,0.9868258,0.0001
quarter,2,137950,37950,0.9869627,0.0001
quarter,2,138000,38000,0.9870052,0.0001
quarter,2,138050,38050,0.9869862,0.0001
quarter,2,138100,38100,0.9873296,0.0001
quarter,2,138150,38150,0.9874212,0.0001
quarter,2,138200,38200,0.9872895,0.0001
quarter,2,138250,38250,0.9873685,0.0001
quarter,2,138300,38300,0.9871746,0.0001
quarter,2,138350,38350,0.9869599,0.0001
quarter,2,138400,38400,0.9872591,0.0001
quarter,2,138450,38450,0.9868446,0.0001
quarter,2,138500,38500,0.9872731,0.0001
quarter,2,138550,38550,0.9869394,0.0001
quarter,2,138600,38600,0.9870968,0.0001
quarter,2,138650,38650,0.9868483,0.0001
quarter,2,138700,38700,0.9869039,0.0001
quarter,2,138750,38750,0.9873264,0.0001
quarter,2,138800,38800,0.9871631,0.0001
quarter,2,138850,38850,0.9871457,0.0001
quarter,2,138900,38900,0.9872627,0.0001
quarter,2,138950,38950,0.9866529,0.0001
quarter,2,139000,39000,0.9869633,0.0001
quarter,2,139050,39050,0.9865715,0.0001
quarter,2,139100,39100,0.9871814,0.0001
quarter,2,139150,39150,0.987299,0.0001
quarter,2,139200,39200,0.9868724,0.0001
quarter,2,139250,39250,0.9872807,0.0001
quarter,2,139300,39300,0.9871168,0.0001
quarter,2,139350,39350,0.9871727,0.0001
quarter,2,139400,39400,0.9872162,0.0001
quarter,2,139450,39450,0.9869301,0.0001
quarter,2,139500,39500,0.9869039,0.0001
quarter,2,139550,39550,0.986878,0.0001
quarter,2,139600,39600,0.9873025,0.0001
quarter,2,139650,39650,0.9869367,0.0001
quarter,2,139700,39700,0.9869273,0.0001
quarter,2,139750,39750,0.9867969,0.0001
quarter,2,139800,39800,0.9870045,0.0001
quarter,2,139850,39850,0.9870031,0.0001
quarter,2,139900,39900,0.9870901,0.0001
quarter,2,139950,39950,0.9872665,0.0001
quarter,2,140000,40000,0.9870961,0.0001
quarter,2,140050,40050,0.986568,0.0001
quarter,2,140100,40100,0.9868506,0.0001
quarter,2,140150,40150,0.9873116,0.0001
quarter,2,140200,40200,0.9868509,0.0001
quarter,2,140250,40250,0.9868504,0.0001
quarter,2,140300,40300,0.9874086,0.0001
quarter,2,140350,40350,0.987013,0.0001
quarter,2,140400,40400,0.987128,0.0001
quarter,2,140450,40450,0.9869307,0.0001
quarter,2,140500,40500,0.9874694,0.0001
quarter,2,140550,40550,0.9868525,0.0001
quarter,2,140600,40600,0.9870812,0.0001
quarter,2,140650,40650,0.9872743,0.0001
quarter,2,140700,40700,0.9869555,0.0001
quarter,2,140750,40750,0.9871274,0.0001
quarter,2,140800,40800,0.9871388,0.0001
quarter,2,140850,40850,0.9868281,0.0001
quarter,2,140900,40900,0.9868806,0.0001
quarter,2,140950,40950,0.9869397,0.0001
quarter,2,141000,41000,0.9867717,0.0001
quarter,2,141050,41050,0.9871767,0.0001
quarter,2,141100,41100,0.9867439,0.0001
quarter,2,141150,41150,0.9871244,0.0001
quarter,2,141200,41200,0.9868757,0.0001
quarter,2,141250,41250,0.9871898,0.0001
quarter,2,141300,41300,0.9868596,0.0001
quarter,2,141350,41350,0.9871661,0.0001
quarter,2,141400,41400,0.987144,0.0001
quarter,2,141450,41450,0.9871064,0.0001
quarter,2,141500,41500,0.9868783,0.0001
quarter,2,141550,41550,0.9866681,0.0001
quarter,2,141600,41600,0.9870127,0.0001
quarter,2,141650,41650,0.9874372,0.0001
quarter,2,141700,41700,0.9872061,0.0001
quarter,2,141750,41750,0.9867391,0.0001
quarter,2,141800,41800,0.9871953,0.0001
quarter,2,141850,41850,0.9872437,0.0001
quarter,2,141900,41900,0.9870818,0.0001
quarter,2,141950,41950,0.9869307,0.0001
quarter,2,142000,42000,0.986928,0.0001
quarter,2,142050,42050,0.9866593,0.0001
quarter,2,142100,42100,0.9872879,0.0001
quarter,2,142150,42150,0.9868991,0.0001
quarter,2,142200,42200,0.986977,0.0001
quarter,2,142250,42250,0.9875153,0.0001
quarter,2,142300,42300,0.9871542,0.0001
quarter,2,142350,42350,0.9868841,0.0001
quarter,2,142400,42400,0.987097,0.0001
quarter,2,142450,42450,0.9870937,0.0001
quarter,2,142500,42500,0.986622,0.0001
quarter,2,142550,42550,0.9869719,0.0001
quarter,2,142600,42600,0.9871429,0.0001
quarter,2,142650,42650,0.9864348,0.0001
quarter,2,142700,42700,0.9868248,0.0001
quarter,2,142750,42750,0.9872113,0.0001
quarter,2,142800,42800,0.9866124,0.0001
quarter,2,142850,42850,0.986987,0.0001
quarter,2,142900,42900,0.986923,0.0001
quarter,2,142950,42950,0.9870427,0.0001
quarter,2,143000,43000,0.9867749,0.0001
quarter,2,143050,43050,0.9869596,0.0001
quarter,2,143100,43100,0.9871709,0.0001
quarter,2,143150,43150,0.98706,0.0001
quarter,2,143200,43200,0.9867502,0.0001
quarter,2,143250,43250,0.9871099,0.0001
quarter,2,143300,43300,0.9867424,0.0001
quarter,2,143350,43350,0.9872735,0.0001
quarter,2,143400,43400,0.987025,0.0001
quarter,2,143450,43450,0.9869024,0.0001
quarter,2,143500,43500,0.9873663,0.0001
quarter,2,143550,43550,0.987424,0.0001
quarter,2,143600,43600,0.9870206,0.0001
quarter,2,143650,43650,0.9869706,0.0001
quarter,2,143700,43700,0.9871053,0.0001
quarter,2,143750,43750,0.9869358,0.0001
quarter,2,143800,43800,0.9868996,0.0001
quarter,2,143850,43850,0.9872108,0.0001
quarter,2,143900,43900,0.9871896,0.0001
quarter,2,143950,43950,0.9872161,0.0001
quarter,2,144000,44000,0.9869106,0.0001
quarter,2,144050,44050,0.9868701,0.0001
quarter,2,144100,44100,0.9869396,0.0001
quarter,2,144150,44150,0.9869999,0.0001
quarter,2,144200,44200,0.9872515,0.0001
quarter,2,144250,44250,0.9871009,0.0001
quarter,2,144300,44300,0.9873968,0.0001
quarter,2,144350,44350,0.9866383,0.0001
quarter,2,144400,44400,0.9864857,0.0001
quarter,2,144450,44450,0.9868669,0.0001
quarter,2,144500,44500,0.9866882,0.0001
quarter,2,144550,44550,0.9872648,0.0001
quarter,2,144600,44600,0.9870773,0.0001
quarter,2,144650,44650,0.9866211,0.0001
quarter,2,144700,44700,0.9871949,0.0001
quarter,2,144750,44750,0.9869191,0.0001
quarter,2,144800,44800,0.986603,0.0001
quarter,2,144850,44850,0.9871418,0.0001
quarter,2,144900,44900,0.9874982,0.0001
quarter,2,144950,44950,0.9870593,0.0001
quarter,2,145000,45000,0.9872394,0.0001
quarter,2,145050,45050,0.9871696,0.0001
quarter,2,145100,45100,0.9870678,0.0001
quarter,2,145150,45150,0.9868733,0.0001
quarter,2,145200,45200,0.9866727,0.0001
quarter,2,145250,45250,0.9869513,0.0001
quarter,2,145300,45300,0.9868525,0.0001
quarter,2,145350,45350,0.9868669,0.0001
quarter,2,145400,45400,0.9866661,0.0001
quarter,2,145450,45450,0.9871448,0.0001
quarter,2,145500,45500,0.986958,0.0001
quarter,2,145550,45550,0.9872441,0.0001
quarter,2,145600,45600,0.9868601,0.0001
quarter,2,145650,45650,0.9871986,0.0001
quarter,2,145700,45700,0.9871542,0.0001
quarter,2,145750,45750,0.9867522,0.0001
quarter,2,145800,45800,0.9866844,0.0001
quarter,2,145850,45850,0.9870383,0.0001
quarter,2,145900,45900,0.9866689,0.0001
quarter,2,145950,45950,0.9871303,0.0001
quarter,2,146000,46000,0.9869009,0.0001
quarter,2,146050,46050,0.986968,0.0001
quarter,2,146100,46100,0.9870165,0.0001
quarter,2,146150,46150,0.9872711,0.0001
quarter,2,146200,46200,0.9867917,0.0001
quarter,2,146250,46250,0.9867454,0.0001
quarter,2,146300,46300,0.9870416,0.0001
quarter,2,146350,46350,0.9869449,0.0001
quarter,2,146400,46400,0.9868684,0.0001
quarter,2,146450,46450,0.9873449,0.0001
quarter,2,146500,46500,0.9866077,0.0001
quarter,2,146550,46550,0.9869634,0.0001
quarter,2,146600,46600,0.986737,0.0001
quarter,2,146650,46650,0.9870059,0.0001
quarter,2,146700,46700,0.9867549,0.0001
quarter,2,146750,46750,0.9873018,0.0001
quarter,2,146800,46800,0.9869796,0.0001
quarter,2,146850,46850,0.9864663,0.0001
quarter,2,146900,46900,0.9868578,0.0001
quarter,2,146950,46950,0.9869043,0.0001
quarter,2,147000,47000,0.9868999,0.0001
quarter,2,147050,47050,0.9866428,0.0001
quarter,2,147100,47100,0.9870552,0.0001
quarter,2,147150,47150,0.9871483,0.0001
quarter,2,147200,47200,0.9868611,0.0001
quarter,2,147250,47250,0.9874617,0.0001
quarter,2,147300,47300,0.9874225,0.0001
quarter,2,147350,47350,0.9872222,0.0001
quarter,2,147400,47400,0.9869149,0.0001
quarter,2,147450,47450,0.9870652,0.0001
quarter,2,147500,47500,0.9871234,0.0001
quarter,2,147550,47550,0.9866909,0.0001
quarter,2,147600,47600,0.987229,0.0001
quarter,2,147650,47650,0.9866515,0.0001
quarter,2,147700,47700,0.9868537,0.0001
quarter,2,147750,47750,0.9864561,0.0001
quarter,2,147800,47800,0.9870342,0.0001
quarter,2,147850,47850,0.9870189,0.0001
quarter,2,147900,47900,0.9869455,0.0001
quarter,2,147950,47950,0.9866625,0.0001
quarter,2,148000,48000,0.9871032,0.0001
quarter,2,148050,48050,0.9866518,0.0001
quarter,2,148100,48100,0.9872149,0.0001
quarter,2,148150,48150,0.9869362,0.0001
quarter,2,148200,48200,0.9867521,0.0001
quarter,2,148250,48250,0.9868543,0.0001
quarter,2,148300,48300,0.9866261,0.0001
quarter,2,148350,48350,0.9867536,0.0001
quarter,2,148400,48400,0.9873053,0.0001
quarter,2,148450,48450,0.9865925,0.0001
quarter,2,148500,48500,0.9871163,0.0001
quarter,2,148550,48550,0.9870963,0.0001
quarter,2,148600,48600,0.987287,0.0001
quarter,2,148650,48650,0.9869015,0.0001
quarter,2,148700,48700,0.986644,0.0001
quarter,2,148750,48750,0.9869551,0.0001
quarter,2,148800,48800,0.9871851,0.0001
quarter,2,148850,48850,0.9867089,0.0001
quarter,2,148900,48900,0.9862918,0.0001
quarter,2,148950,48950,0.9869265,0.0001
quarter,2,149000,49000,0.9871201,0.0001
quarter,2,149050,49050,0.9870725,0.0001
quarter,2,149100,49100,0.9868369,0.0001
quarter,2,149150,49150,0.9866409,0.0001
quarter,2,149200,49200,0.9869596,0.0001
quarter,2,149250,49250,0.986578,0.0001
quarter,2,149300,49300,0.987146,0.0001
quarter,2,149350,49350,0.9871159,0.0001
quarter,2,149400,49400,0.9871532,0.0001
quarter,2,149450,49450,0.9870456,0.0001
quarter,2,149500,49500,0.9866797,0.0001
quarter,2,149550,49550,0.9869058,0.0001
quarter,2,149600,49600,0.9867873,0.0001
quarter,2,149650,49650,0.9872376,0.0001
quarter,2,149700,49700,0.9868793,0.0001
quarter,2,149750,49750,0.9865884,0.0001
quarter,2,149800,49800,0.9870982,0.0001
quarter,2,149850,49850,0.9868857,0.0001
quarter,2,149900,49900,0.9871341,0.0001
quarter,2,149950,49950,0.9873953,0.0001
full,1,50,50,0.9949251,5.1e-06
full,1,100,100,0.9944059,1.01e-05
full,1,150,150,0.9942304,1.51e-05
full,1,200,200,0.9941792,2.01e-05
full,1,250,250,0.9939103,2.51e-05
full,1,300,300,0.9937268,3.01e-05
full,1,350,350,0.9936122,3.51e-05
full,1,400,400,0.9930913,4.01e-05
full,1,450,450,0.9927424,4.51e-05
full,1,500,500,0.9922952,5e-05
full,1,550,550,0.9921164,5.5e-05
full,1,600,600,0.9921117,6e-05
full,1,650,650,0.9919853,6.5e-05
full,1,700,700,0.9917955,7e-05
full,1,750,750,0.9917732,7.5e-05
full,1,800,800,0.9918432,8e-05
full,1,850,850,0.9915952,8.5e-05
full,1,900,900,0.9919292,9e-05
full,1,950,950,0.9917154,9.5e-05
full,1,1000,1000,0.9914915,0.0001
full,1,1050,1050,0.9913557,0.0001
full,1,1100,1100,0.9912621,0.0001
full,1,1150,1150,0.9915222,0.0001
full,1,1200,1200,0.9911712,0.0001
full,1,1250,1250,0.9913165,0.0001
full,1,1300,1300,0.9914217,0.0001
full,1,1350,1350,0.9915175,0.0001
full,1,1400,1400,0.991092,0.0001
full,1,1450,1450,0.99131,0.0001
full,1,1500,1500,0.9911715,0.0001
full,1,1550,1550,0.9913203,0.0001
full,1,1600,1600,0.9909704,0.0001
full,1,1650,1650,0.9908344,0.0001
full,1,1700,1700,0.990807,0.0001
full,1,1750,1750,0.9909851,0.0001
full,1,1800,1800,0.9908069,0.0001
full,1,1850,1850,0.9907604,0.0001
full,1,1900,1900,0.9906392,0.0001
full,1,1950,1950,0.9905018,0.0001
full,1,2000,2000,0.9905465,0.0001
full,1,2050,2050,0.990575,0.0001
full,1,2100,2100,0.9905092,0.0001
full,1,2150,2150,0.9902772,0.0001
full,1,2200,2200,0.9906126,0.0001
full,1,2250,2250,0.9903598,0.0001
full,1,2300,2300,0.990478,0.0001
full,1,2350,2350,0.9904599,0.0001
full,1,2400,2400,0.9901988,0.0001
full,1,2450,2450,0.9898499,0.0001
full,1,2500,2500,0.9903519,0.0001
full,1,2550,2550,0.9902571,0.0001
full,1,2600,2600,0.9902388,0.0001
full,1,2650,2650,0.9901505,0.0001
full,1,2700,2700,0.9901749,0.0001
full,1,2750,2750,0.9901696,0.0001
full,1,2800,2800,0.9901459,0.0001
full,1,2850,2850,0.9903556,0.0001
full,1,2900,2900,0.9900593,0.0001
full,1,2950,2950,0.9900235,0.0001
full,1,3000,3000,0.990217,0.0001
full,1,3050,3050,0.9899399,0.0001
full,1,3100,3100,0.9898797,0.0001
full,1,3150,3150,0.9899247,0.0001
full,1,3200,3200,0.9899508,0.0001
full,1,3250,3250,0.9900123,0.0001
full,1,3300,3300,0.9901105,0.0001
full,1,3350,3350,0.9898072,0.0001
full,1,3400,3400,0.9897914,0.0001
full,1,3450,3450,0.9898214,0.0001
full,1,3500,3500,0.9898534,0.0001
full,1,3550,3550,0.989811,0.0001
full,1,3600,3600,0.989884,0.0001
full,1,3650,3650,0.989863,0.0001
full,1,3700,3700,0.9898708,0.0001
full,1,3750,3750,0.989829,0.0001
full,1,3800,3800,0.989471,0.0001
full,1,3850,3850,0.9897038,0.0001
full,1,3900,3900,0.9895731,0.0001
full,1,3950,3950,0.9899154,0.0001
full,1,4000,4000,0.9896568,0.0001
full,1,4050,4050,0.9897456,0.0001
full,1,4100,4100,0.9894285,0.0001
full,1,4150,4150,0.9897692,0.0001
full,1,4200,4200,0.989627,0.0001
full,1,4250,4250,0.9894936,0.0001
full,1,4300,4300,0.9894453,0.0001
full,1,4350,4350,0.9897167,0.0001
full,1,4400,4400,0.9895584,0.0001
full,1,4450,4450,0.9894937,0.0001
full,1,4500,4500,0.9893362,0.0001
full,1,4550,4550,0.9896718,0.0001
full,1,4600,4600,0.9895698,0.0001
full,1,4650,4650,0.9893311,0.0001
full,1,4700,4700,0.9895209,0.0001
full,1,4750,4750,0.9893697,0.0001
full,1,4800,4800,0.9892192,0.0001
full,1,4850,4850,0.9890813,0.0001
full,1,4900,4900,0.9895824,0.0001
full,1,4950,4950,0.9893165,0.0001
full,1,5000,5000,0.9891658,0.0001
full,1,5050,5050,0.9895402,0.0001
full,1,5100,5100,0.9892597,0.0001
full,1,5150,5150,0.9892235,0.0001
full,1,5200,5200,0.9894328,0.0001
full,1,5250,5250,0.9895807,0.0001
full,1,5300,5300,0.9895115,0.0001
full,1,5350,5350,0.9893386,0.0001
full,1,5400,5400,0.988863,0.0001
full,1,5450,5450,0.9893666,0.0001
full,1,5500,5500,0.9896074,0.0001
full,1,5550,5550,0.989287,0.0001
full,1,5600,5600,0.9893698,0.0001
full,1,5650,5650,0.9890837,0.0001
full,1,5700,5700,0.9892742,0.0001
full,1,5750,5750,0.9892944,0.0001
full,1,5800,5800,0.9893757,0.0001
full,1,5850,5850,0.9893351,0.0001
full,1,5900,5900,0.9895535,0.0001
full,1,5950,5950,0.9891517,0.0001
full,1,6000,6000,0.9895462,0.0001
full,1,6050,6050,0.9890963,0.0001
full,1,6100,6100,0.9892724,0.0001
full,1,6150,6150,0.9890536,0.0001
full,1,6200,6200,0.9893407,0.0001
full,1,6250,6250,0.9890035,0.0001
full,1,6300,6300,0.9893274,0.0001
full,1,6350,6350,0.9891281,0.0001
full,1,6400,6400,0.9892069,0.0001
full,1,6450,6450,0.9892721,0.0001
full,1,6500,6500,0.989289,0.0001
full,1,6550,6550,0.9892542,0.0001
full,1,6600,6600,0.9893002,0.0001
full,1,6650,6650,0.9891145,0.0001
full,1,6700,6700,0.9896719,0.0001
full,1,6750,6750,0.9893006,0.0001
full,1,6800,6800,0.9891116,0.0001
full,1,6850,6850,0.9888197,0.0001
full,1,6900,6900,0.9891564,0.0001
full,1,6950,6950,0.9889678,0.0001
full,1,7000,7000,0.9891018,0.0001
full,1,7050,7050,0.9890208,0.0001
full,1,7100,7100,0.989142,0.0001
full,1,7150,7150,0.9891895,0.0001
full,1,7200,7200,0.9890911,0.0001
full,1,7250,7250,0.9890742,0.0001
full,1,7300,7300,0.9889452,0.0001
full,1,7350,7350,0.9889789,0.0001
full,1,7400,7400,0.9887706,0.0001
full,1,7450,7450,0.989116,0.0001
full,1,7500,7500,0.9890726,0.0001
full,1,7550,7550,0.9891523,0.0001
full,1,7600,7600,0.9888015,0.0001
full,1,7650,7650,0.9891651,0.0001
full,1,7700,7700,0.9892533,0.0001
full,1,7750,7750,0.9888375,0.0001
full,1,7800,7800,0.9888756,0.0001
full,1,7850,7850,0.9891707,0.0001
full,1,7900,7900,0.9892054,0.0001
full,1,7950,7950,0.9890053,0.0001
full,1,8000,8000,0.9890748,0.0001
full,1,8050,8050,0.98902,0.0001
full,1,8100,8100,0.9892405,0.0001
full,1,8150,8150,0.9886924,0.0001
full,1,8200,8200,0.9888963,0.0001
full,1,8250,8250,0.9891007,0.0001
full,1,8300,8300,0.9887953,0.0001
full,1,8350,8350,0.9891944,0.0001
full,1,8400,8400,0.9888347,0.0001
full,1,8450,8450,0.9890909,0.0001
full,1,8500,8500,0.9888883,0.0001
full,1,8550,8550,0.9890639,0.0001
full,1,8600,8600,0.9891589,0.0001
full,1,8650,8650,0.9889432,0.0001
full,1,8700,8700,0.9889563,0.0001
full,1,8750,8750,0.9888991,0.0001
full,1,8800,8800,0.9891436,0.0001
full,1,8850,8850,0.989104,0.0001
full,1,8900,8900,0.9883976,0.0001
full,1,8950,8950,0.9890187,0.0001
full,1,9000,9000,0.9889805,0.0001
full,1,9050,9050,0.9885614,0.0001
full,1,9100,9100,0.9891448,0.0001
full,1,9150,9150,0.9890432,0.0001
full,1,9200,9200,0.9888296,0.0001
full,1,9250,9250,0.9888212,0.0001
full,1,9300,9300,0.9889109,0.0001
full,1,9350,9350,0.9889266,0.0001
full,1,9400,9400,0.9889164,0.0001
full,1,9450,9450,0.9887907,0.0001
full,1,9500,9500,0.9892413,0.0001
full,1,9550,9550,0.9892175,0.0001
full,1,9600,9600,0.9889974,0.0001
full,1,9650,9650,0.9889819,0.0001
full,1,9700,9700,0.9890906,0.0001
full,1,9750,9750,0.9888828,0.0001
full,1,9800,9800,0.9885634,0.0001
full,1,9850,9850,0.9887415,0.0001
full,1,9900,9900,0.9888426,0.0001
full,1,9950,9950,0.9889899,0.0001
full,1,10000,10000,0.989168,0.0001
full,1,10050,10050,0.9890214,0.0001
full,1,10100,10100,0.9888573,0.0001
full,1,10150,10150,0.9891571,0.0001
full,1,10200,10200,0.9888694,0.0001
full,1,10250,10250,0.9889059,0.0001
full,1,10300,10300,0.988877,0.0001
full,1,10350,10350,0.9888538,0.0001
full,1,10400,10400,0.9887847,0.0001
full,1,10450,10450,0.9891889,0.0001
full,1,10500,10500,0.9889377,0.0001
full,1,10550,10550,0.9888851,0.0001
full,1,10600,10600,0.9888625,0.0001
full,1,10650,10650,0.988928,0.0001
full,1,10700,10700,0.9888384,0.0001
full,1,10750,10750,0.9891851,0.0001
full,1,10800,10800,0.9886295,0.0001
full,1,10850,10850,0.9890856,0.0001
full,1,10900,10900,0.9890977,0.0001
full,1,10950,10950,0.9885396,0.0001
full,1,11000,11000,0.9888851,0.0001
full,1,11050,11050,0.9889482,0.0001
full,1,11100,11100,0.9888419,0.0001
full,1,11150,11150,0.9888982,0.0001
full,1,11200,11200,0.9884846,0.0001
full,1,11250,11250,0.9889037,0.0001
full,1,11300,11300,0.988708,0.0001
full,1,11350,11350,0.9886408,0.0001
full,1,11400,11400,0.9889762,0.0001
full,1,11450,11450,0.9886398,0.0001
full,1,11500,11500,0.9886675,0.0001
full,1,11550,11550,0.9887849,0.0001
full,1,11600,11600,0.9887751,0.0001
full,1,11650,11650,0.9887227,0.0001
full,1,11700,11700,0.9888669,0.0001
full,1,11750,11750,0.9889227,0.0001
full,1,11800,11800,0.9889865,0.0001
full,1,11850,11850,0.988871,0.0001
full,1,11900,11900,0.9886811,0.0001
full,1,11950,11950,0.9889308,0.0001
full,1,12000,12000,0.9885463,0.0001
full,1,12050,12050,0.9889342,0.0001
full,1,12100,12100,0.9889924,0.0001
full,1,12150,12150,0.9886699,0.0001
full,1,12200,12200,0.988861,0.0001
full,1,12250,12250,0.9887569,0.0001
full,1,12300,12300,0.9886944,0.0001
full,1,12350,12350,0.9890082,0.0001
full,1,12400,12400,0.9888347,0.0001
full,1,12450,12450,0.9886457,0.0001
full,1,12500,12500,0.9885991,0.0001
full,1,12550,12550,0.9890141,0.0001
full,1,12600,12600,0.9886643,0.0001
full,1,12650,12650,0.9888914,0.0001
full,1,12700,12700,0.9890121,0.0001
full,1,12750,12750,0.9890825,0.0001
full,1,12800,12800,0.9889629,0.0001
full,1,12850,12850,0.9888352,0.0001
full,1,12900,12900,0.9887923,0.0001
full,1,12950,12950,0.9891885,0.0001
full,1,13000,13000,0.9886324,0.0001
full,1,13050,13050,0.9888212,0.0001
full,1,13100,13100,0.9887044,0.0001
full,1,13150,13150,0.9889735,0.0001
full,1,13200,13200,0.9886173,0.0001
full,1,13250,13250,0.9889472,0.0001
full,1,13300,13300,0.9889026,0.0001
full,1,13350,13350,0.9889168,0.0001
full,1,13400,13400,0.988384,0.0001
full,1,13450,13450,0.9888615,0.0001
full,1,13500,13500,0.9890063,0.0001
full,1,13550,13550,0.9885257,0.0001
full,1,13600,13600,0.9892228,0.0001
full,1,13650,13650,0.9887739,0.0001
full,1,13700,13700,0.9886257,0.0001
full,1,13750,13750,0.9889324,0.0001
full,1,13800,13800,0.9884867,0.0001
full,1,13850,13850,0.9890248,0.0001
full,1,13900,13900,0.9885532,0.0001
full,1,13950,13950,0.9886262,0.0001
full,1,14000,14000,0.9886819,0.0001
full,1,14050,14050,0.9888239,0.0001
full,1,14100,14100,0.9890832,0.0001
full,1,14150,14150,0.9887502,0.0001
full,1,14200,14200,0.9886901,0.0001
full,1,14250,14250,0.9886456,0.0001
full,1,14300,14300,0.9882799,0.0001
full,1,14350,14350,0.9887111,0.0001
full,1,14400,14400,0.988606,0.0001
full,1,14450,14450,0.9885985,0.0001
full,1,14500,14500,0.9885532,0.0001
full,1,14550,14550,0.9888908,0.0001
full,1,14600,14600,0.9883764,0.0001
full,1,14650,14650,0.9889856,0.0001
full,1,14700,14700,0.988746,0.0001
full,1,14750,14750,0.9888148,0.0001
full,1,14800,14800,0.9885382,0.0001
full,1,14850,14850,0.9885021,0.0001
full,1,14900,14900,0.9887177,0.0001
full,1,14950,14950,0.9886472,0.0001
full,1,15000,15000,0.9887236,0.0001
full,1,15050,15050,0.9887133,0.0001
full,1,15100,15100,0.9886607,0.0001
full,1,15150,15150,0.9886495,0.0001
full,1,15200,15200,0.9886039,0.0001
full,1,15250,15250,0.9885865,0.0001
full,1,15300,15300,0.9884522,0.0001
full,1,15350,15350,0.9886432,0.0001
full,1,15400,15400,0.9886953,0.0001
full,1,15450,15450,0.9889514,0.0001
full,1,15500,15500,0.9888348,0.0001
full,1,15550,15550,0.9886302,0.0001
full,1,15600,15600,0.9886009,0.0001
full,1,15650,15650,0.9885499,0.0001
full,1,15700,15700,0.9888712,0.0001
full,1,15750,15750,0.9886696,0.0001
full,1,15800,15800,0.9887142,0.0001
full,1,15850,15850,0.9887265,0.0001
full,1,15900,15900,0.9884663,0.0001
full,1,15950,15950,0.9885701,0.0001
full,1,16000,16000,0.9889592,0.0001
full,1,16050,16050,0.9887959,0.0001
full,1,16100,16100,0.9887233,0.0001
full,1,16150,16150,0.9881703,0.0001
full,1,16200,16200,0.9885811,0.0001
full,1,16250,16250,0.9886423,0.0001
full,1,16300,16300,0.9885341,0.0001
full,1,16350,16350,0.9886495,0.0001
full,1,16400,16400,0.9885159,0.0001
full,1,16450,16450,0.9888387,0.0001
full,1,16500,16500,0.988812,0.0001
full,1,16550,16550,0.9885148,0.0001
full,1,16600,16600,0.9884849,0.0001
full,1,16650,16650,0.988744,0.0001
full,1,16700,16700,0.9885431,0.0001
full,1,16750,16750,0.988498,0.0001
full,1,16800,16800,0.9886664,0.0001
full,1,16850,16850,0.9885691,0.0001
full,1,16900,16900,0.9884942,0.0001
full,1,16950,16950,0.9885074,0.0001
full,1,17000,17000,0.9888269,0.0001
full,1,17050,17050,0.9884916,0.0001
full,1,17100,17100,0.9889436,0.0001
full,1,17150,17150,0.9888046,0.0001
full,1,17200,17200,0.9887784,0.0001
full,1,17250,17250,0.9885674,0.0001
full,1,17300,17300,0.9884172,0.0001
full,1,17350,17350,0.9887869,0.0001
full,1,17400,17400,0.9887472,0.0001
full,1,17450,17450,0.9884989,0.0001
full,1,17500,17500,0.9884861,0.0001
full,1,17550,17550,0.9885969,0.0001
full,1,17600,17600,0.9886675,0.0001
full,1,17650,17650,0.9885495,0.0001
full,1,17700,17700,0.9887712,0.0001
full,1,17750,17750,0.9886147,0.0001
full,1,17800,17800,0.9885991,0.0001
full,1,17850,17850,0.9886633,0.0001
full,1,17900,17900,0.9884963,0.0001
full,1,17950,17950,0.9888617,0.0001
full,1,18000,18000,0.9886762,0.0001
full,1,18050,18050,0.9886571,0.0001
full,1,18100,18100,0.9886407,0.0001
full,1,18150,18150,0.98843,0.0001
full,1,18200,18200,0.9886424,0.0001
full,1,18250,18250,0.9886056,0.0001
full,1,18300,18300,0.988659,0.0001
full,1,18350,18350,0.9881923,0.0001
full,1,18400,18400,0.9887059,0.0001
full,1,18450,18450,0.9884694,0.0001
full,1,18500,18500,0.9883614,0.0001
full,1,18550,18550,0.9885079,0.0001
full,1,18600,18600,0.9885545,0.0001
full,1,18650,18650,0.988674,0.0001
full,1,18700,18700,0.988713,0.0001
full,1,18750,18750,0.9884079,0.0001
full,1,18800,18800,0.9884372,0.0001
full,1,18850,18850,0.9886415,0.0001
full,1,18900,18900,0.9882638,0.0001
full,1,18950,18950,0.9886482,0.0001
full,1,19000,19000,0.9886441,0.0001
full,1,19050,19050,0.9887336,0.0001
full,1,19100,19100,0.988622,0.0001
full,1,19150,19150,0.9885829,0.0001
full,1,19200,19200,0.9885951,0.0001
full,1,19250,19250,0.9884698,0.0001
full,1,19300,19300,0.988902,0.0001
full,1,19350,19350,0.9884388,0.0001
full,1,19400,19400,0.9884126,0.0001
full,1,19450,19450,0.9884141,0.0001
full,1,19500,19500,0.9885443,0.0001
full,1,19550,19550,0.9887001,0.0001
full,1,19600,19600,0.9889544,0.0001
full,1,19650,19650,0.9885097,0.0001
full,1,19700,19700,0.9884221,0.0001
full,1,19750,19750,0.9883208,0.0001
full,1,19800,19800,0.9887821,0.0001
full,1,19850,19850,0.9886624,0.0001
full,1,19900,19900,0.9885939,0.0001
full,1,19950,19950,0.9883777,0.0001
full,1,20000,20000,0.9884969,0.0001
full,1,20050,20050,0.9884692,0.0001
full,1,20100,20100,0.9887035,0.0001
full,1,20150,20150,0.9882524,0.0001
full,1,20200,20200,0.988393,0.0001
full,1,20250,20250,0.9882331,0.0001
full,1,20300,20300,0.9884778,0.0001
full,1,20350,20350,0.988569,0.0001
full,1,20400,20400,0.9884205,0.0001
full,1,20450,20450,0.9884163,0.0001
full,1,20500,20500,0.988851,0.0001
full,1,20550,20550,0.9886743,0.0001
full,1,20600,20600,0.9885368,0.0001
full,1,20650,20650,0.988331,0.0001
full,1,20700,20700,0.9887418,0.0001
full,1,20750,20750,0.9884869,0.0001
full,1,20800,20800,0.9887393,0.0001
full,1,20850,20850,0.9882792,0.0001
full,1,20900,20900,0.9882508,0.0001
full,1,20950,20950,0.9884884,0.0001
full,1,21000,21000,0.9884683,0.0001
full,1,21050,21050,0.9885922,0.0001
full,1,21100,21100,0.9884651,0.0001
full,1,21150,21150,0.9883621,0.0001
full,1,21200,21200,0.9886388,0.0001
full,1,21250,21250,0.9879574,0.0001
full,1,21300,21300,0.9883746,0.0001
full,1,21350,21350,0.9883713,0.0001
full,1,21400,21400,0.9883326,0.0001
full,1,21450,21450,0.9884081,0.0001
full,1,21500,21500,0.9884802,0.0001
full,1,21550,21550,0.988421,0.0001
full,1,21600,21600,0.9886106,0.0001
full,1,21650,21650,0.9883882,0.0001
full,1,21700,21700,0.9885231,0.0001
full,1,21750,21750,0.9884055,0.0001
full,1,21800,21800,0.9882714,0.0001
full,1,21850,21850,0.9883816,0.0001
full,1,21900,21900,0.988395,0.0001
full,1,21950,21950,0.9885857,0.0001
full,1,22000,22000,0.9885275,0.0001
full,1,22050,22050,0.9882213,0.0001
full,1,22100,22100,0.9885227,0.0001
full,1,22150,22150,0.9887037,0.0001
full,1,22200,22200,0.9887263,0.0001
full,1,22250,22250,0.9886388,0.0001
full,1,22300,22300,0.9887189,0.0001
full,1,22350,22350,0.9883875,0.0001
full,1,22400,22400,0.9885303,0.0001
full,1,22450,22450,0.9885239,0.0001
full,1,22500,22500,0.9885446,0.0001
full,1,22550,22550,0.9888008,0.0001
full,1,22600,22600,0.988562,0.0001
full,1,22650,22650,0.9883488,0.0001
full,1,22700,22700,0.9882704,0.0001
full,1,22750,22750,0.9887553,0.0001
full,1,22800,22800,0.988498,0.0001
full,1,22850,22850,0.9882467,0.0001
full,1,22900,22900,0.9883914,0.0001
full,1,22950,22950,0.9883723,0.0001
full,1,23000,23000,0.9884764,0.0001
full,1,23050,23050,0.9886116,0.0001
full,1,23100,23100,0.988475,0.0001
full,1,23150,23150,0.9883068,0.0001
full,1,23200,23200,0.9886758,0.0001
full,1,23250,23250,0.9885385,0.0001
full,1,23300,23300,0.9885446,0.0001
full,1,23350,23350,0.9885949,0.0001
full,1,23400,23400,0.9884764,0.0001
full,1,23450,23450,0.9885039,0.0001
full,1,23500,23500,0.9882891,0.0001
full,1,23550,23550,0.9888611,0.0001
full,1,23600,23600,0.9887055,0.0001
full,1,23650,23650,0.9886631,0.0001
full,1,23700,23700,0.988512,0.0001
full,1,23750,23750,0.9885015,0.0001
full,1,23800,23800,0.9882928,0.0001
full,1,23850,23850,0.9881268,0.0001
full,1,23900,23900,0.9886846,0.0001
full,1,23950,23950,0.98825,0.0001
full,1,24000,24000,0.9886407,0.0001
full,1,24050,24050,0.9882928,0.0001
full,1,24100,24100,0.9884821,0.0001
full,1,24150,24150,0.9885848,0.0001
full,1,24200,24200,0.9881732,0.0001
full,1,24250,24250,0.9884486,0.0001
full,1,24300,24300,0.9883831,0.0001
full,1,24350,24350,0.9883859,0.0001
full,1,24400,24400,0.9886876,0.0001
full,1,24450,24450,0.9882538,0.0001
full,1,24500,24500,0.9883386,0.0001
full,1,24550,24550,0.988726,0.0001
full,1,24600,24600,0.9883495,0.0001
full,1,24650,24650,0.9885151,0.0001
full,1,24700,24700,0.988462,0.0001
full,1,24750,24750,0.9884362,0.0001
full,1,24800,24800,0.9885972,0.0001
full,1,24850,24850,0.9884836,0.0001
full,1,24900,24900,0.9885008,0.0001
full,1,24950,24950,0.988766,0.0001
full,1,25000,25000,0.988351,0.0001
full,1,25050,25050,0.9883113,0.0001
full,1,25100,25100,0.9882876,0.0001
full,1,25150,25150,0.9886113,0.0001
full,1,25200,25200,0.9885299,0.0001
full,1,25250,25250,0.9885432,0.0001
full,1,25300,25300,0.988548,0.0001
full,1,25350,25350,0.9882584,0.0001
full,1,25400,25400,0.9885498,0.0001
full,1,25450,25450,0.9885759,0.0001
full,1,25500,25500,0.9882759,0.0001
full,1,25550,25550,0.9886146,0.0001
full,1,25600,25600,0.9884585,0.0001
full,1,25650,25650,0.988286,0.0001
full,1,25700,25700,0.9885704,0.0001
full,1,25750,25750,0.9884468,0.0001
full,1,25800,25800,0.9884461,0.0001
full,1,25850,25850,0.988541,0.0001
full,1,25900,25900,0.988053,0.0001
full,1,25950,25950,0.9881808,0.0001
full,1,26000,26000,0.9885844,0.0001
full,1,26050,26050,0.9885064,0.0001
full,1,26100,26100,0.9885513,0.0001
full,1,26150,26150,0.988313,0.0001
full,1,26200,26200,0.9884287,0.0001
full,1,26250,26250,0.9885731,0.0001
full,1,26300,26300,0.988365,0.0001
full,1,26350,26350,0.9883934,0.0001
full,1,26400,26400,0.988025,0.0001
full,1,26450,26450,0.9883138,0.0001
full,1,26500,26500,0.988627,0.0001
full,1,26550,26550,0.9885494,0.0001
full,1,26600,26600,0.9885957,0.0001
full,1,26650,26650,0.988561,0.0001
full,1,26700,26700,0.9882109,0.0001
full,1,26750,26750,0.9884889,0.0001
full,1,26800,26800,0.9882792,0.0001
full,1,26850,26850,0.9884902,0.0001
full,1,26900,26900,0.9884086,0.0001
full,1,26950,26950,0.9886075,0.0001
full,1,27000,27000,0.9881851,0.0001
full,1,27050,27050,0.9885377,0.0001
full,1,27100,27100,0.9879968,0.0001
full,1,27150,27150,0.9884226,0.0001
full,1,27200,27200,0.9883734,0.0001
full,1,27250,27250,0.9882236,0.0001
full,1,27300,27300,0.9883938,0.0001
full,1,27350,27350,0.9882841,0.0001
full,1,27400,27400,0.9884099,0.0001
full,1,27450,27450,0.9888944,0.0001
full,1,27500,27500,0.9882253,0.0001
full,1,27550,27550,0.988462,0.0001
full,1,27600,27600,0.988499,0.0001
full,1,27650,27650,0.9882704,0.0001
full,1,27700,27700,0.988542,0.0001
full,1,27750,27750,0.9883916,0.0001
full,1,27800,27800,0.9882393,0.0001
full,1,27850,27850,0.9883617,0.0001
full,1,27900,27900,0.988351,0.0001
full,1,27950,27950,0.988531,0.0001
full,1,28000,28000,0.9883749,0.0001
full,1,28050,28050,0.9880836,0.0001
full,1,28100,28100,0.9884586,0.0001
full,1,28150,28150,0.9882866,0.0001
full,1,28200,28200,0.9879982,0.0001
full,1,28250,28250,0.9883122,0.0001
full,1,28300,28300,0.9884394,0.0001
full,1,28350,28350,0.9882646,0.0001
full,1,28400,28400,0.9882978,0.0001
full,1,28450,28450,0.9880562,0.0001
full,1,28500,28500,0.9886232,0.0001
full,1,28550,28550,0.9882623,0.0001
full,1,28600,28600,0.9884179,0.0001
full,1,28650,28650,0.988336,0.0001
full,1,28700,28700,0.9882981,0.0001
full,1,28750,28750,0.9881652,0.0001
full,1,28800,28800,0.9885449,0.0001
full,1,28850,28850,0.9883796,0.0001
full,1,28900,28900,0.9885153,0.0001
full,1,28950,28950,0.9883884,0.0001
full,1,29000,29000,0.9880888,0.0001
full,1,29050,29050,0.9885827,0.0001
full,1,29100,29100,0.9882485,0.0001
full,1,29150,29150,0.9882359,0.0001
full,1,29200,29200,0.9883319,0.0001
full,1,29250,29250,0.9878885,0.0001
full,1,29300,29300,0.9887293,0.0001
full,1,29350,29350,0.9883212,0.0001
full,1,29400,29400,0.9880954,0.0001
full,1,29450,29450,0.9881032,0.0001
full,1,29500,29500,0.9883383,0.0001
full,1,29550,29550,0.988664,0.0001
full,1,29600,29600,0.9883555,0.0001
full,1,29650,29650,0.9881265,0.0001
full,1,29700,29700,0.9883912,0.0001
full,1,29750,29750,0.9884142,0.0001
full,1,29800,29800,0.9883767,0.0001
full,1,29850,29850,0.988476,0.0001
full,1,29900,29900,0.9884153,0.0001
full,1,29950,29950,0.9882427,0.0001
full,1,30000,30000,0.9884341,0.0001
full,1,30050,30050,0.9881207,0.0001
full,1,30100,30100,0.9883195,0.0001
full,1,30150,30150,0.9883146,0.0001
full,1,30200,30200,0.9883396,0.0001
full,1,30250,30250,0.9884827,0.0001
full,1,30300,30300,0.9885138,0.0001
full,1,30350,30350,0.9884874,0.0001
full,1,30400,30400,0.9882612,0.0001
full,1,30450,30450,0.9882198,0.0001
full,1,30500,30500,0.9885423,0.0001
full,1,30550,30550,0.9882699,0.0001
full,1,30600,30600,0.9886742,0.0001
full,1,30650,30650,0.9883829,0.0001
full,1,30700,30700,0.9885663,0.0001
full,1,30750,30750,0.9882762,0.0001
full,1,30800,30800,0.9886907,0.0001
full,1,30850,30850,0.9884908,0.0001
full,1,30900,30900,0.9884261,0.0001
full,1,30950,30950,0.9883715,0.0001
full,1,31000,31000,0.9882222,0.0001
full,1,31050,31050,0.988377,0.0001
full,1,31100,31100,0.9882075,0.0001
full,1,31150,31150,0.9884574,0.0001
full,1,31200,31200,0.9884783,0.0001
full,1,31250,31250,0.9882973,0.0001
full,1,31300,31300,0.988217,0.0001
full,1,31350,31350,0.9886039,0.0001
full,1,31400,31400,0.9881269,0.0001
full,1,31450,31450,0.987975,0.0001
full,1,31500,31500,0.9886472,0.0001
full,1,31550,31550,0.988356,0.0001
full,1,31600,31600,0.9883462,0.0001
full,1,31650,31650,0.9884794,0.0001
full,1,31700,31700,0.988033,0.0001
full,1,31750,31750,0.9879892,0.0001
full,1,31800,31800,0.9882718,0.0001
full,1,31850,31850,0.9880125,0.0001
full,1,31900,31900,0.9883903,0.0001
full,1,31950,31950,0.9879912,0.0001
full,1,32000,32000,0.9880817,0.0001
full,1,32050,32050,0.9883568,0.0001
full,1,32100,32100,0.9882536,0.0001
full,1,32150,32150,0.9881853,0.0001
full,1,32200,32200,0.9883988,0.0001
full,1,32250,32250,0.9881132,0.0001
full,1,32300,32300,0.988168,0.0001
full,1,32350,32350,0.9885539,0.0001
full,1,32400,32400,0.9880462,0.0001
full,1,32450,32450,0.9880314,0.0001
full,1,32500,32500,0.9882581,0.0001
full,1,32550,32550,0.9882998,0.0001
full,1,32600,32600,0.9882975,0.0001
full,1,32650,32650,0.9882009,0.0001
full,1,32700,32700,0.9880939,0.0001
full,1,32750,32750,0.9883009,0.0001
full,1,32800,32800,0.98813,0.0001
full,1,32850,32850,0.987952,0.0001
full,1,32900,32900,0.9882691,0.0001
full,1,32950,32950,0.98858,0.0001
full,1,33000,33000,0.9883957,0.0001
full,1,33050,33050,0.9882674,0.0001
full,1,33100,33100,0.988347,0.0001
full,1,33150,33150,0.9881142,0.0001
full,1,33200,33200,0.9883628,0.0001
full,1,33250,33250,0.988369,0.0001
full,1,33300,33300,0.9884597,0.0001
full,1,33350,33350,0.9881684,0.0001
full,1,33400,33400,0.9879209,0.0001
full,1,33450,33450,0.988014,0.0001
full,1,33500,33500,0.9881496,0.0001
full,1,33550,33550,0.988247,0.0001
full,1,33600,33600,0.988478,0.0001
full,1,33650,33650,0.9881068,0.0001
full,1,33700,33700,0.9882527,0.0001
full,1,33750,33750,0.9881963,0.0001
full,1,33800,33800,0.9881606,0.0001
full,1,33850,33850,0.9882165,0.0001
full,1,33900,33900,0.9879168,0.0001
full,1,33950,33950,0.988144,0.0001
full,1,34000,34000,0.9878682,0.0001
full,1,34050,34050,0.9881993,0.0001
full,1,34100,34100,0.9885793,0.0001
full,1,34150,34150,0.9881325,0.0001
full,1,34200,34200,0.988286,0.0001
full,1,34250,34250,0.9881126,0.0001
full,1,34300,34300,0.988245,0.0001
full,1,34350,34350,0.9885004,0.0001
full,1,34400,34400,0.9884424,0.0001
full,1,34450,34450,0.9880333,0.0001
full,1,34500,34500,0.9884938,0.0001
full,1,34550,34550,0.9883614,0.0001
full,1,34600,34600,0.9883239,0.0001
full,1,34650,34650,0.9884874,0.0001
full,1,34700,34700,0.9879929,0.0001
full,1,34750,34750,0.9881486,0.0001
full,1,34800,34800,0.9880797,0.0001
full,1,34850,34850,0.9885201,0.0001
full,1,34900,34900,0.9880604,0.0001
full,1,34950,34950,0.9885933,0.0001
full,1,35000,35000,0.9885996,0.0001
full,1,35050,35050,0.9882154,0.0001
full,1,35100,35100,0.9884579,0.0001
full,1,35150,35150,0.9883789,0.0001
full,1,35200,35200,0.9881405,0.0001
full,1,35250,35250,0.9885216,0.0001
full,1,35300,35300,0.988392,0.0001
full,1,35350,35350,0.9878873,0.0001
full,1,35400,35400,0.9881369,0.0001
full,1,35450,35450,0.9881055,0.0001
full,1,35500,35500,0.9884598,0.0001
full,1,35550,35550,0.9881039,0.0001
full,1,35600,35600,0.98818,0.0001
full,1,35650,35650,0.988116,0.0001
full,1,35700,35700,0.988207,0.0001
full,1,35750,35750,0.988068,0.0001
full,1,35800,35800,0.9883162,0.0001
full,1,35850,35850,0.9880278,0.0001
full,1,35900,35900,0.9884636,0.0001
full,1,35950,35950,0.9881546,0.0001
full,1,36000,36000,0.9880154,0.0001
full,1,36050,36050,0.9883373,0.0001
full,1,36100,36100,0.9883236,0.0001
full,1,36150,36150,0.9880592,0.0001
full,1,36200,36200,0.9880176,0.0001
full,1,36250,36250,0.9884126,0.0001
full,1,36300,36300,0.9884571,0.0001
full,1,36350,36350,0.9881155,0.0001
full,1,36400,36400,0.9884951,0.0001
full,1,36450,36450,0.9880674,0.0001
full,1,36500,36500,0.9882013,0.0001
full,1,36550,36550,0.9879396,0.0001
full,1,36600,36600,0.988295,0.0001
full,1,36650,36650,0.9884013,0.0001
full,1,36700,36700,0.9879878,0.0001
full,1,36750,36750,0.9881281,0.0001
full,1,36800,36800,0.9880974,0.0001
full,1,36850,36850,0.9880024,0.0001
full,1,36900,36900,0.9882006,0.0001
full,1,36950,36950,0.9883851,0.0001
full,1,37000,37000,0.9880549,0.0001
full,1,37050,37050,0.9880173,0.0001
full,1,37100,37100,0.988183,0.0001
full,1,37150,37150,0.9882039,0.0001
full,1,37200,37200,0.9886959,0.0001
full,1,37250,37250,0.9884009,0.0001
full,1,37300,37300,0.9883829,0.0001
full,1,37350,37350,0.9880576,0.0001
full,1,37400,37400,0.9883219,0.0001
full,1,37450,37450,0.9882152,0.0001
full,1,37500,37500,0.9880042,0.0001
full,1,37550,37550,0.9880739,0.0001
full,1,37600,37600,0.9885116,0.0001
full,1,37650,37650,0.9881482,0.0001
full,1,37700,37700,0.9883996,0.0001
full,1,37750,37750,0.9883922,0.0001
full,1,37800,37800,0.9880258,0.0001
full,1,37850,37850,0.9883353,0.0001
full,1,37900,37900,0.9884155,0.0001
full,1,37950,37950,0.9882077,0.0001
full,1,38000,38000,0.9881048,0.0001
full,1,38050,38050,0.9879423,0.0001
full,1,38100,38100,0.9880786,0.0001
full,1,38150,38150,0.9882467,0.0001
full,1,38200,38200,0.9879412,0.0001
full,1,38250,38250,0.9882197,0.0001
full,1,38300,38300,0.9883486,0.0001
full,1,38350,38350,0.9882309,0.0001
full,1,38400,38400,0.9879135,0.0001
full,1,38450,38450,0.9880503,0.0001
full,1,38500,38500,0.9882732,0.0001
full,1,38550,38550,0.9883339,0.0001
full,1,38600,38600,0.9879898,0.0001
full,1,38650,38650,0.9880137,0.0001
full,1,38700,38700,0.9881246,0.0001
full,1,38750,38750,0.9884824,0.0001
full,1,38800,38800,0.9884016,0.0001
full,1,38850,38850,0.9881849,0.0001
full,1,38900,38900,0.9883577,0.0001
full,1,38950,38950,0.9879618,0.0001
full,1,39000,39000,0.9879982,0.0001
full,1,39050,39050,0.9883276,0.0001
full,1,39100,39100,0.9881298,0.0001
full,1,39150,39150,0.9882427,0.0001
full,1,39200,39200,0.9881065,0.0001
full,1,39250,39250,0.9884198,0.0001
full,1,39300,39300,0.9880512,0.0001
full,1,39350,39350,0.98845,0.0001
full,1,39400,39400,0.9879021,0.0001
full,1,39450,39450,0.9879227,0.0001
full,1,39500,39500,0.9881916,0.0001
full,1,39550,39550,0.988331,0.0001
full,1,39600,39600,0.9882359,0.0001
full,1,39650,39650,0.9879985,0.0001
full,1,39700,39700,0.9878328,0.0001
full,1,39750,39750,0.9882953,0.0001
full,1,39800,39800,0.9884195,0.0001
full,1,39850,39850,0.9883605,0.0001
full,1,39900,39900,0.9882059,0.0001
full,1,39950,39950,0.9884228,0.0001
full,1,40000,40000,0.9883693,0.0001
full,1,40050,40050,0.9880304,0.0001
full,1,40100,40100,0.9880868,0.0001
full,1,40150,40150,0.9884562,0.0001
full,1,40200,40200,0.9879072,0.0001
full,1,40250,40250,0.9881296,0.0001
full,1,40300,40300,0.9883887,0.0001
full,1,40350,40350,0.9882624,0.0001
full,1,40400,40400,0.988204,0.0001
full,1,40450,40450,0.9881212,0.0001
full,1,40500,40500,0.9885374,0.0001
full,1,40550,40550,0.9879938,0.0001
full,1,40600,40600,0.9882404,0.0001
full,1,40650,40650,0.9880582,0.0001
full,1,40700,40700,0.9882395,0.0001
full,1,40750,40750,0.988202,0.0001
full,1,40800,40800,0.9882085,0.0001
full,1,40850,40850,0.9881952,0.0001
full,1,40900,40900,0.9880116,0.0001
full,1,40950,40950,0.9878315,0.0001
full,1,41000,41000,0.9881819,0.0001
full,1,41050,41050,0.9880741,0.0001
full,1,41100,41100,0.9881607,0.0001
full,1,41150,41150,0.9880808,0.0001
full,1,41200,41200,0.9880664,0.0001
full,1,41250,41250,0.9880933,0.0001
full,1,41300,41300,0.9881955,0.0001
full,1,41350,41350,0.9884855,0.0001
full,1,41400,41400,0.9882713,0.0001
full,1,41450,41450,0.988363,0.0001
full,1,41500,41500,0.9879909,0.0001
full,1,41550,41550,0.9879017,0.0001
full,1,41600,41600,0.9882683,0.0001
full,1,41650,41650,0.9882954,0.0001
full,1,41700,41700,0.9881143,0.0001
full,1,41750,41750,0.9880344,0.0001
full,1,41800,41800,0.9883285,0.0001
full,1,41850,41850,0.9882623,0.0001
full,1,41900,41900,0.9880108,0.0001
full,1,41950,41950,0.9881333,0.0001
full,1,42000,42000,0.9883293,0.0001
full,1,42050,42050,0.9878191,0.0001
full,1,42100,42100,0.9879832,0.0001
full,1,42150,42150,0.9881383,0.0001
full,1,42200,42200,0.9883296,0.0001
full,1,42250,42250,0.9881863,0.0001
full,1,42300,42300,0.9883115,0.0001
full,1,42350,42350,0.9880735,0.0001
full,1,42400,42400,0.9884253,0.0001
full,1,42450,42450,0.9883407,0.0001
full,1,42500,42500,0.9879748,0.0001
full,1,42550,42550,0.9885309,0.0001
full,1,42600,42600,0.9880803,0.0001
full,1,42650,42650,0.9880295,0.0001
full,1,42700,42700,0.9882089,0.0001
full,1,42750,42750,0.9885743,0.0001
full,1,42800,42800,0.988262,0.0001
full,1,42850,42850,0.9881966,0.0001
full,1,42900,42900,0.9880208,0.0001
full,1,42950,42950,0.9880274,0.0001
full,1,43000,43000,0.9880007,0.0001
full,1,43050,43050,0.9880877,0.0001
full,1,43100,43100,0.9880109,0.0001
full,1,43150,43150,0.9880998,0.0001
full,1,43200,43200,0.988094,0.0001
full,1,43250,43250,0.9881442,0.0001
full,1,43300,43300,0.9881916,0.0001
full,1,43350,43350,0.9882203,0.0001
full,1,43400,43400,0.9884651,0.0001
full,1,43450,43450,0.9879234,0.0001
full,1,43500,43500,0.9883963,0.0001
full,1,43550,43550,0.988562,0.0001
full,1,43600,43600,0.9885827,0.0001
full,1,43650,43650,0.9877583,0.0001
full,1,43700,43700,0.9885299,0.0001
full,1,43750,43750,0.9883329,0.0001
full,1,43800,43800,0.9882131,0.0001
full,1,43850,43850,0.9882054,0.0001
full,1,43900,43900,0.9881355,0.0001
full,1,43950,43950,0.9881029,0.0001
full,1,44000,44000,0.9882909,0.0001
full,1,44050,44050,0.9880295,0.0001
full,1,44100,44100,0.9884712,0.0001
full,1,44150,44150,0.9876686,0.0001
full,1,44200,44200,0.9881732,0.0001
full,1,44250,44250,0.9880373,0.0001
full,1,44300,44300,0.9884009,0.0001
full,1,44350,44350,0.9883406,0.0001
full,1,44400,44400,0.988166,0.0001
full,1,44450,44450,0.9882633,0.0001
full,1,44500,44500,0.9883633,0.0001
full,1,44550,44550,0.9882624,0.0001
full,1,44600,44600,0.9878202,0.0001
full,1,44650,44650,0.9879348,0.0001
full,1,44700,44700,0.9882776,0.0001
full,1,44750,44750,0.9882148,0.0001
full,1,44800,44800,0.9881628,0.0001
full,1,44850,44850,0.9884617,0.0001
full,1,44900,44900,0.9880584,0.0001
full,1,44950,44950,0.9882222,0.0001
full,1,45000,45000,0.9881852,0.0001
full,1,45050,45050,0.9882499,0.0001
full,1,45100,45100,0.9883497,0.0001
full,1,45150,45150,0.987968,0.0001
full,1,45200,45200,0.988112,0.0001
full,1,45250,45250,0.9881195,0.0001
full,1,45300,45300,0.9882326,0.0001
full,1,45350,45350,0.9879979,0.0001
full,1,45400,45400,0.9878035,0.0001
full,1,45450,45450,0.9880122,0.0001
full,1,45500,45500,0.9880114,0.0001
full,1,45550,45550,0.9882255,0.0001
full,1,45600,45600,0.9883597,0.0001
full,1,45650,45650,0.9879938,0.0001
full,1,45700,45700,0.9878649,0.0001
full,1,45750,45750,0.9881064,0.0001
full,1,45800,45800,0.9883298,0.0001
full,1,45850,45850,0.9881146,0.0001
full,1,45900,45900,0.9880235,0.0001
full,1,45950,45950,0.9883296,0.0001
full,1,46000,46000,0.9881859,0.0001
full,1,46050,46050,0.9879043,0.0001
full,1,46100,46100,0.9881032,0.0001
full,1,46150,46150,0.9882858,0.0001
full,1,46200,46200,0.9881827,0.0001
full,1,46250,46250,0.9879367,0.0001
full,1,46300,46300,0.9881143,0.0001
full,1,46350,46350,0.9882191,0.0001
full,1,46400,46400,0.988215,0.0001
full,1,46450,46450,0.9882536,0.0001
full,1,46500,46500,0.9879412,0.0001
full,1,46550,46550,0.9880692,0.0001
full,1,46600,46600,0.9878981,0.0001
full,1,46650,46650,0.9879372,0.0001
full,1,46700,46700,0.9882508,0.0001
full,1,46750,46750,0.9883246,0.0001
full,1,46800,46800,0.988247,0.0001
full,1,46850,46850,0.9879086,0.0001
full,1,46900,46900,0.9881184,0.0001
full,1,46950,46950,0.9879965,0.0001
full,1,47000,47000,0.9878793,0.0001
full,1,47050,47050,0.9877043,0.0001
full,1,47100,47100,0.9878563,0.0001
full,1,47150,47150,0.9880622,0.0001
full,1,47200,47200,0.9882404,0.0001
full,1,47250,47250,0.9883909,0.0001
full,1,47300,47300,0.9880581,0.0001
full,1,47350,47350,0.9882184,0.0001
full,1,47400,47400,0.9883168,0.0001
full,1,47450,47450,0.9880306,0.0001
full,1,47500,47500,0.9882396,0.0001
full,1,47550,47550,0.987838,0.0001
full,1,47600,47600,0.9882995,0.0001
full,1,47650,47650,0.9880804,0.0001
full,1,47700,47700,0.9883978,0.0001
full,1,47750,47750,0.9879851,0.0001
full,1,47800,47800,0.9879217,0.0001
full,1,47850,47850,0.9881337,0.0001
full,1,47900,47900,0.9882634,0.0001
full,1,47950,47950,0.9877771,0.0001
full,1,48000,48000,0.98827,0.0001
full,1,48050,48050,0.9877794,0.0001
full,1,48100,48100,0.9876804,0.0001
full,1,48150,48150,0.9882163,0.0001
full,1,48200,48200,0.9880446,0.0001
full,1,48250,48250,0.9879115,0.0001
full,1,48300,48300,0.9880245,0.0001
full,1,48350,48350,0.9877783,0.0001
full,1,48400,48400,0.9881857,0.0001
full,1,48450,48450,0.9880636,0.0001
full,1,48500,48500,0.9882641,0.0001
full,1,48550,48550,0.9880087,0.0001
full,1,48600,48600,0.9882719,0.0001
full,1,48650,48650,0.9877968,0.0001
full,1,48700,48700,0.9880326,0.0001
full,1,48750,48750,0.9884467,0.0001
full,1,48800,48800,0.9881235,0.0001
full,1,48850,48850,0.9881131,0.0001
full,1,48900,48900,0.9881688,0.0001
full,1,48950,48950,0.9880655,0.0001
full,1,49000,49000,0.9884183,0.0001
full,1,49050,49050,0.9881525,0.0001
full,1,49100,49100,0.9880883,0.0001
full,1,49150,49150,0.9877846,0.0001
full,1,49200,49200,0.9880856,0.0001
full,1,49250,49250,0.9881638,0.0001
full,1,49300,49300,0.9883206,0.0001
full,1,49350,49350,0.9878505,0.0001
full,1,49400,49400,0.9881648,0.0001
full,1,49450,49450,0.988265,0.0001
full,1,49500,49500,0.9877645,0.0001
full,1,49550,49550,0.9882062,0.0001
full,1,49600,49600,0.9881027,0.0001
full,1,49650,49650,0.9881254,0.0001
full,1,49700,49700,0.9881581,0.0001
full,1,49750,49750,0.9881153,0.0001
full,1,49800,49800,0.9878851,0.0001
full,1,49850,49850,0.9880732,0.0001
full,1,49900,49900,0.9882835,0.0001
full,1,49950,49950,0.9881864,0.0001
full,1,50000,50000,0.9883147,0.0001
full,1,50050,50050,0.9885838,0.0001
full,1,50100,50100,0.9878213,0.0001
full,1,50150,50150,0.9884194,0.0001
full,1,50200,50200,0.9880887,0.0001
full,1,50250,50250,0.9879163,0.0001
full,1,50300,50300,0.9879206,0.0001
full,1,50350,50350,0.9881979,0.0001
full,1,50400,50400,0.988284,0.0001
full,1,50450,50450,0.9880623,0.0001
full,1,50500,50500,0.9879333,0.0001
full,1,50550,50550,0.9885356,0.0001
full,1,50600,50600,0.9882391,0.0001
full,1,50650,50650,0.9879233,0.0001
full,1,50700,50700,0.9881047,0.0001
full,1,50750,50750,0.9880888,0.0001
full,1,50800,50800,0.9881239,0.0001
full,1,50850,50850,0.9882225,0.0001
full,1,50900,50900,0.9881679,0.0001
full,1,50950,50950,0.9882634,0.0001
full,1,51000,51000,0.9880803,0.0001
full,1,51050,51050,0.988077,0.0001
full,1,51100,51100,0.9877478,0.0001
full,1,51150,51150,0.9880775,0.0001
full,1,51200,51200,0.987977,0.0001
full,1,51250,51250,0.9880084,0.0001
full,1,51300,51300,0.9881284,0.0001
full,1,51350,51350,0.9879606,0.0001
full,1,51400,51400,0.988045,0.0001
full,1,51450,51450,0.9880634,0.0001
full,1,51500,51500,0.987943,0.0001
full,1,51550,51550,0.9879893,0.0001
full,1,51600,51600,0.9880328,0.0001
full,1,51650,51650,0.9881344,0.0001
full,1,51700,51700,0.9879202,0.0001
full,1,51750,51750,0.9879541,0.0001
full,1,51800,51800,0.9881393,0.0001
full,1,51850,51850,0.9880898,0.0001
full,1,51900,51900,0.9879827,0.0001
full,1,51950,51950,0.988111,0.0001
full,1,52000,52000,0.9877915,0.0001
full,1,52050,52050,0.9881157,0.0001
full,1,52100,52100,0.9880907,0.0001
full,1,52150,52150,0.9879905,0.0001
full,1,52200,52200,0.987995,0.0001
full,1,52250,52250,0.9877991,0.0001
full,1,52300,52300,0.9880246,0.0001
full,1,52350,52350,0.9877162,0.0001
full,1,52400,52400,0.9881467,0.0001
full,1,52450,52450,0.9881082,0.0001
full,1,52500,52500,0.987826,0.0001
full,1,52550,52550,0.9879529,0.0001
full,1,52600,52600,0.9878306,0.0001
full,1,52650,52650,0.9883134,0.0001
full,1,52700,52700,0.9881747,0.0001
full,1,52750,52750,0.988086,0.0001
full,1,52800,52800,0.9881757,0.0001
full,1,52850,52850,0.9884257,0.0001
full,1,52900,52900,0.9879649,0.0001
full,1,52950,52950,0.9878997,0.0001
full,1,53000,53000,0.9883378,0.0001
full,1,53050,53050,0.9880451,0.0001
full,1,53100,53100,0.9880472,0.0001
full,1,53150,53150,0.988005,0.0001
full,1,53200,53200,0.9880925,0.0001
full,1,53250,53250,0.988071,0.0001
full,1,53300,53300,0.9880808,0.0001
full,1,53350,53350,0.9879465,0.0001
full,1,53400,53400,0.9882385,0.0001
full,1,53450,53450,0.9881069,0.0001
full,1,53500,53500,0.9880499,0.0001
full,1,53550,53550,0.9878457,0.0001
full,1,53600,53600,0.9880437,0.0001
full,1,53650,53650,0.987741,0.0001
full,1,53700,53700,0.9878671,0.0001
full,1,53750,53750,0.9880442,0.0001
full,1,53800,53800,0.9881148,0.0001
full,1,53850,53850,0.9880368,0.0001
full,1,53900,53900,0.9875366,0.0001
full,1,53950,53950,0.9879053,0.0001
full,1,54000,54000,0.9878737,0.0001
full,1,54050,54050,0.9883201,0.0001
full,1,54100,54100,0.987942,0.0001
full,1,54150,54150,0.9881501,0.0001
full,1,54200,54200,0.9878609,0.0001
full,1,54250,54250,0.9877596,0.0001
full,1,54300,54300,0.9881227,0.0001
full,1,54350,54350,0.9881968,0.0001
full,1,54400,54400,0.9880617,0.0001
full,1,54450,54450,0.9880227,0.0001
full,1,54500,54500,0.9880679,0.0001
full,1,54550,54550,0.9882805,0.0001
full,1,54600,54600,0.9878935,0.0001
full,1,54650,54650,0.9877195,0.0001
full,1,54700,54700,0.9883037,0.0001
full,1,54750,54750,0.9878133,0.0001
full,1,54800,54800,0.9878892,0.0001
full,1,54850,54850,0.9882491,0.0001
full,1,54900,54900,0.9879419,0.0001
full,1,54950,54950,0.9884481,0.0001
full,1,55000,55000,0.9882399,0.0001
full,1,55050,55050,0.9881746,0.0001
full,1,55100,55100,0.9880082,0.0001
full,1,55150,55150,0.9880598,0.0001
full,1,55200,55200,0.9879747,0.0001
full,1,55250,55250,0.9880344,0.0001
full,1,55300,55300,0.9883557,0.0001
full,1,55350,55350,0.9880386,0.0001
full,1,55400,55400,0.9879234,0.0001
full,1,55450,55450,0.9878963,0.0001
full,1,55500,55500,0.9877725,0.0001
full,1,55550,55550,0.988334,0.0001
full,1,55600,55600,0.9881424,0.0001
full,1,55650,55650,0.9879034,0.0001
full,1,55700,55700,0.9880849,0.0001
full,1,55750,55750,0.9875419,0.0001
full,1,55800,55800,0.9875223,0.0001
full,1,55850,55850,0.9882407,0.0001
full,1,55900,55900,0.9885157,0.0001
full,1,55950,55950,0.9878266,0.0001
full,1,56000,56000,0.9883091,0.0001
full,1,56050,56050,0.9878885,0.0001
full,1,56100,56100,0.9881604,0.0001
full,1,56150,56150,0.9880901,0.0001
full,1,56200,56200,0.9879438,0.0001
full,1,56250,56250,0.9881501,0.0001
full,1,56300,56300,0.9883272,0.0001
full,1,56350,56350,0.9881628,0.0001
full,1,56400,56400,0.9879146,0.0001
full,1,56450,56450,0.9881674,0.0001
full,1,56500,56500,0.9880028,0.0001
full,1,56550,56550,0.9883996,0.0001
full,1,56600,56600,0.9882251,0.0001
full,1,56650,56650,0.9877869,0.0001
full,1,56700,56700,0.98828,0.0001
full,1,56750,56750,0.988171,0.0001
full,1,56800,56800,0.9880071,0.0001
full,1,56850,56850,0.9882525,0.0001
full,1,56900,56900,0.9878458,0.0001
full,1,56950,56950,0.9882017,0.0001
full,1,57000,57000,0.9880368,0.0001
full,1,57050,57050,0.9881721,0.0001
full,1,57100,57100,0.9880157,0.0001
full,1,57150,57150,0.9879168,0.0001
full,1,57200,57200,0.9880736,0.0001
full,1,57250,57250,0.988047,0.0001
full,1,57300,57300,0.9882004,0.0001
full,1,57350,57350,0.9876744,0.0001
full,1,57400,57400,0.9877854,0.0001
full,1,57450,57450,0.9881028,0.0001
full,1,57500,57500,0.9882926,0.0001
full,1,57550,57550,0.9879131,0.0001
full,1,57600,57600,0.9883964,0.0001
full,1,57650,57650,0.988135,0.0001
full,1,57700,57700,0.9879243,0.0001
full,1,57750,57750,0.9881477,0.0001
full,1,57800,57800,0.9883588,0.0001
full,1,57850,57850,0.9882609,0.0001
full,1,57900,57900,0.9880088,0.0001
full,1,57950,57950,0.987751,0.0001
full,1,58000,58000,0.9882495,0.0001
full,1,58050,58050,0.9874568,0.0001
full,1,58100,58100,0.9883106,0.0001
full,1,58150,58150,0.9879326,0.0001
full,1,58200,58200,0.9879482,0.0001
full,1,58250,58250,0.9878389,0.0001
full,1,58300,58300,0.9882137,0.0001
full,1,58350,58350,0.9880075,0.0001
full,1,58400,58400,0.9879237,0.0001
full,1,58450,58450,0.9883047,0.0001
full,1,58500,58500,0.9881126,0.0001
full,1,58550,58550,0.9880153,0.0001
full,1,58600,58600,0.9881808,0.0001
full,1,58650,58650,0.9878366,0.0001
full,1,58700,58700,0.9880777,0.0001
full,1,58750,58750,0.9878334,0.0001
full,1,58800,58800,0.988538,0.0001
full,1,58850,58850,0.9875628,0.0001
full,1,58900,58900,0.9880136,0.0001
full,1,58950,58950,0.9880812,0.0001
full,1,59000,59000,0.9879156,0.0001
full,1,59050,59050,0.9877919,0.0001
full,1,59100,59100,0.9880468,0.0001
full,1,59150,59150,0.9879873,0.0001
full,1,59200,59200,0.9880118,0.0001
full,1,59250,59250,0.9881135,0.0001
full,1,59300,59300,0.9880942,0.0001
full,1,59350,59350,0.9877603,0.0001
full,1,59400,59400,0.9881072,0.0001
full,1,59450,59450,0.9881505,0.0001
full,1,59500,59500,0.9877669,0.0001
full,1,59550,59550,0.9878998,0.0001
full,1,59600,59600,0.988239,0.0001
full,1,59650,59650,0.987986,0.0001
full,1,59700,59700,0.9879972,0.0001
full,1,59750,59750,0.9876307,0.0001
full,1,59800,59800,0.9881966,0.0001
full,1,59850,59850,0.9881337,0.0001
full,1,59900,59900,0.9878833,0.0001
full,1,59950,59950,0.9881498,0.0001
full,1,60000,60000,0.9876205,0.0001
full,1,60050,60050,0.9879107,0.0001
full,1,60100,60100,0.9878596,0.0001
full,1,60150,60150,0.9880582,0.0001
full,1,60200,60200,0.9882553,0.0001
full,1,60250,60250,0.9882116,0.0001
full,1,60300,60300,0.9877985,0.0001
full,1,60350,60350,0.988035,0.0001
full,1,60400,60400,0.9881124,0.0001
full,1,60450,60450,0.9880711,0.0001
full,1,60500,60500,0.9879685,0.0001
full,1,60550,60550,0.9880815,0.0001
full,1,60600,60600,0.9878249,0.0001
full,1,60650,60650,0.988125,0.0001
full,1,60700,60700,0.9880437,0.0001
full,1,60750,60750,0.9877677,0.0001
full,1,60800,60800,0.9881314,0.0001
full,1,60850,60850,0.9881391,0.0001
full,1,60900,60900,0.9881952,0.0001
full,1,60950,60950,0.9877262,0.0001
full,1,61000,61000,0.9883115,0.0001
full,1,61050,61050,0.9881551,0.0001
full,1,61100,61100,0.9881704,0.0001
full,1,61150,61150,0.9878435,0.0001
full,1,61200,61200,0.9879851,0.0001
full,1,61250,61250,0.9881611,0.0001
full,1,61300,61300,0.9876661,0.0001
full,1,61350,61350,0.9876094,0.0001
full,1,61400,61400,0.9877365,0.0001
full,1,61450,61450,0.9880201,0.0001
full,1,61500,61500,0.9881341,0.0001
full,1,61550,61550,0.9881619,0.0001
full,1,61600,61600,0.9875947,0.0001
full,1,61650,61650,0.9881389,0.0001
full,1,61700,61700,0.9881221,0.0001
full,1,61750,61750,0.9879795,0.0001
full,1,61800,61800,0.9881892,0.0001
full,1,61850,61850,0.9879918,0.0001
full,1,61900,61900,0.9881237,0.0001
full,1,61950,61950,0.9882546,0.0001
full,1,62000,62000,0.988095,0.0001
full,1,62050,62050,0.9878222,0.0001
full,1,62100,62100,0.9877436,0.0001
full,1,62150,62150,0.9879248,0.0001
full,1,62200,62200,0.9875647,0.0001
full,1,62250,62250,0.9880682,0.0001
full,1,62300,62300,0.9877989,0.0001
full,1,62350,62350,0.9879587,0.0001
full,1,62400,62400,0.9880565,0.0001
full,1,62450,62450,0.9880517,0.0001
full,1,62500,62500,0.9881863,0.0001
full,1,62550,62550,0.9881186,0.0001
full,1,62600,62600,0.9880348,0.0001
full,1,62650,62650,0.9880469,0.0001
full,1,62700,62700,0.9879889,0.0001
full,1,62750,62750,0.9877667,0.0001
full,1,62800,62800,0.9876671,0.0001
full,1,62850,62850,0.9883639,0.0001
full,1,62900,62900,0.9879108,0.0001
full,1,62950,62950,0.9878181,0.0001
full,1,63000,63000,0.9881536,0.0001
full,1,63050,63050,0.9880692,0.0001
full,1,63100,63100,0.9879715,0.0001
full,1,63150,63150,0.9882137,0.0001
full,1,63200,63200,0.9880525,0.0001
full,1,63250,63250,0.9882841,0.0001
full,1,63300,63300,0.9880897,0.0001
full,1,63350,63350,0.9876621,0.0001
full,1,63400,63400,0.9880652,0.0001
full,1,63450,63450,0.9882374,0.0001
full,1,63500,63500,0.9881291,0.0001
full,1,63550,63550,0.9881604,0.0001
full,1,63600,63600,0.9878769,0.0001
full,1,63650,63650,0.9879019,0.0001
full,1,63700,63700,0.9881538,0.0001
full,1,63750,63750,0.9878716,0.0001
full,1,63800,63800,0.9882064,0.0001
full,1,63850,63850,0.9882585,0.0001
full,1,63900,63900,0.9880529,0.0001
full,1,63950,63950,0.9877765,0.0001
full,1,64000,64000,0.9881099,0.0001
full,1,64050,64050,0.9884203,0.0001
full,1,64100,64100,0.9881529,0.0001
full,1,64150,64150,0.9878652,0.0001
full,1,64200,64200,0.9879421,0.0001
full,1,64250,64250,0.9877544,0.0001
full,1,64300,64300,0.9880794,0.0001
full,1,64350,64350,0.9882975,0.0001
full,1,64400,64400,0.9881849,0.0001
full,1,64450,64450,0.9880765,0.0001
full,1,64500,64500,0.9880587,0.0001
full,1,64550,64550,0.9879712,0.0001
full,1,64600,64600,0.9878448,0.0001
full,1,64650,64650,0.9881439,0.0001
full,1,64700,64700,0.9877464,0.0001
full,1,64750,64750,0.9880855,0.0001
full,1,64800,64800,0.9879091,0.0001
full,1,64850,64850,0.988116,0.0001
full,1,64900,64900,0.9880726,0.0001
full,1,64950,64950,0.9880278,0.0001
full,1,65000,65000,0.987792,0.0001
full,1,65050,65050,0.9881369,0.0001
full,1,65100,65100,0.9879687,0.0001
full,1,65150,65150,0.987823,0.0001
full,1,65200,65200,0.9880391,0.0001
full,1,65250,65250,0.9877099,0.0001
full,1,65300,65300,0.9879089,0.0001
full,1,65350,65350,0.9880571,0.0001
full,1,65400,65400,0.9880879,0.0001
full,1,65450,65450,0.9879748,0.0001
full,1,65500,65500,0.987825,0.0001
full,1,65550,65550,0.987904,0.0001
full,1,65600,65600,0.9879478,0.0001
full,1,65650,65650,0.9877751,0.0001
full,1,65700,65700,0.9878936,0.0001
full,1,65750,65750,0.988169,0.0001
full,1,65800,65800,0.9880031,0.0001
full,1,65850,65850,0.9879235,0.0001
full,1,65900,65900,0.987763,0.0001
full,1,65950,65950,0.9879837,0.0001
full,1,66000,66000,0.9883857,0.0001
full,1,66050,66050,0.9880841,0.0001
full,1,66100,66100,0.9877723,0.0001
full,1,66150,66150,0.9881397,0.0001
full,1,66200,66200,0.9878742,0.0001
full,1,66250,66250,0.9879815,0.0001
full,1,66300,66300,0.987996,0.0001
full,1,66350,66350,0.9879944,0.0001
full,1,66400,66400,0.9880639,0.0001
full,1,66450,66450,0.988174,0.0001
full,1,66500,66500,0.9879695,0.0001
full,1,66550,66550,0.9881049,0.0001
full,1,66600,66600,0.9878947,0.0001
full,1,66650,66650,0.9880276,0.0001
full,1,66700,66700,0.9878139,0.0001
full,1,66750,66750,0.9876566,0.0001
full,1,66800,66800,0.9880282,0.0001
full,1,66850,66850,0.9881392,0.0001
full,1,66900,66900,0.9881902,0.0001
full,1,66950,66950,0.9882692,0.0001
full,1,67000,67000,0.9881287,0.0001
full,1,67050,67050,0.9883113,0.0001
full,1,67100,67100,0.9880379,0.0001
full,1,67150,67150,0.988086,0.0001
full,1,67200,67200,0.9878898,0.0001
full,1,67250,67250,0.9880652,0.0001
full,1,67300,67300,0.9880639,0.0001
full,1,67350,67350,0.9878773,0.0001
full,1,67400,67400,0.9882299,0.0001
full,1,67450,67450,0.9875533,0.0001
full,1,67500,67500,0.9881764,0.0001
full,1,67550,67550,0.9876044,0.0001
full,1,67600,67600,0.9881901,0.0001
full,1,67650,67650,0.9876332,0.0001
full,1,67700,67700,0.988251,0.0001
full,1,67750,67750,0.9882842,0.0001
full,1,67800,67800,0.9878601,0.0001
full,1,67850,67850,0.9878949,0.0001
full,1,67900,67900,0.9875674,0.0001
full,1,67950,67950,0.9878618,0.0001
full,1,68000,68000,0.9883761,0.0001
full,1,68050,68050,0.9878053,0.0001
full,1,68100,68100,0.9880904,0.0001
full,1,68150,68150,0.9875062,0.0001
full,1,68200,68200,0.988235,0.0001
full,1,68250,68250,0.9878653,0.0001
full,1,68300,68300,0.9878768,0.0001
full,1,68350,68350,0.9878942,0.0001
full,1,68400,68400,0.9879285,0.0001
full,1,68450,68450,0.9879884,0.0001
full,1,68500,68500,0.9880707,0.0001
full,1,68550,68550,0.9879707,0.0001
full,1,68600,68600,0.9877048,0.0001
full,1,68650,68650,0.9883826,0.0001
full,1,68700,68700,0.9877347,0.0001
full,1,68750,68750,0.9876984,0.0001
full,1,68800,68800,0.9880725,0.0001
full,1,68850,68850,0.9879252,0.0001
full,1,68900,68900,0.9880999,0.0001
full,1,68950,68950,0.9877386,0.0001
full,1,69000,69000,0.9882547,0.0001
full,1,69050,69050,0.9879322,0.0001
full,1,69100,69100,0.9879318,0.0001
full,1,69150,69150,0.9877388,0.0001
full,1,69200,69200,0.9878785,0.0001
full,1,69250,69250,0.9880862,0.0001
full,1,69300,69300,0.9878464,0.0001
full,1,69350,69350,0.9882638,0.0001
full,1,69400,69400,0.9880421,0.0001
full,1,69450,69450,0.9878969,0.0001
full,1,69500,69500,0.9882072,0.0001
full,1,69550,69550,0.9882308,0.0001
full,1,69600,69600,0.9878464,0.0001
full,1,69650,69650,0.9876677,0.0001
full,1,69700,69700,0.9879425,0.0001
full,1,69750,69750,0.9880464,0.0001
full,1,69800,69800,0.9880108,0.0001
full,1,69850,69850,0.9877955,0.0001
full,1,69900,69900,0.987778,0.0001
full,1,69950,69950,0.9880891,0.0001
full,1,70000,70000,0.987779,0.0001
full,1,70050,70050,0.987601,0.0001
full,1,70100,70100,0.9880859,0.0001
full,1,70150,70150,0.9881431,0.0001
full,1,70200,70200,0.9879183,0.0001
full,1,70250,70250,0.988072,0.0001
full,1,70300,70300,0.9877229,0.0001
full,1,70350,70350,0.9880096,0.0001
full,1,70400,70400,0.9880072,0.0001
full,1,70450,70450,0.9878104,0.0001
full,1,70500,70500,0.9879225,0.0001
full,1,70550,70550,0.9884746,0.0001
full,1,70600,70600,0.988009,0.0001
full,1,70650,70650,0.9877405,0.0001
full,1,70700,70700,0.9876381,0.0001
full,1,70750,70750,0.9880115,0.0001
full,1,70800,70800,0.988116,0.0001
full,1,70850,70850,0.9879577,0.0001
full,1,70900,70900,0.9880707,0.0001
full,1,70950,70950,0.9882133,0.0001
full,1,71000,71000,0.9876465,0.0001
full,1,71050,71050,0.9881088,0.0001
full,1,71100,71100,0.9877406,0.0001
full,1,71150,71150,0.9879647,0.0001
full,1,71200,71200,0.9877364,0.0001
full,1,71250,71250,0.9880925,0.0001
full,1,71300,71300,0.9879826,0.0001
full,1,71350,71350,0.9879128,0.0001
full,1,71400,71400,0.9881253,0.0001
full,1,71450,71450,0.9880415,0.0001
full,1,71500,71500,0.9881769,0.0001
full,1,71550,71550,0.9880146,0.0001
full,1,71600,71600,0.9876218,0.0001
full,1,71650,71650,0.9878949,0.0001
full,1,71700,71700,0.987717,0.0001
full,1,71750,71750,0.9878912,0.0001
full,1,71800,71800,0.9881883,0.0001
full,1,71850,71850,0.9880647,0.0001
full,1,71900,71900,0.9880284,0.0001
full,1,71950,71950,0.9878317,0.0001
full,1,72000,72000,0.9876726,0.0001
full,1,72050,72050,0.9877922,0.0001
full,1,72100,72100,0.9880728,0.0001
full,1,72150,72150,0.9880658,0.0001
full,1,72200,72200,0.9880835,0.0001
full,1,72250,72250,0.9879114,0.0001
full,1,72300,72300,0.9876413,0.0001
full,1,72350,72350,0.9882028,0.0001
full,1,72400,72400,0.9882562,0.0001
full,1,72450,72450,0.9880325,0.0001
full,1,72500,72500,0.987859,0.0001
full,1,72550,72550,0.9879147,0.0001
full,1,72600,72600,0.9879873,0.0001
full,1,72650,72650,0.9881307,0.0001
full,1,72700,72700,0.9877939,0.0001
full,1,72750,72750,0.9880182,0.0001
full,1,72800,72800,0.9879043,0.0001
full,1,72850,72850,0.9880008,0.0001
full,1,72900,72900,0.9880392,0.0001
full,1,72950,72950,0.9881994,0.0001
full,1,73000,73000,0.9878185,0.0001
full,1,73050,73050,0.9879898,0.0001
full,1,73100,73100,0.9880143,0.0001
full,1,73150,73150,0.9878942,0.0001
full,1,73200,73200,0.9874119,0.0001
full,1,73250,73250,0.9880647,0.0001
full,1,73300,73300,0.9876568,0.0001
full,1,73350,73350,0.9879901,0.0001
full,1,73400,73400,0.9879547,0.0001
full,1,73450,73450,0.9879461,0.0001
full,1,73500,73500,0.9881241,0.0001
full,1,73550,73550,0.9881309,0.0001
full,1,73600,73600,0.9878879,0.0001
full,1,73650,73650,0.9882306,0.0001
full,1,73700,73700,0.9877946,0.0001
full,1,73750,73750,0.9880534,0.0001
full,1,73800,73800,0.987808,0.0001
full,1,73850,73850,0.987959,0.0001
full,1,73900,73900,0.9876328,0.0001
full,1,73950,73950,0.988014,0.0001
full,1,74000,74000,0.9881721,0.0001
full,1,74050,74050,0.9875317,0.0001
full,1,74100,74100,0.9876407,0.0001
full,1,74150,74150,0.9876789,0.0001
full,1,74200,74200,0.9878396,0.0001
full,1,74250,74250,0.9882576,0.0001
full,1,74300,74300,0.9878497,0.0001
full,1,74350,74350,0.9876992,0.0001
full,1,74400,74400,0.9881442,0.0001
full,1,74450,74450,0.9874101,0.0001
full,1,74500,74500,0.9875768,0.0001
full,1,74550,74550,0.9876911,0.0001
full,1,74600,74600,0.9878096,0.0001
full,1,74650,74650,0.9879999,0.0001
full,1,74700,74700,0.9883024,0.0001
full,1,74750,74750,0.987975,0.0001
full,1,74800,74800,0.9878367,0.0001
full,1,74850,74850,0.9878375,0.0001
full,1,74900,74900,0.9882062,0.0001
full,1,74950,74950,0.987801,0.0001
full,1,75000,75000,0.9877846,0.0001
full,1,75050,75050,0.987584,0.0001
full,1,75100,75100,0.9877225,0.0001
full,1,75150,75150,0.9879686,0.0001
full,1,75200,75200,0.9882252,0.0001
full,1,75250,75250,0.9879085,0.0001
full,1,75300,75300,0.9875364,0.0001
full,1,75350,75350,0.9881993,0.0001
full,1,75400,75400,0.9876878,0.0001
full,1,75450,75450,0.9876669,0.0001
full,1,75500,75500,0.9873497,0.0001
full,1,75550,75550,0.9879858,0.0001
full,1,75600,75600,0.9880612,0.0001
full,1,75650,75650,0.9878368,0.0001
full,1,75700,75700,0.9882694,0.0001
full,1,75750,75750,0.9879354,0.0001
full,1,75800,75800,0.9880713,0.0001
full,1,75850,75850,0.9882438,0.0001
full,1,75900,75900,0.9880377,0.0001
full,1,75950,75950,0.9876215,0.0001
full,1,76000,76000,0.9878544,0.0001
full,1,76050,76050,0.9876454,0.0001
full,1,76100,76100,0.9883088,0.0001
full,1,76150,76150,0.9879119,0.0001
full,1,76200,76200,0.987765,0.0001
full,1,76250,76250,0.9880217,0.0001
full,1,76300,76300,0.9880636,0.0001
full,1,76350,76350,0.9875686,0.0001
full,1,76400,76400,0.9878111,0.0001
full,1,76450,76450,0.9878785,0.0001
full,1,76500,76500,0.9878372,0.0001
full,1,76550,76550,0.9878896,0.0001
full,1,76600,76600,0.9878389,0.0001
full,1,76650,76650,0.9878978,0.0001
full,1,76700,76700,0.9880663,0.0001
full,1,76750,76750,0.9882719,0.0001
full,1,76800,76800,0.9881201,0.0001
full,1,76850,76850,0.9880475,0.0001
full,1,76900,76900,0.9879029,0.0001
full,1,76950,76950,0.9877034,0.0001
full,1,77000,77000,0.9876527,0.0001
full,1,77050,77050,0.9879301,0.0001
full,1,77100,77100,0.9880207,0.0001
full,1,77150,77150,0.9875677,0.0001
full,1,77200,77200,0.9874465,0.0001
full,1,77250,77250,0.9880382,0.0001
full,1,77300,77300,0.9879386,0.0001
full,1,77350,77350,0.9880908,0.0001
full,1,77400,77400,0.9876928,0.0001
full,1,77450,77450,0.9877288,0.0001
full,1,77500,77500,0.9877244,0.0001
full,1,77550,77550,0.9877236,0.0001
full,1,77600,77600,0.9881713,0.0001
full,1,77650,77650,0.9878083,0.0001
full,1,77700,77700,0.987631,0.0001
full,1,77750,77750,0.9879037,0.0001
full,1,77800,77800,0.9880855,0.0001
full,1,77850,77850,0.9878945,0.0001
full,1,77900,77900,0.9881681,0.0001
full,1,77950,77950,0.9874266,0.0001
full,1,78000,78000,0.9881819,0.0001
full,1,78050,78050,0.9878341,0.0001
full,1,78100,78100,0.9878657,0.0001
full,1,78150,78150,0.9879152,0.0001
full,1,78200,78200,0.9874525,0.0001
full,1,78250,78250,0.9881207,0.0001
full,1,78300,78300,0.9879686,0.0001
full,1,78350,78350,0.9877893,0.0001
full,1,78400,78400,0.9882224,0.0001
full,1,78450,78450,0.9879232,0.0001
full,1,78500,78500,0.9879867,0.0001
full,1,78550,78550,0.9877992,0.0001
full,1,78600,78600,0.9880404,0.0001
full,1,78650,78650,0.9877813,0.0001
full,1,78700,78700,0.9878644,0.0001
full,1,78750,78750,0.9879317,0.0001
full,1,78800,78800,0.9878292,0.0001
full,1,78850,78850,0.9879005,0.0001
full,1,78900,78900,0.9879417,0.0001
full,1,78950,78950,0.9879739,0.0001
full,1,79000,79000,0.9880852,0.0001
full,1,79050,79050,0.9879884,0.0001
full,1,79100,79100,0.9876898,0.0001
full,1,79150,79150,0.9880633,0.0001
full,1,79200,79200,0.9880425,0.0001
full,1,79250,79250,0.9878726,0.0001
full,1,79300,79300,0.9877844,0.0001
full,1,79350,79350,0.9881367,0.0001
full,1,79400,79400,0.9878623,0.0001
full,1,79450,79450,0.9877084,0.0001
full,1,79500,79500,0.9881504,0.0001
full,1,79550,79550,0.9877231,0.0001
full,1,79600,79600,0.9877422,0.0001
full,1,79650,79650,0.9876606,0.0001
full,1,79700,79700,0.9879315,0.0001
full,1,79750,79750,0.9876104,0.0001
full,1,79800,79800,0.9879565,0.0001
full,1,79850,79850,0.987984,0.0001
full,1,79900,79900,0.9880409,0.0001
full,1,79950,79950,0.9881698,0.0001
full,1,80000,80000,0.9879274,0.0001
full,1,80050,80050,0.9876733,0.0001
full,1,80100,80100,0.9877331,0.0001
full,1,80150,80150,0.9877284,0.0001
full,1,80200,80200,0.987437,0.0001
full,1,80250,80250,0.9877135,0.0001
full,1,80300,80300,0.987703,0.0001
full,1,80350,80350,0.9878022,0.0001
full,1,80400,80400,0.987635,0.0001
full,1,80450,80450,0.9877084,0.0001
full,1,80500,80500,0.9879159,0.0001
full,1,80550,80550,0.9878578,0.0001
full,1,80600,80600,0.9879394,0.0001
full,1,80650,80650,0.9879456,0.0001
full,1,80700,80700,0.9878492,0.0001
full,1,80750,80750,0.9875945,0.0001
full,1,80800,80800,0.988144,0.0001
full,1,80850,80850,0.9875053,0.0001
full,1,80900,80900,0.9879912,0.0001
full,1,80950,80950,0.9879364,0.0001
full,1,81000,81000,0.9877833,0.0001
full,1,81050,81050,0.9882092,0.0001
full,1,81100,81100,0.9877375,0.0001
full,1,81150,81150,0.9879584,0.0001
full,1,81200,81200,0.9879417,0.0001
full,1,81250,81250,0.9877914,0.0001
full,1,81300,81300,0.9878179,0.0001
full,1,81350,81350,0.9878048,0.0001
full,1,81400,81400,0.9880783,0.0001
full,1,81450,81450,0.9879251,0.0001
full,1,81500,81500,0.9877548,0.0001
full,1,81550,81550,0.9877458,0.0001
full,1,81600,81600,0.9878483,0.0001
full,1,81650,81650,0.9878715,0.0001
full,1,81700,81700,0.9877366,0.0001
full,1,81750,81750,0.9877885,0.0001
full,1,81800,81800,0.9879723,0.0001
full,1,81850,81850,0.9877264,0.0001
full,1,81900,81900,0.9881074,0.0001
full,1,81950,81950,0.9881693,0.0001
full,1,82000,82000,0.9879996,0.0001
full,1,82050,82050,0.9879991,0.0001
full,1,82100,82100,0.9880555,0.0001
full,1,82150,82150,0.9878899,0.0001
full,1,82200,82200,0.987872,0.0001
full,1,82250,82250,0.9879377,0.0001
full,1,82300,82300,0.9878829,0.0001
full,1,82350,82350,0.9878856,0.0001
full,1,82400,82400,0.9878358,0.0001
full,1,82450,82450,0.9883051,0.0001
full,1,82500,82500,0.9877607,0.0001
full,1,82550,82550,0.987677,0.0001
full,1,82600,82600,0.9878757,0.0001
full,1,82650,82650,0.9877565,0.0001
full,1,82700,82700,0.9878889,0.0001
full,1,82750,82750,0.9879116,0.0001
full,1,82800,82800,0.9880443,0.0001
full,1,82850,82850,0.9876242,0.0001
full,1,82900,82900,0.9879391,0.0001
full,1,82950,82950,0.9881175,0.0001
full,1,83000,83000,0.9879641,0.0001
full,1,83050,83050,0.9879048,0.0001
full,1,83100,83100,0.9878337,0.0001
full,1,83150,83150,0.9879206,0.0001
full,1,83200,83200,0.9875871,0.0001
full,1,83250,83250,0.9880187,0.0001
full,1,83300,83300,0.9879074,0.0001
full,1,83350,83350,0.9877233,0.0001
full,1,83400,83400,0.9877792,0.0001
full,1,83450,83450,0.9876674,0.0001
full,1,83500,83500,0.9881262,0.0001
full,1,83550,83550,0.9874748,0.0001
full,1,83600,83600,0.987574,0.0001
full,1,83650,83650,0.9878686,0.0001
full,1,83700,83700,0.9876264,0.0001
full,1,83750,83750,0.987754,0.0001
full,1,83800,83800,0.9882548,0.0001
full,1,83850,83850,0.9879142,0.0001
full,1,83900,83900,0.9877892,0.0001
full,1,83950,83950,0.9881456,0.0001
full,1,84000,84000,0.9877641,0.0001
full,1,84050,84050,0.9882399,0.0001
full,1,84100,84100,0.9875283,0.0001
full,1,84150,84150,0.9879398,0.0001
full,1,84200,84200,0.9874867,0.0001
full,1,84250,84250,0.9876671,0.0001
full,1,84300,84300,0.9877795,0.0001
full,1,84350,84350,0.9875692,0.0001
full,1,84400,84400,0.9877748,0.0001
full,1,84450,84450,0.9879924,0.0001
full,1,84500,84500,0.987798,0.0001
full,1,84550,84550,0.9875634,0.0001
full,1,84600,84600,0.9882846,0.0001
full,1,84650,84650,0.9878991,0.0001
full,1,84700,84700,0.9877759,0.0001
full,1,84750,84750,0.987993,0.0001
full,1,84800,84800,0.9877557,0.0001
full,1,84850,84850,0.9878843,0.0001
full,1,84900,84900,0.9878909,0.0001
full,1,84950,84950,0.9875137,0.0001
full,1,85000,85000,0.9877622,0.0001
full,1,85050,85050,0.9878541,0.0001
full,1,85100,85100,0.98818,0.0001
full,1,85150,85150,0.9877824,0.0001
full,1,85200,85200,0.9876306,0.0001
full,1,85250,85250,0.9880811,0.0001
full,1,85300,85300,0.988219,0.0001
full,1,85350,85350,0.9879516,0.0001
full,1,85400,85400,0.9874225,0.0001
full,1,85450,85450,0.9878494,0.0001
full,1,85500,85500,0.9876214,0.0001
full,1,85550,85550,0.9880087,0.0001
full,1,85600,85600,0.9881173,0.0001
full,1,85650,85650,0.9878154,0.0001
full,1,85700,85700,0.9880863,0.0001
full,1,85750,85750,0.9879784,0.0001
full,1,85800,85800,0.9879678,0.0001
full,1,85850,85850,0.9878635,0.0001
full,1,85900,85900,0.9879975,0.0001
full,1,85950,85950,0.9877797,0.0001
full,1,86000,86000,0.9875984,0.0001
full,1,86050,86050,0.9879012,0.0001
full,1,86100,86100,0.98755,0.0001
full,1,86150,86150,0.987763,0.0001
full,1,86200,86200,0.9881618,0.0001
full,1,86250,86250,0.987874,0.0001
full,1,86300,86300,0.9878213,0.0001
full,1,86350,86350,0.9878929,0.0001
full,1,86400,86400,0.9879227,0.0001
full,1,86450,86450,0.9879363,0.0001
full,1,86500,86500,0.9880251,0.0001
full,1,86550,86550,0.9878314,0.0001
full,1,86600,86600,0.9873922,0.0001
full,1,86650,86650,0.987878,0.0001
full,1,86700,86700,0.9877507,0.0001
full,1,86750,86750,0.9875538,0.0001
full,1,86800,86800,0.9879242,0.0001
full,1,86850,86850,0.9874481,0.0001
full,1,86900,86900,0.9877061,0.0001
full,1,86950,86950,0.9875955,0.0001
full,1,87000,87000,0.9880416,0.0001
full,1,87050,87050,0.9879696,0.0001
full,1,87100,87100,0.9877779,0.0001
full,1,87150,87150,0.9878176,0.0001
full,1,87200,87200,0.9880021,0.0001
full,1,87250,87250,0.9877968,0.0001
full,1,87300,87300,0.9880213,0.0001
full,1,87350,87350,0.987926,0.0001
full,1,87400,87400,0.987631,0.0001
full,1,87450,87450,0.9879234,0.0001
full,1,87500,87500,0.98803,0.0001
full,1,87550,87550,0.9878944,0.0001
full,1,87600,87600,0.9880352,0.0001
full,1,87650,87650,0.9878134,0.0001
full,1,87700,87700,0.9879686,0.0001
full,1,87750,87750,0.9880461,0.0001
full,1,87800,87800,0.987646,0.0001
full,1,87850,87850,0.9875838,0.0001
full,1,87900,87900,0.9877648,0.0001
full,1,87950,87950,0.9879568,0.0001
full,1,88000,88000,0.9880171,0.0001
full,1,88050,88050,0.9877983,0.0001
full,1,88100,88100,0.9876336,0.0001
full,1,88150,88150,0.9878171,0.0001
full,1,88200,88200,0.9878654,0.0001
full,1,88250,88250,0.9880595,0.0001
full,1,88300,88300,0.9882231,0.0001
full,1,88350,88350,0.9876382,0.0001
full,1,88400,88400,0.9875541,0.0001
full,1,88450,88450,0.9878317,0.0001
full,1,88500,88500,0.9880506,0.0001
full,1,88550,88550,0.9876563,0.0001
full,1,88600,88600,0.9877576,0.0001
full,1,88650,88650,0.987915,0.0001
full,1,88700,88700,0.9882905,0.0001
full,1,88750,88750,0.9876301,0.0001
full,1,88800,88800,0.9874899,0.0001
full,1,88850,88850,0.987735,0.0001
full,1,88900,88900,0.9877092,0.0001
full,1,88950,88950,0.9881344,0.0001
full,1,89000,89000,0.9877615,0.0001
full,1,89050,89050,0.9877886,0.0001
full,1,89100,89100,0.9877623,0.0001
full,1,89150,89150,0.9882326,0.0001
full,1,89200,89200,0.9877077,0.0001
full,1,89250,89250,0.9876081,0.0001
full,1,89300,89300,0.9878339,0.0001
full,1,89350,89350,0.9876953,0.0001
full,1,89400,89400,0.987974,0.0001
full,1,89450,89450,0.9877492,0.0001
full,1,89500,89500,0.9877118,0.0001
full,1,89550,89550,0.9877129,0.0001
full,1,89600,89600,0.9877452,0.0001
full,1,89650,89650,0.9878731,0.0001
full,1,89700,89700,0.9878737,0.0001
full,1,89750,89750,0.987726,0.0001
full,1,89800,89800,0.9877676,0.0001
full,1,89850,89850,0.9877794,0.0001
full,1,89900,89900,0.9879317,0.0001
full,1,89950,89950,0.9879568,0.0001
full,1,90000,90000,0.9876211,0.0001
full,1,90050,90050,0.9879034,0.0001
full,1,90100,90100,0.9880586,0.0001
full,1,90150,90150,0.9876503,0.0001
full,1,90200,90200,0.9875817,0.0001
full,1,90250,90250,0.9876685,0.0001
full,1,90300,90300,0.9877663,0.0001
full,1,90350,90350,0.9879645,0.0001
full,1,90400,90400,0.9876325,0.0001
full,1,90450,90450,0.9881045,0.0001
full,1,90500,90500,0.9878497,0.0001
full,1,90550,90550,0.9877089,0.0001
full,1,90600,90600,0.9877268,0.0001
full,1,90650,90650,0.987581,0.0001
full,1,90700,90700,0.9880236,0.0001
full,1,90750,90750,0.9875731,0.0001
full,1,90800,90800,0.9878469,0.0001
full,1,90850,90850,0.9879032,0.0001
full,1,90900,90900,0.9879689,0.0001
full,1,90950,90950,0.987836,0.0001
full,1,91000,91000,0.9880456,0.0001
full,1,91050,91050,0.9877857,0.0001
full,1,91100,91100,0.9878401,0.0001
full,1,91150,91150,0.9878375,0.0001
full,1,91200,91200,0.987668,0.0001
full,1,91250,91250,0.9876957,0.0001
full,1,91300,91300,0.9875212,0.0001
full,1,91350,91350,0.9879119,0.0001
full,1,91400,91400,0.9875946,0.0001
full,1,91450,91450,0.9877993,0.0001
full,1,91500,91500,0.9881418,0.0001
full,1,91550,91550,0.9876773,0.0001
full,1,91600,91600,0.9876247,0.0001
full,1,91650,91650,0.9877298,0.0001
full,1,91700,91700,0.9878819,0.0001
full,1,91750,91750,0.9878456,0.0001
full,1,91800,91800,0.9879388,0.0001
full,1,91850,91850,0.9876454,0.0001
full,1,91900,91900,0.9879164,0.0001
full,1,91950,91950,0.9876716,0.0001
full,1,92000,92000,0.9878222,0.0001
full,1,92050,92050,0.987949,0.0001
full,1,92100,92100,0.9874222,0.0001
full,1,92150,92150,0.9875177,0.0001
full,1,92200,92200,0.9878628,0.0001
full,1,92250,92250,0.9880277,0.0001
full,1,92300,92300,0.9880378,0.0001
full,1,92350,92350,0.9875584,0.0001
full,1,92400,92400,0.9876565,0.0001
full,1,92450,92450,0.9876546,0.0001
full,1,92500,92500,0.9878525,0.0001
full,1,92550,92550,0.9877002,0.0001
full,1,92600,92600,0.9878497,0.0001
full,1,92650,92650,0.987677,0.0001
full,1,92700,92700,0.9879886,0.0001
full,1,92750,92750,0.9876359,0.0001
full,1,92800,92800,0.9878525,0.0001
full,1,92850,92850,0.9876801,0.0001
full,1,92900,92900,0.9876004,0.0001
full,1,92950,92950,0.9879813,0.0001
full,1,93000,93000,0.9876053,0.0001
full,1,93050,93050,0.9877462,0.0001
full,1,93100,93100,0.9878399,0.0001
full,1,93150,93150,0.9877708,0.0001
full,1,93200,93200,0.988047,0.0001
full,1,93250,93250,0.9876369,0.0001
full,1,93300,93300,0.9876935,0.0001
full,1,93350,93350,0.9880982,0.0001
full,1,93400,93400,0.9877494,0.0001
full,1,93450,93450,0.9877739,0.0001
full,1,93500,93500,0.9878517,0.0001
full,1,93550,93550,0.9880187,0.0001
full,1,93600,93600,0.9881061,0.0001
full,1,93650,93650,0.9879685,0.0001
full,1,93700,93700,0.9879999,0.0001
full,1,93750,93750,0.9875375,0.0001
full,1,93800,93800,0.9877892,0.0001
full,1,93850,93850,0.9882156,0.0001
full,1,93900,93900,0.987811,0.0001
full,1,93950,93950,0.9883168,0.0001
full,1,94000,94000,0.9877135,0.0001
full,1,94050,94050,0.9878152,0.0001
full,1,94100,94100,0.9878001,0.0001
full,1,94150,94150,0.9877947,0.0001
full,1,94200,94200,0.9877363,0.0001
full,1,94250,94250,0.9874151,0.0001
full,1,94300,94300,0.9877956,0.0001
full,1,94350,94350,0.9876705,0.0001
full,1,94400,94400,0.9875563,0.0001
full,1,94450,94450,0.9880198,0.0001
full,1,94500,94500,0.9876916,0.0001
full,1,94550,94550,0.9880052,0.0001
full,1,94600,94600,0.9873368,0.0001
full,1,94650,94650,0.9876633,0.0001
full,1,94700,94700,0.9878883,0.0001
full,1,94750,94750,0.9878391,0.0001
full,1,94800,94800,0.9877443,0.0001
full,1,94850,94850,0.9879527,0.0001
full,1,94900,94900,0.9877547,0.0001
full,1,94950,94950,0.9874544,0.0001
full,1,95000,95000,0.9881157,0.0001
full,1,95050,95050,0.9879309,0.0001
full,1,95100,95100,0.9881889,0.0001
full,1,95150,95150,0.9879,0.0001
full,1,95200,95200,0.9879409,0.0001
full,1,95250,95250,0.9875528,0.0001
full,1,95300,95300,0.9882094,0.0001
full,1,95350,95350,0.9875611,0.0001
full,1,95400,95400,0.9878573,0.0001
full,1,95450,95450,0.987677,0.0001
full,1,95500,95500,0.9879306,0.0001
full,1,95550,95550,0.9877597,0.0001
full,1,95600,95600,0.9880832,0.0001
full,1,95650,95650,0.9874993,0.0001
full,1,95700,95700,0.9880432,0.0001
full,1,95750,95750,0.9878731,0.0001
full,1,95800,95800,0.9877641,0.0001
full,1,95850,95850,0.9878467,0.0001
full,1,95900,95900,0.9873203,0.0001
full,1,95950,95950,0.9879817,0.0001
full,1,96000,96000,0.9879147,0.0001
full,1,96050,96050,0.9875058,0.0001
full,1,96100,96100,0.9880548,0.0001
full,1,96150,96150,0.9876779,0.0001
full,1,96200,96200,0.9876316,0.0001
full,1,96250,96250,0.9877164,0.0001
full,1,96300,96300,0.9879658,0.0001
full,1,96350,96350,0.9876421,0.0001
full,1,96400,96400,0.9876133,0.0001
full,1,96450,96450,0.9881181,0.0001
full,1,96500,96500,0.987931,0.0001
full,1,96550,96550,0.9875972,0.0001
full,1,96600,96600,0.9876557,0.0001
full,1,96650,96650,0.9879889,0.0001
full,1,96700,96700,0.9878633,0.0001
full,1,96750,96750,0.9878392,0.0001
full,1,96800,96800,0.9879634,0.0001
full,1,96850,96850,0.9879422,0.0001
full,1,96900,96900,0.9875494,0.0001
full,1,96950,96950,0.987762,0.0001
full,1,97000,97000,0.9880952,0.0001
full,1,97050,97050,0.987717,0.0001
full,1,97100,97100,0.9880942,0.0001
full,1,97150,97150,0.9878544,0.0001
full,1,97200,97200,0.9879786,0.0001
full,1,97250,97250,0.9879873,0.0001
full,1,97300,97300,0.9879605,0.0001
full,1,97350,97350,0.9878786,0.0001
full,1,97400,97400,0.988053,0.0001
full,1,97450,97450,0.987957,0.0001
full,1,97500,97500,0.9875723,0.0001
full,1,97550,97550,0.9877195,0.0001
full,1,97600,97600,0.9876631,0.0001
full,1,97650,97650,0.987628,0.0001
full,1,97700,97700,0.9881355,0.0001
full,1,97750,97750,0.9881745,0.0001
full,1,97800,97800,0.9879997,0.0001
full,1,97850,97850,0.9878313,0.0001
full,1,97900,97900,0.9876307,0.0001
full,1,97950,97950,0.987598,0.0001
full,1,98000,98000,0.9875519,0.0001
full,1,98050,98050,0.9878255,0.0001
full,1,98100,98100,0.9881126,0.0001
full,1,98150,98150,0.9877772,0.0001
full,1,98200,98200,0.9879644,0.0001
full,1,98250,98250,0.987444,0.0001
full,1,98300,98300,0.9878768,0.0001
full,1,98350,98350,0.9876478,0.0001
full,1,98400,98400,0.9876834,0.0001
full,1,98450,98450,0.9876918,0.0001
full,1,98500,98500,0.9879211,0.0001
full,1,98550,98550,0.9881054,0.0001
full,1,98600,98600,0.9874862,0.0001
full,1,98650,98650,0.988171,0.0001
full,1,98700,98700,0.9876822,0.0001
full,1,98750,98750,0.9879869,0.0001
full,1,98800,98800,0.9882228,0.0001
full,1,98850,98850,0.9875543,0.0001
full,1,98900,98900,0.9877268,0.0001
full,1,98950,98950,0.9878168,0.0001
full,1,99000,99000,0.9878466,0.0001
full,1,99050,99050,0.9882478,0.0001
full,1,99100,99100,0.9878754,0.0001
full,1,99150,99150,0.98781,0.0001
full,1,99200,99200,0.9875008,0.0001
full,1,99250,99250,0.9873642,0.0001
full,1,99300,99300,0.9876704,0.0001
full,1,99350,99350,0.9876601,0.0001
full,1,99400,99400,0.987667,0.0001
full,1,99450,99450,0.9877212,0.0001
full,1,99500,99500,0.9881072,0.0001
full,1,99550,99550,0.9877669,0.0001
full,1,99600,99600,0.9879127,0.0001
full,1,99650,99650,0.9878045,0.0001
full,1,99700,99700,0.987687,0.0001
full,1,99750,99750,0.9875078,0.0001
full,1,99800,99800,0.9876871,0.0001
full,1,99850,99850,0.9876162,0.0001
full,1,99900,99900,0.9875666,0.0001
full,1,99950,99950,0.9883403,0.0001
full,1,100000,100000,0.9878514,0.0001
full,1,100050,100050,0.9879395,0.0001
full,1,100100,100100,0.9875582,0.0001
full,1,100150,100150,0.9876391,0.0001
full,1,100200,100200,0.9878489,0.0001
full,1,100250,100250,0.9877513,0.0001
full,1,100300,100300,0.9879254,0.0001
full,1,100350,100350,0.9876091,0.0001
full,1,100400,100400,0.987758,0.0001
full,1,100450,100450,0.9879362,0.0001
full,1,100500,100500,0.9875466,0.0001
full,1,100550,100550,0.9878064,0.0001
full,1,100600,100600,0.9874843,0.0001
full,1,100650,100650,0.9873867,0.0001
full,1,100700,100700,0.9880175,0.0001
full,1,100750,100750,0.9879864,0.0001
full,1,100800,100800,0.9879319,0.0001
full,1,100850,100850,0.9877453,0.0001
full,1,100900,100900,0.9879974,0.0001
full,1,100950,100950,0.9877104,0.0001
full,1,101000,101000,0.9879291,0.0001
full,1,101050,101050,0.9875622,0.0001
full,1,101100,101100,0.9876575,0.0001
full,1,101150,101150,0.9876617,0.0001
full,1,101200,101200,0.9877111,0.0001
full,1,101250,101250,0.9878223,0.0001
full,1,101300,101300,0.9873786,0.0001
full,1,101350,101350,0.9879085,0.0001
full,1,101400,101400,0.9878293,0.0001
full,1,101450,101450,0.9876713,0.0001
full,1,101500,101500,0.987892,0.0001
full,1,101550,101550,0.9880293,0.0001
full,1,101600,101600,0.987609,0.0001
full,1,101650,101650,0.9878623,0.0001
full,1,101700,101700,0.9877715,0.0001
full,1,101750,101750,0.9883304,0.0001
full,1,101800,101800,0.9876165,0.0001
full,1,101850,101850,0.9879005,0.0001
full,1,101900,101900,0.9878742,0.0001
full,1,101950,101950,0.9876785,0.0001
full,1,102000,102000,0.9880554,0.0001
full,1,102050,102050,0.9879729,0.0001
full,1,102100,102100,0.9872708,0.0001
full,1,102150,102150,0.9877925,0.0001
full,1,102200,102200,0.9879562,0.0001
full,1,102250,102250,0.9878078,0.0001
full,1,102300,102300,0.9880455,0.0001
full,1,102350,102350,0.9879133,0.0001
full,1,102400,102400,0.9880827,0.0001
full,1,102450,102450,0.9876277,0.0001
full,1,102500,102500,0.9877704,0.0001
full,1,102550,102550,0.9875216,0.0001
full,1,102600,102600,0.9880478,0.0001
full,1,102650,102650,0.9876464,0.0001
full,1,102700,102700,0.9878473,0.0001
full,1,102750,102750,0.9880814,0.0001
full,1,102800,102800,0.9878996,0.0001
full,1,102850,102850,0.9875957,0.0001
full,1,102900,102900,0.9875268,0.0001
full,1,102950,102950,0.9875855,0.0001
full,1,103000,103000,0.9876784,0.0001
full,1,103050,103050,0.987798,0.0001
full,1,103100,103100,0.9876679,0.0001
full,1,103150,103150,0.9878424,0.0001
full,1,103200,103200,0.9878048,0.0001
full,1,103250,103250,0.9874743,0.0001
full,1,103300,103300,0.9878585,0.0001
full,1,103350,103350,0.9880345,0.0001
full,1,103400,103400,0.9878384,0.0001
full,1,103450,103450,0.9876568,0.0001
full,1,103500,103500,0.9877015,0.0001
full,1,103550,103550,0.9877484,0.0001
full,1,103600,103600,0.9876243,0.0001
full,1,103650,103650,0.9877855,0.0001
full,1,103700,103700,0.9873554,0.0001
full,1,103750,103750,0.9874985,0.0001
full,1,103800,103800,0.9882062,0.0001
full,1,103850,103850,0.9875091,0.0001
full,1,103900,103900,0.9880102,0.0001
full,1,103950,103950,0.9880732,0.0001
full,1,104000,104000,0.9875799,0.0001
full,1,104050,104050,0.9878592,0.0001
full,1,104100,104100,0.987843,0.0001
full,1,104150,104150,0.9875348,0.0001
full,1,104200,104200,0.987747,0.0001
full,1,104250,104250,0.9881006,0.0001
full,1,104300,104300,0.9874086,0.0001
full,1,104350,104350,0.9875525,0.0001
full,1,104400,104400,0.987841,0.0001
full,1,104450,104450,0.9880312,0.0001
full,1,104500,104500,0.9880008,0.0001
full,1,104550,104550,0.9876119,0.0001
full,1,104600,104600,0.988121,0.0001
full,1,104650,104650,0.9876533,0.0001
full,1,104700,104700,0.9883612,0.0001
full,1,104750,104750,0.9871511,0.0001
full,1,104800,104800,0.9876122,0.0001
full,1,104850,104850,0.9876401,0.0001
full,1,104900,104900,0.9877412,0.0001
full,1,104950,104950,0.9879353,0.0001
full,1,105000,105000,0.9876853,0.0001
full,1,105050,105050,0.9880694,0.0001
full,1,105100,105100,0.9880134,0.0001
full,1,105150,105150,0.9876679,0.0001
full,1,105200,105200,0.9881767,0.0001
full,1,105250,105250,0.987519,0.0001
full,1,105300,105300,0.9877484,0.0001
full,1,105350,105350,0.9875644,0.0001
full,1,105400,105400,0.9878752,0.0001
full,1,105450,105450,0.9879968,0.0001
full,1,105500,105500,0.9877241,0.0001
full,1,105550,105550,0.9876376,0.0001
full,1,105600,105600,0.9879273,0.0001
full,1,105650,105650,0.987604,0.0001
full,1,105700,105700,0.9875109,0.0001
full,1,105750,105750,0.9878084,0.0001
full,1,105800,105800,0.9879708,0.0001
full,1,105850,105850,0.9875947,0.0001
full,1,105900,105900,0.9880625,0.0001
full,1,105950,105950,0.9876445,0.0001
full,1,106000,106000,0.9875459,0.0001
full,1,106050,106050,0.987833,0.0001
full,1,106100,106100,0.9876601,0.0001
full,1,106150,106150,0.9879791,0.0001
full,1,106200,106200,0.9878157,0.0001
full,1,106250,106250,0.9880257,0.0001
full,1,106300,106300,0.9878679,0.0001
full,1,106350,106350,0.988266,0.0001
full,1,106400,106400,0.9877473,0.0001
full,1,106450,106450,0.9877824,0.0001
full,1,106500,106500,0.9880512,0.0001
full,1,106550,106550,0.9878516,0.0001
full,1,106600,106600,0.9877018,0.0001
full,1,106650,106650,0.9879837,0.0001
full,1,106700,106700,0.9873711,0.0001
full,1,106750,106750,0.9875658,0.0001
full,1,106800,106800,0.988014,0.0001
full,1,106850,106850,0.987886,0.0001
full,1,106900,106900,0.9881476,0.0001
full,1,106950,106950,0.9873809,0.0001
full,1,107000,107000,0.9875261,0.0001
full,1,107050,107050,0.9874209,0.0001
full,1,107100,107100,0.9881917,0.0001
full,1,107150,107150,0.9876004,0.0001
full,1,107200,107200,0.9879687,0.0001
full,1,107250,107250,0.9878053,0.0001
full,1,107300,107300,0.988004,0.0001
full,1,107350,107350,0.9877906,0.0001
full,1,107400,107400,0.9876207,0.0001
full,1,107450,107450,0.9877156,0.0001
full,1,107500,107500,0.9877555,0.0001
full,1,107550,107550,0.9878808,0.0001
full,1,107600,107600,0.987941,0.0001
full,1,107650,107650,0.9877028,0.0001
full,1,107700,107700,0.987798,0.0001
full,1,107750,107750,0.987653,0.0001
full,1,107800,107800,0.9876884,0.0001
full,1,107850,107850,0.9879344,0.0001
full,1,107900,107900,0.9877183,0.0001
full,1,107950,107950,0.9879932,0.0001
full,1,108000,108000,0.9876955,0.0001
full,1,108050,108050,0.9879592,0.0001
full,1,108100,108100,0.9875169,0.0001
full,1,108150,108150,0.9875081,0.0001
full,1,108200,108200,0.9877138,0.0001
full,1,108250,108250,0.9876122,0.0001
full,1,108300,108300,0.9876753,0.0001
full,1,108350,108350,0.9878178,0.0001
full,1,108400,108400,0.9875005,0.0001
full,1,108450,108450,0.9878679,0.0001
full,1,108500,108500,0.9877723,0.0001
full,1,108550,108550,0.9875808,0.0001
full,1,108600,108600,0.9881368,0.0001
full,1,108650,108650,0.988269,0.0001
full,1,108700,108700,0.9878999,0.0001
full,1,108750,108750,0.9879221,0.0001
full,1,108800,108800,0.9881001,0.0001
full,1,108850,108850,0.9878215,0.0001
full,1,108900,108900,0.9877148,0.0001
full,1,108950,108950,0.9878279,0.0001
full,1,109000,109000,0.987881,0.0001
full,1,109050,109050,0.9877162,0.0001
full,1,109100,109100,0.9877219,0.0001
full,1,109150,109150,0.9878802,0.0001
full,1,109200,109200,0.9879233,0.0001
full,1,109250,109250,0.9877241,0.0001
full,1,109300,109300,0.987586,0.0001
full,1,109350,109350,0.987343,0.0001
full,1,109400,109400,0.987722,0.0001
full,1,109450,109450,0.9876975,0.0001
full,1,109500,109500,0.987702,0.0001
full,1,109550,109550,0.9875528,0.0001
full,1,109600,109600,0.9877799,0.0001
full,1,109650,109650,0.9878274,0.0001
full,1,109700,109700,0.9878901,0.0001
full,1,109750,109750,0.9875754,0.0001
full,1,109800,109800,0.9880811,0.0001
full,1,109850,109850,0.988007,0.0001
full,1,109900,109900,0.9877975,0.0001
full,1,109950,109950,0.9875658,0.0001
full,1,110000,110000,0.9879429,0.0001
full,1,110050,110050,0.9875386,0.0001
full,1,110100,110100,0.9877858,0.0001
full,1,110150,110150,0.9875102,0.0001
full,1,110200,110200,0.9875882,0.0001
full,1,110250,110250,0.9878209,0.0001
full,1,110300,110300,0.9876649,0.0001
full,1,110350,110350,0.9880475,0.0001
full,1,110400,110400,0.9877342,0.0001
full,1,110450,110450,0.9878895,0.0001
full,1,110500,110500,0.9876047,0.0001
full,1,110550,110550,0.9875588,0.0001
full,1,110600,110600,0.9878007,0.0001
full,1,110650,110650,0.9876671,0.0001
full,1,110700,110700,0.9874491,0.0001
full,1,110750,110750,0.9878247,0.0001
full,1,110800,110800,0.9876111,0.0001
full,1,110850,110850,0.9878721,0.0001
full,1,110900,110900,0.988086,0.0001
full,1,110950,110950,0.9876309,0.0001
full,1,111000,111000,0.987802,0.0001
full,1,111050,111050,0.9876752,0.0001
full,1,111100,111100,0.9878247,0.0001
full,1,111150,111150,0.9873401,0.0001
full,1,111200,111200,0.9881604,0.0001
full,1,111250,111250,0.9878141,0.0001
full,1,111300,111300,0.9878249,0.0001
full,1,111350,111350,0.9873741,0.0001
full,1,111400,111400,0.9878448,0.0001
full,1,111450,111450,0.9876396,0.0001
full,1,111500,111500,0.9876701,0.0001
full,1,111550,111550,0.9872947,0.0001
full,1,111600,111600,0.9877165,0.0001
full,1,111650,111650,0.9878101,0.0001
full,1,111700,111700,0.9878969,0.0001
full,1,111750,111750,0.9876282,0.0001
full,1,111800,111800,0.987379,0.0001
full,1,111850,111850,0.9877887,0.0001
full,1,111900,111900,0.9878896,0.0001
full,1,111950,111950,0.9876949,0.0001
full,1,112000,112000,0.9882517,0.0001
full,1,112050,112050,0.9877877,0.0001
full,1,112100,112100,0.9874273,0.0001
full,1,112150,112150,0.9876863,0.0001
full,1,112200,112200,0.9877056,0.0001
full,1,112250,112250,0.9877798,0.0001
full,1,112300,112300,0.9877473,0.0001
full,1,112350,112350,0.9876891,0.0001
full,1,112400,112400,0.987574,0.0001
full,1,112450,112450,0.9875333,0.0001
full,1,112500,112500,0.9876125,0.0001
full,1,112550,112550,0.9876462,0.0001
full,1,112600,112600,0.9879085,0.0001
full,1,112650,112650,0.9878922,0.0001
full,1,112700,112700,0.9875138,0.0001
full,1,112750,112750,0.9881446,0.0001
full,1,112800,112800,0.9878122,0.0001
full,1,112850,112850,0.9877347,0.0001
full,1,112900,112900,0.9880356,0.0001
full,1,112950,112950,0.9877361,0.0001
full,1,113000,113000,0.9877383,0.0001
full,1,113050,113050,0.9876606,0.0001
full,1,113100,113100,0.9879599,0.0001
full,1,113150,113150,0.9879377,0.0001
full,1,113200,113200,0.987408,0.0001
full,1,113250,113250,0.9878868,0.0001
full,1,113300,113300,0.9877443,0.0001
full,1,113350,113350,0.9879699,0.0001
full,1,113400,113400,0.9877164,0.0001
full,1,113450,113450,0.9879397,0.0001
full,1,113500,113500,0.9880857,0.0001
full,1,113550,113550,0.9879066,0.0001
full,1,113600,113600,0.9880167,0.0001
full,1,113650,113650,0.9879529,0.0001
full,1,113700,113700,0.9876491,0.0001
full,1,113750,113750,0.9879029,0.0001
full,1,113800,113800,0.9877493,0.0001
full,1,113850,113850,0.9876633,0.0001
full,1,113900,113900,0.9878902,0.0001
full,1,113950,113950,0.9875932,0.0001
full,1,114000,114000,0.9880028,0.0001
full,1,114050,114050,0.9879325,0.0001
full,1,114100,114100,0.9874974,0.0001
full,1,114150,114150,0.9878817,0.0001
full,1,114200,114200,0.9876432,0.0001
full,1,114250,114250,0.9878148,0.0001
full,1,114300,114300,0.987774,0.0001
full,1,114350,114350,0.9878269,0.0001
full,1,114400,114400,0.987691,0.0001
full,1,114450,114450,0.9876564,0.0001
full,1,114500,114500,0.9880418,0.0001
full,1,114550,114550,0.9879135,0.0001
full,1,114600,114600,0.9876548,0.0001
full,1,114650,114650,0.9874107,0.0001
full,1,114700,114700,0.9880385,0.0001
full,1,114750,114750,0.987907,0.0001
full,1,114800,114800,0.9874795,0.0001
full,1,114850,114850,0.9879684,0.0001
full,1,114900,114900,0.9878856,0.0001
full,1,114950,114950,0.9878615,0.0001
full,1,115000,115000,0.9875045,0.0001
full,1,115050,115050,0.9875079,0.0001
full,1,115100,115100,0.9882774,0.0001
full,1,115150,115150,0.9877993,0.0001
full,1,115200,115200,0.9876841,0.0001
full,1,115250,115250,0.9877445,0.0001
full,1,115300,115300,0.9873089,0.0001
full,1,115350,115350,0.9875352,0.0001
full,1,115400,115400,0.9878657,0.0001
full,1,115450,115450,0.9877129,0.0001
full,1,115500,115500,0.9874433,0.0001
full,1,115550,115550,0.9878553,0.0001
full,1,115600,115600,0.9874931,0.0001
full,1,115650,115650,0.9875317,0.0001
full,1,115700,115700,0.9874723,0.0001
full,1,115750,115750,0.9877807,0.0001
full,1,115800,115800,0.9875665,0.0001
full,1,115850,115850,0.9876978,0.0001
full,1,115900,115900,0.9878128,0.0001
full,1,115950,115950,0.9877222,0.0001
full,1,116000,116000,0.9877058,0.0001
full,1,116050,116050,0.9879999,0.0001
full,1,116100,116100,0.9879265,0.0001
full,1,116150,116150,0.9876731,0.0001
full,1,116200,116200,0.9875998,0.0001
full,1,116250,116250,0.9875706,0.0001
full,1,116300,116300,0.9877484,0.0001
full,1,116350,116350,0.9875206,0.0001
full,1,116400,116400,0.9872746,0.0001
full,1,116450,116450,0.987769,0.0001
full,1,116500,116500,0.9872563,0.0001
full,1,116550,116550,0.9877421,0.0001
full,1,116600,116600,0.9876789,0.0001
full,1,116650,116650,0.9876126,0.0001
full,1,116700,116700,0.9873769,0.0001
full,1,116750,116750,0.9878332,0.0001
full,1,116800,116800,0.9873437,0.0001
full,1,116850,116850,0.9879593,0.0001
full,1,116900,116900,0.9878443,0.0001
full,1,116950,116950,0.9877753,0.0001
full,1,117000,117000,0.9878402,0.0001
full,1,117050,117050,0.9873937,0.0001
full,1,117100,117100,0.9878002,0.0001
full,1,117150,117150,0.9875127,0.0001
full,1,117200,117200,0.9874871,0.0001
full,1,117250,117250,0.987321,0.0001
full,1,117300,117300,0.9874647,0.0001
full,1,117350,117350,0.9877579,0.0001
full,1,117400,117400,0.9875757,0.0001
full,1,117450,117450,0.9876114,0.0001
full,1,117500,117500,0.9874705,0.0001
full,1,117550,117550,0.9877648,0.0001
full,1,117600,117600,0.9878528,0.0001
full,1,117650,117650,0.9877796,0.0001
full,1,117700,117700,0.9875385,0.0001
full,1,117750,117750,0.9877287,0.0001
full,1,117800,117800,0.987541,0.0001
full,1,117850,117850,0.987646,0.0001
full,1,117900,117900,0.9878704,0.0001
full,1,117950,117950,0.9875575,0.0001
full,1,118000,118000,0.9873448,0.0001
full,1,118050,118050,0.9873296,0.0001
full,1,118100,118100,0.9877524,0.0001
full,1,118150,118150,0.9878543,0.0001
full,1,118200,118200,0.9877895,0.0001
full,1,118250,118250,0.9878028,0.0001
full,1,118300,118300,0.9877743,0.0001
full,1,118350,118350,0.9878244,0.0001
full,1,118400,118400,0.9872124,0.0001
full,1,118450,118450,0.987383,0.0001
full,1,118500,118500,0.9879608,0.0001
full,1,118550,118550,0.9874879,0.0001
full,1,118600,118600,0.9877042,0.0001
full,1,118650,118650,0.9875633,0.0001
full,1,118700,118700,0.9876783,0.0001
full,1,118750,118750,0.9876729,0.0001
full,1,118800,118800,0.987856,0.0001
full,1,118850,118850,0.9876887,0.0001
full,1,118900,118900,0.9877603,0.0001
full,1,118950,118950,0.9879514,0.0001
full,1,119000,119000,0.9878423,0.0001
full,1,119050,119050,0.9876857,0.0001
full,1,119100,119100,0.9872903,0.0001
full,1,119150,119150,0.9874589,0.0001
full,1,119200,119200,0.9874148,0.0001
full,1,119250,119250,0.9882089,0.0001
full,1,119300,119300,0.9876323,0.0001
full,1,119350,119350,0.9876825,0.0001
full,1,119400,119400,0.9873757,0.0001
full,1,119450,119450,0.9874784,0.0001
full,1,119500,119500,0.9876636,0.0001
full,1,119550,119550,0.9875028,0.0001
full,1,119600,119600,0.9876476,0.0001
full,1,119650,119650,0.9878126,0.0001
full,1,119700,119700,0.9879451,0.0001
full,1,119750,119750,0.9875742,0.0001
full,1,119800,119800,0.9874422,0.0001
full,1,119850,119850,0.9873441,0.0001
full,1,119900,119900,0.9876676,0.0001
full,1,119950,119950,0.9877906,0.0001
full,1,120000,120000,0.9875306,0.0001
full,1,120050,120050,0.9877525,0.0001
full,1,120100,120100,0.9878005,0.0001
full,1,120150,120150,0.9875851,0.0001
full,1,120200,120200,0.9877892,0.0001
full,1,120250,120250,0.9873941,0.0001
full,1,120300,120300,0.9877815,0.0001
full,1,120350,120350,0.9877273,0.0001
full,1,120400,120400,0.9877946,0.0001
full,1,120450,120450,0.9872367,0.0001
full,1,120500,120500,0.9875839,0.0001
full,1,120550,120550,0.9879643,0.0001
full,1,120600,120600,0.9877598,0.0001
full,1,120650,120650,0.988132,0.0001
full,1,120700,120700,0.9877414,0.0001
full,1,120750,120750,0.9875266,0.0001
full,1,120800,120800,0.9877087,0.0001
full,1,120850,120850,0.9878554,0.0001
full,1,120900,120900,0.9876876,0.0001
full,1,120950,120950,0.9877771,0.0001
full,1,121000,121000,0.9874913,0.0001
full,1,121050,121050,0.9873843,0.0001
full,1,121100,121100,0.9876745,0.0001
full,1,121150,121150,0.9876437,0.0001
full,1,121200,121200,0.9874181,0.0001
full,1,121250,121250,0.9874127,0.0001
full,1,121300,121300,0.9875461,0.0001
full,1,121350,121350,0.9879826,0.0001
full,1,121400,121400,0.987725,0.0001
full,1,121450,121450,0.98718,0.0001
full,1,121500,121500,0.9878913,0.0001
full,1,121550,121550,0.9877334,0.0001
full,1,121600,121600,0.9876025,0.0001
full,1,121650,121650,0.9879398,0.0001
full,1,121700,121700,0.9879072,0.0001
full,1,121750,121750,0.9877282,0.0001
full,1,121800,121800,0.9875848,0.0001
full,1,121850,121850,0.9881409,0.0001
full,1,121900,121900,0.9879086,0.0001
full,1,121950,121950,0.987619,0.0001
full,1,122000,122000,0.9878895,0.0001
full,1,122050,122050,0.9877033,0.0001
full,1,122100,122100,0.9873617,0.0001
full,1,122150,122150,0.9871301,0.0001
full,1,122200,122200,0.9878186,0.0001
full,1,122250,122250,0.9879386,0.0001
full,1,122300,122300,0.9880301,0.0001
full,1,122350,122350,0.9876021,0.0001
full,1,122400,122400,0.9878844,0.0001
full,1,122450,122450,0.987952,0.0001
full,1,122500,122500,0.9877595,0.0001
full,1,122550,122550,0.9876435,0.0001
full,1,122600,122600,0.987747,0.0001
full,1,122650,122650,0.9879504,0.0001
full,1,122700,122700,0.9878519,0.0001
full,1,122750,122750,0.9879244,0.0001
full,1,122800,122800,0.9878178,0.0001
full,1,122850,122850,0.9877264,0.0001
full,1,122900,122900,0.9879233,0.0001
full,1,122950,122950,0.9876548,0.0001
full,1,123000,123000,0.9874069,0.0001
full,1,123050,123050,0.9876184,0.0001
full,1,123100,123100,0.9875067,0.0001
full,1,123150,123150,0.9877023,0.0001
full,1,123200,123200,0.9876729,0.0001
full,1,123250,123250,0.9877955,0.0001
full,1,123300,123300,0.9879621,0.0001
full,1,123350,123350,0.987623,0.0001
full,1,123400,123400,0.9879366,0.0001
full,1,123450,123450,0.9877658,0.0001
full,1,123500,123500,0.9875383,0.0001
full,1,123550,123550,0.9878537,0.0001
full,1,123600,123600,0.987355,0.0001
full,1,123650,123650,0.9873157,0.0001
full,1,123700,123700,0.9873289,0.0001
full,1,123750,123750,0.9876643,0.0001
full,1,123800,123800,0.9875957,0.0001
full,1,123850,123850,0.987568,0.0001
full,1,123900,123900,0.9878116,0.0001
full,1,123950,123950,0.9880419,0.0001
full,1,124000,124000,0.9878808,0.0001
full,1,124050,124050,0.9877092,0.0001
full,1,124100,124100,0.9877483,0.0001
full,1,124150,124150,0.9874102,0.0001
full,1,124200,124200,0.9876791,0.0001
full,1,124250,124250,0.9878925,0.0001
full,1,124300,124300,0.9876955,0.0001
full,1,124350,124350,0.9875588,0.0001
full,1,124400,124400,0.9873264,0.0001
full,1,124450,124450,0.987887,0.0001
full,1,124500,124500,0.9876805,0.0001
full,1,124550,124550,0.9875691,0.0001
full,1,124600,124600,0.9879457,0.0001
full,1,124650,124650,0.987582,0.0001
full,1,124700,124700,0.9880787,0.0001
full,1,124750,124750,0.987654,0.0001
full,1,124800,124800,0.9879486,0.0001
full,1,124850,124850,0.9877146,0.0001
full,1,124900,124900,0.9880416,0.0001
full,1,124950,124950,0.9875531,0.0001
full,1,125000,125000,0.988077,0.0001
full,1,125050,125050,0.9879837,0.0001
full,1,125100,125100,0.9876987,0.0001
full,1,125150,125150,0.9875708,0.0001
full,1,125200,125200,0.9878616,0.0001
full,1,125250,125250,0.9876476,0.0001
full,1,125300,125300,0.9878683,0.0001
full,1,125350,125350,0.9875456,0.0001
full,1,125400,125400,0.987721,0.0001
full,1,125450,125450,0.9880487,0.0001
full,1,125500,125500,0.9877649,0.0001
full,1,125550,125550,0.9877951,0.0001
full,1,125600,125600,0.9875821,0.0001
full,1,125650,125650,0.9876395,0.0001
full,1,125700,125700,0.9876355,0.0001
full,1,125750,125750,0.9874053,0.0001
full,1,125800,125800,0.9880539,0.0001
full,1,125850,125850,0.9879174,0.0001
full,1,125900,125900,0.9876642,0.0001
full,1,125950,125950,0.9876279,0.0001
full,1,126000,126000,0.9875839,0.0001
full,1,126050,126050,0.9875142,0.0001
full,1,126100,126100,0.9877288,0.0001
full,1,126150,126150,0.9879373,0.0001
full,1,126200,126200,0.9875527,0.0001
full,1,126250,126250,0.987696,0.0001
full,1,126300,126300,0.9874887,0.0001
full,1,126350,126350,0.9877144,0.0001
full,1,126400,126400,0.9878107,0.0001
full,1,126450,126450,0.9878963,0.0001
full,1,126500,126500,0.9876178,0.0001
full,1,126550,126550,0.9878742,0.0001
full,1,126600,126600,0.9874021,0.0001
full,1,126650,126650,0.9876772,0.0001
full,1,126700,126700,0.9877583,0.0001
full,1,126750,126750,0.9876532,0.0001
full,1,126800,126800,0.9875808,0.0001
full,1,126850,126850,0.9874108,0.0001
full,1,126900,126900,0.9881362,0.0001
full,1,126950,126950,0.9877979,0.0001
full,1,127000,127000,0.9873052,0.0001
full,1,127050,127050,0.9881832,0.0001
full,1,127100,127100,0.9875573,0.0001
full,1,127150,127150,0.9876398,0.0001
full,1,127200,127200,0.987617,0.0001
full,1,127250,127250,0.9878666,0.0001
full,1,127300,127300,0.9878038,0.0001
full,1,127350,127350,0.9875044,0.0001
full,1,127400,127400,0.9875647,0.0001
full,1,127450,127450,0.9877866,0.0001
full,1,127500,127500,0.987599,0.0001
full,1,127550,127550,0.9879437,0.0001
full,1,127600,127600,0.9879653,0.0001
full,1,127650,127650,0.9873574,0.0001
full,1,127700,127700,0.9874783,0.0001
full,1,127750,127750,0.9873675,0.0001
full,1,127800,127800,0.9876007,0.0001
full,1,127850,127850,0.9874892,0.0001
full,1,127900,127900,0.9877631,0.0001
full,1,127950,127950,0.987845,0.0001
full,1,128000,128000,0.9877385,0.0001
full,1,128050,128050,0.9877831,0.0001
full,1,128100,128100,0.9881172,0.0001
full,1,128150,128150,0.9877872,0.0001
full,1,128200,128200,0.9873851,0.0001
full,1,128250,128250,0.9875908,0.0001
full,1,128300,128300,0.9876546,0.0001
full,1,128350,128350,0.9877865,0.0001
full,1,128400,128400,0.9876655,0.0001
full,1,128450,128450,0.9877055,0.0001
full,1,128500,128500,0.9876127,0.0001
full,1,128550,128550,0.9877132,0.0001
full,1,128600,128600,0.9877632,0.0001
full,1,128650,128650,0.9878575,0.0001
full,1,128700,128700,0.9879285,0.0001
full,1,128750,128750,0.9878636,0.0001
full,1,128800,128800,0.9875891,0.0001
full,1,128850,128850,0.9873626,0.0001
full,1,128900,128900,0.9877471,0.0001
full,1,128950,128950,0.9876499,0.0001
full,1,129000,129000,0.987754,0.0001
full,1,129050,129050,0.9876282,0.0001
full,1,129100,129100,0.9876407,0.0001
full,1,129150,129150,0.9875398,0.0001
full,1,129200,129200,0.9877859,0.0001
full,1,129250,129250,0.9877748,0.0001
full,1,129300,129300,0.9874941,0.0001
full,1,129350,129350,0.9880139,0.0001
full,1,129400,129400,0.9873962,0.0001
full,1,129450,129450,0.987514,0.0001
full,1,129500,129500,0.9875882,0.0001
full,1,129550,129550,0.9878575,0.0001
full,1,129600,129600,0.9871781,0.0001
full,1,129650,129650,0.9879152,0.0001
full,1,129700,129700,0.9875562,0.0001
full,1,129750,129750,0.987713,0.0001
full,1,129800,129800,0.9877369,0.0001
full,1,129850,129850,0.9877771,0.0001
full,1,129900,129900,0.9879012,0.0001
full,1,129950,129950,0.987816,0.0001
full,1,130000,130000,0.9877337,0.0001
full,1,130050,130050,0.9877489,0.0001
full,1,130100,130100,0.9876968,0.0001
full,1,130150,130150,0.9875512,0.0001
full,1,130200,130200,0.9877338,0.0001
full,1,130250,130250,0.987496,0.0001
full,1,130300,130300,0.9877574,0.0001
full,1,130350,130350,0.9878514,0.0001
full,1,130400,130400,0.987465,0.0001
full,1,130450,130450,0.9877958,0.0001
full,1,130500,130500,0.9879874,0.0001
full,1,130550,130550,0.9873937,0.0001
full,1,130600,130600,0.9878208,0.0001
full,1,130650,130650,0.9876367,0.0001
full,1,130700,130700,0.9878135,0.0001
full,1,130750,130750,0.9876739,0.0001
full,1,130800,130800,0.9877709,0.0001
full,1,130850,130850,0.9877989,0.0001
full,1,130900,130900,0.9875948,0.0001
full,1,130950,130950,0.9878604,0.0001
full,1,131000,131000,0.9873439,0.0001
full,1,131050,131050,0.9875103,0.0001
full,1,131100,131100,0.9877337,0.0001
full,1,131150,131150,0.9881898,0.0001
full,1,131200,131200,0.987497,0.0001
full,1,131250,131250,0.9876844,0.0001
full,1,131300,131300,0.9875854,0.0001
full,1,131350,131350,0.9876704,0.0001
full,1,131400,131400,0.9882043,0.0001
full,1,131450,131450,0.9880413,0.0001
full,1,131500,131500,0.9875203,0.0001
full,1,131550,131550,0.9874506,0.0001
full,1,131600,131600,0.9875712,0.0001
full,1,131650,131650,0.9878055,0.0001
full,1,131700,131700,0.987622,0.0001
full,1,131750,131750,0.9871532,0.0001
full,1,131800,131800,0.9872932,0.0001
full,1,131850,131850,0.9877025,0.0001
full,1,131900,131900,0.9878996,0.0001
full,1,131950,131950,0.9875041,0.0001
full,1,132000,132000,0.9876606,0.0001
full,1,132050,132050,0.9874102,0.0001
full,1,132100,132100,0.9874045,0.0001
full,1,132150,132150,0.9874309,0.0001
full,1,132200,132200,0.9871873,0.0001
full,1,132250,132250,0.9876748,0.0001
full,1,132300,132300,0.9879349,0.0001
full,1,132350,132350,0.9875332,0.0001
full,1,132400,132400,0.9876009,0.0001
full,1,132450,132450,0.9876799,0.0001
full,1,132500,132500,0.9876376,0.0001
full,1,132550,132550,0.9880246,0.0001
full,1,132600,132600,0.9877591,0.0001
full,1,132650,132650,0.9879605,0.0001
full,1,132700,132700,0.9875074,0.0001
full,1,132750,132750,0.9874932,0.0001
full,1,132800,132800,0.9876854,0.0001
full,1,132850,132850,0.9875238,0.0001
full,1,132900,132900,0.9877045,0.0001
full,1,132950,132950,0.987875,0.0001
full,1,133000,133000,0.9874274,0.0001
full,1,133050,133050,0.9878469,0.0001
full,1,133100,133100,0.987326,0.0001
full,1,133150,133150,0.9879265,0.0001
full,1,133200,133200,0.9876912,0.0001
full,1,133250,133250,0.9876167,0.0001
full,1,133300,133300,0.9876742,0.0001
full,1,133350,133350,0.987498,0.0001
full,1,133400,133400,0.9874753,0.0001
full,1,133450,133450,0.9873849,0.0001
full,1,133500,133500,0.987849,0.0001
full,1,133550,133550,0.9879462,0.0001
full,1,133600,133600,0.9874826,0.0001
full,1,133650,133650,0.9877767,0.0001
full,1,133700,133700,0.9879684,0.0001
full,1,133750,133750,0.9875566,0.0001
full,1,133800,133800,0.9876945,0.0001
full,1,133850,133850,0.9879473,0.0001
full,1,133900,133900,0.9872198,0.0001
full,1,133950,133950,0.9878919,0.0001
full,1,134000,134000,0.9876735,0.0001
full,1,134050,134050,0.9876322,0.0001
full,1,134100,134100,0.9876447,0.0001
full,1,134150,134150,0.9874164,0.0001
full,1,134200,134200,0.9876829,0.0001
full,1,134250,134250,0.9877343,0.0001
full,1,134300,134300,0.9877044,0.0001
full,1,134350,134350,0.987599,0.0001
full,1,134400,134400,0.9878808,0.0001
full,1,134450,134450,0.9875289,0.0001
full,1,134500,134500,0.9878089,0.0001
full,1,134550,134550,0.9879175,0.0001
full,1,134600,134600,0.987637,0.0001
full,1,134650,134650,0.9876566,0.0001
full,1,134700,134700,0.9876207,0.0001
full,1,134750,134750,0.9876881,0.0001
full,1,134800,134800,0.987353,0.0001
full,1,134850,134850,0.9875799,0.0001
full,1,134900,134900,0.9878667,0.0001
full,1,134950,134950,0.9876241,0.0001
full,1,135000,135000,0.9876465,0.0001
full,1,135050,135050,0.9876989,0.0001
full,1,135100,135100,0.9875086,0.0001
full,1,135150,135150,0.9880063,0.0001
full,1,135200,135200,0.9878603,0.0001
full,1,135250,135250,0.9874816,0.0001
full,1,135300,135300,0.9876766,0.0001
full,1,135350,135350,0.9874529,0.0001
full,1,135400,135400,0.9875295,0.0001
full,1,135450,135450,0.9880179,0.0001
full,1,135500,135500,0.9873257,0.0001
full,1,135550,135550,0.9875582,0.0001
full,1,135600,135600,0.9878348,0.0001
full,1,135650,135650,0.9881566,0.0001
full,1,135700,135700,0.9876589,0.0001
full,1,135750,135750,0.9880878,0.0001
full,1,135800,135800,0.9877607,0.0001
full,1,135850,135850,0.9877337,0.0001
full,1,135900,135900,0.9879908,0.0001
full,1,135950,135950,0.987858,0.0001
full,1,136000,136000,0.9880337,0.0001
full,1,136050,136050,0.9876012,0.0001
full,1,136100,136100,0.9873948,0.0001
full,1,136150,136150,0.9875398,0.0001
full,1,136200,136200,0.9877828,0.0001
full,1,136250,136250,0.9875047,0.0001
full,1,136300,136300,0.9878905,0.0001
full,1,136350,136350,0.9876552,0.0001
full,1,136400,136400,0.9878563,0.0001
full,1,136450,136450,0.9876,0.0001
full,1,136500,136500,0.9872946,0.0001
full,1,136550,136550,0.9874453,0.0001
full,1,136600,136600,0.9876503,0.0001
full,1,136650,136650,0.9879241,0.0001
full,1,136700,136700,0.9877521,0.0001
full,1,136750,136750,0.9878204,0.0001
full,1,136800,136800,0.9879584,0.0001
full,1,136850,136850,0.9875751,0.0001
full,1,136900,136900,0.9876825,0.0001
full,1,136950,136950,0.9872333,0.0001
full,1,137000,137000,0.988016,0.0001
full,1,137050,137050,0.9874674,0.0001
full,1,137100,137100,0.9882396,0.0001
full,1,137150,137150,0.9876118,0.0001
full,1,137200,137200,0.9876631,0.0001
full,1,137250,137250,0.9875591,0.0001
full,1,137300,137300,0.9875923,0.0001
full,1,137350,137350,0.9874561,0.0001
full,1,137400,137400,0.9874292,0.0001
full,1,137450,137450,0.9875373,0.0001
full,1,137500,137500,0.9877101,0.0001
full,1,137550,137550,0.9875546,0.0001
full,1,137600,137600,0.9878552,0.0001
full,1,137650,137650,0.987254,0.0001
full,1,137700,137700,0.9875598,0.0001
full,1,137750,137750,0.9876682,0.0001
full,1,137800,137800,0.9877225,0.0001
full,1,137850,137850,0.9878084,0.0001
full,1,137900,137900,0.9874736,0.0001
full,1,137950,137950,0.9873562,0.0001
full,1,138000,138000,0.9878781,0.0001
full,1,138050,138050,0.9878843,0.0001
full,1,138100,138100,0.9880357,0.0001
full,1,138150,138150,0.98799,0.0001
full,1,138200,138200,0.9879737,0.0001
full,1,138250,138250,0.9876801,0.0001
full,1,138300,138300,0.9878408,0.0001
full,1,138350,138350,0.9875623,0.0001
full,1,138400,138400,0.9882582,0.0001
full,1,138450,138450,0.9874942,0.0001
full,1,138500,138500,0.9875887,0.0001
full,1,138550,138550,0.9876906,0.0001
full,1,138600,138600,0.9878054,0.0001
full,1,138650,138650,0.987965,0.0001
full,1,138700,138700,0.9878499,0.0001
full,1,138750,138750,0.9875072,0.0001
full,1,138800,138800,0.9875677,0.0001
full,1,138850,138850,0.987874,0.0001
full,1,138900,138900,0.9876821,0.0001
full,1,138950,138950,0.9874592,0.0001
full,1,139000,139000,0.9878309,0.0001
full,1,139050,139050,0.9876711,0.0001
full,1,139100,139100,0.9877666,0.0001
full,1,139150,139150,0.9879465,0.0001
full,1,139200,139200,0.9878201,0.0001
full,1,139250,139250,0.987714,0.0001
full,1,139300,139300,0.9877612,0.0001
full,1,139350,139350,0.9876661,0.0001
full,1,139400,139400,0.9877359,0.0001
full,1,139450,139450,0.9876517,0.0001
full,1,139500,139500,0.9874936,0.0001
full,1,139550,139550,0.9876305,0.0001
full,1,139600,139600,0.9876803,0.0001
full,1,139650,139650,0.9873658,0.0001
full,1,139700,139700,0.9881572,0.0001
full,1,139750,139750,0.9875745,0.0001
full,1,139800,139800,0.9876601,0.0001
full,1,139850,139850,0.9877664,0.0001
full,1,139900,139900,0.9876149,0.0001
full,1,139950,139950,0.9878396,0.0001
full,1,140000,140000,0.9876145,0.0001
full,1,140050,140050,0.987377,0.0001
full,1,140100,140100,0.9878627,0.0001
full,1,140150,140150,0.9878438,0.0001
full,1,140200,140200,0.9876475,0.0001
full,1,140250,140250,0.9878617,0.0001
full,1,140300,140300,0.9877962,0.0001
full,1,140350,140350,0.9874758,0.0001
full,1,140400,140400,0.9878764,0.0001
full,1,140450,140450,0.9874953,0.0001
full,1,140500,140500,0.987856,0.0001
full,1,140550,140550,0.9875647,0.0001
full,1,140600,140600,0.9877753,0.0001
full,1,140650,140650,0.9878393,0.0001
full,1,140700,140700,0.9875923,0.0001
full,1,140750,140750,0.9877527,0.0001
full,1,140800,140800,0.987578,0.0001
full,1,140850,140850,0.9876081,0.0001
full,1,140900,140900,0.9874721,0.0001
full,1,140950,140950,0.9874908,0.0001
full,1,141000,141000,0.987362,0.0001
full,1,141050,141050,0.9877655,0.0001
full,1,141100,141100,0.9875642,0.0001
full,1,141150,141150,0.9875732,0.0001
full,1,141200,141200,0.9877474,0.0001
full,1,141250,141250,0.9879929,0.0001
full,1,141300,141300,0.9875723,0.0001
full,1,141350,141350,0.9877893,0.0001
full,1,141400,141400,0.9875019,0.0001
full,1,141450,141450,0.9878764,0.0001
full,1,141500,141500,0.987332,0.0001
full,1,141550,141550,0.9875716,0.0001
full,1,141600,141600,0.9874847,0.0001
full,1,141650,141650,0.9880344,0.0001
full,1,141700,141700,0.987684,0.0001
full,1,141750,141750,0.9873934,0.0001
full,1,141800,141800,0.9875156,0.0001
full,1,141850,141850,0.9873724,0.0001
full,1,141900,141900,0.9874397,0.0001
full,1,141950,141950,0.9878077,0.0001
full,1,142000,142000,0.9878249,0.0001
full,1,142050,142050,0.9875429,0.0001
full,1,142100,142100,0.9878592,0.0001
full,1,142150,142150,0.9874743,0.0001
full,1,142200,142200,0.9876194,0.0001
full,1,142250,142250,0.987673,0.0001
full,1,142300,142300,0.9875884,0.0001
full,1,142350,142350,0.9874664,0.0001
full,1,142400,142400,0.9873999,0.0001
full,1,142450,142450,0.9873276,0.0001
full,1,142500,142500,0.9875535,0.0001
full,1,142550,142550,0.9876446,0.0001
full,1,142600,142600,0.9876162,0.0001
full,1,142650,142650,0.987325,0.0001
full,1,142700,142700,0.9878405,0.0001
full,1,142750,142750,0.987707,0.0001
full,1,142800,142800,0.9869933,0.0001
full,1,142850,142850,0.9876775,0.0001
full,1,142900,142900,0.9877949,0.0001
full,1,142950,142950,0.9879915,0.0001
full,1,143000,143000,0.9877427,0.0001
full,1,143050,143050,0.9875318,0.0001
full,1,143100,143100,0.9880778,0.0001
full,1,143150,143150,0.9877423,0.0001
full,1,143200,143200,0.9877059,0.0001
full,1,143250,143250,0.9876407,0.0001
full,1,143300,143300,0.987582,0.0001
full,1,143350,143350,0.987816,0.0001
full,1,143400,143400,0.9876056,0.0001
full,1,143450,143450,0.9877051,0.0001
full,1,143500,143500,0.9877819,0.0001
full,1,143550,143550,0.987667,0.0001
full,1,143600,143600,0.9873788,0.0001
full,1,143650,143650,0.9874639,0.0001
full,1,143700,143700,0.9879648,0.0001
full,1,143750,143750,0.9876761,0.0001
full,1,143800,143800,0.987754,0.0001
full,1,143850,143850,0.9877067,0.0001
full,1,143900,143900,0.9878395,0.0001
full,1,143950,143950,0.9875751,0.0001
full,1,144000,144000,0.9877768,0.0001
full,1,144050,144050,0.9873064,0.0001
full,1,144100,144100,0.9873379,0.0001
full,1,144150,144150,0.9878903,0.0001
full,1,144200,144200,0.9880408,0.0001
full,1,144250,144250,0.987568,0.0001
full,1,144300,144300,0.9877642,0.0001
full,1,144350,144350,0.9874073,0.0001
full,1,144400,144400,0.9875246,0.0001
full,1,144450,144450,0.9876822,0.0001
full,1,144500,144500,0.9874025,0.0001
full,1,144550,144550,0.987837,0.0001
full,1,144600,144600,0.9879918,0.0001
full,1,144650,144650,0.98756,0.0001
full,1,144700,144700,0.9877948,0.0001
full,1,144750,144750,0.9872892,0.0001
full,1,144800,144800,0.9873426,0.0001
full,1,144850,144850,0.9875428,0.0001
full,1,144900,144900,0.9882236,0.0001
full,1,144950,144950,0.9877325,0.0001
full,1,145000,145000,0.987581,0.0001
full,1,145050,145050,0.9875833,0.0001
full,1,145100,145100,0.9873623,0.0001
full,1,145150,145150,0.9873759,0.0001
full,1,145200,145200,0.9874551,0.0001
full,1,145250,145250,0.9875814,0.0001
full,1,145300,145300,0.9874383,0.0001
full,1,145350,145350,0.9875819,0.0001
full,1,145400,145400,0.9879304,0.0001
full,1,145450,145450,0.9874541,0.0001
full,1,145500,145500,0.9875516,0.0001
full,1,145550,145550,0.98805,0.0001
full,1,145600,145600,0.9875892,0.0001
full,1,145650,145650,0.987379,0.0001
full,1,145700,145700,0.9876431,0.0001
full,1,145750,145750,0.9876607,0.0001
full,1,145800,145800,0.9876938,0.0001
full,1,145850,145850,0.9876505,0.0001
full,1,145900,145900,0.9875242,0.0001
full,1,145950,145950,0.9878628,0.0001
full,1,146000,146000,0.9876547,0.0001
full,1,146050,146050,0.9879102,0.0001
full,1,146100,146100,0.9876052,0.0001
full,1,146150,146150,0.9877627,0.0001
full,1,146200,146200,0.9874973,0.0001
full,1,146250,146250,0.9874024,0.0001
full,1,146300,146300,0.987628,0.0001
full,1,146350,146350,0.9871273,0.0001
full,1,146400,146400,0.9876848,0.0001
full,1,146450,146450,0.9874547,0.0001
full,1,146500,146500,0.9874492,0.0001
full,1,146550,146550,0.9873878,0.0001
full,1,146600,146600,0.9878113,0.0001
full,1,146650,146650,0.9874233,0.0001
full,1,146700,146700,0.9874147,0.0001
full,1,146750,146750,0.9876393,0.0001
full,1,146800,146800,0.9873544,0.0001
full,1,146850,146850,0.9875646,0.0001
full,1,146900,146900,0.9877938,0.0001
full,1,146950,146950,0.9876317,0.0001
full,1,147000,147000,0.9878135,0.0001
full,1,147050,147050,0.9873238,0.0001
full,1,147100,147100,0.9874604,0.0001
full,1,147150,147150,0.9875644,0.0001
full,1,147200,147200,0.9876603,0.0001
full,1,147250,147250,0.9878029,0.0001
full,1,147300,147300,0.9879315,0.0001
full,1,147350,147350,0.9878197,0.0001
full,1,147400,147400,0.9875517,0.0001
full,1,147450,147450,0.9875931,0.0001
full,1,147500,147500,0.9876265,0.0001
full,1,147550,147550,0.987723,0.0001
full,1,147600,147600,0.9882201,0.0001
full,1,147650,147650,0.9876249,0.0001
full,1,147700,147700,0.9874424,0.0001
full,1,147750,147750,0.987499,0.0001
full,1,147800,147800,0.9877906,0.0001
full,1,147850,147850,0.9874377,0.0001
full,1,147900,147900,0.9878811,0.0001
full,1,147950,147950,0.9874806,0.0001
full,1,148000,148000,0.9880479,0.0001
full,1,148050,148050,0.9875219,0.0001
full,1,148100,148100,0.9877452,0.0001
full,1,148150,148150,0.9876522,0.0001
full,1,148200,148200,0.9874333,0.0001
full,1,148250,148250,0.9874318,0.0001
full,1,148300,148300,0.987931,0.0001
full,1,148350,148350,0.9880167,0.0001
full,1,148400,148400,0.9875606,0.0001
full,1,148450,148450,0.9876207,0.0001
full,1,148500,148500,0.9879077,0.0001
full,1,148550,148550,0.9874949,0.0001
full,1,148600,148600,0.9875495,0.0001
full,1,148650,148650,0.9876701,0.0001
full,1,148700,148700,0.9872882,0.0001
full,1,148750,148750,0.9876031,0.0001
full,1,148800,148800,0.9879535,0.0001
full,1,148850,148850,0.9873124,0.0001
full,1,148900,148900,0.987598,0.0001
full,1,148950,148950,0.9877535,0.0001
full,1,149000,149000,0.9878175,0.0001
full,1,149050,149050,0.9878131,0.0001
full,1,149100,149100,0.9873203,0.0001
full,1,149150,149150,0.9875145,0.0001
full,1,149200,149200,0.9877677,0.0001
full,1,149250,149250,0.9877031,0.0001
full,1,149300,149300,0.9873623,0.0001
full,1,149350,149350,0.9876832,0.0001
full,1,149400,149400,0.9877227,0.0001
full,1,149450,149450,0.9875517,0.0001
full,1,149500,149500,0.9873325,0.0001
full,1,149550,149550,0.9876393,0.0001
full,1,149600,149600,0.9874797,0.0001
full,1,149650,149650,0.9877227,0.0001
full,1,149700,149700,0.9873648,0.0001
full,1,149750,149750,0.9873524,0.0001
full,1,149800,149800,0.9879529,0.0001
full,1,149850,149850,0.9873857,0.0001
full,1,149900,149900,0.9876072,0.0001
full,1,149950,149950,0.9876735,0.0001
full,1,150000,150000,0.9880225,0.0001
full,1,150050,150050,0.9877984,0.0001
full,1,150100,150100,0.9877935,0.0001
full,1,150150,150150,0.9874751,0.0001
full,1,150200,150200,0.9872677,0.0001
full,1,150250,150250,0.987716,0.0001
full,1,150300,150300,0.9875584,0.0001
full,1,150350,150350,0.9878712,0.0001
full,1,150400,150400,0.9875954,0.0001
full,1,150450,150450,0.9879705,0.0001
full,1,150500,150500,0.9875473,0.0001
full,1,150550,150550,0.9874455,0.0001
full,1,150600,150600,0.9875582,0.0001
full,1,150650,150650,0.9876396,0.0001
full,1,150700,150700,0.9876782,0.0001
full,1,150750,150750,0.987544,0.0001
full,1,150800,150800,0.9878862,0.0001
full,1,150850,150850,0.9877051,0.0001
full,1,150900,150900,0.9879505,0.0001
full,1,150950,150950,0.9877251,0.0001
full,1,151000,151000,0.9877337,0.0001
full,1,151050,151050,0.9877008,0.0001
full,1,151100,151100,0.9878742,0.0001
full,1,151150,151150,0.9872571,0.0001
full,1,151200,151200,0.9877746,0.0001
full,1,151250,151250,0.9879106,0.0001
full,1,151300,151300,0.9878171,0.0001
full,1,151350,151350,0.9877663,0.0001
full,1,151400,151400,0.9876049,0.0001
full,1,151450,151450,0.9875423,0.0001
full,1,151500,151500,0.9875836,0.0001
full,1,151550,151550,0.9873154,0.0001
full,1,151600,151600,0.9872143,0.0001
full,1,151650,151650,0.987528,0.0001
full,1,151700,151700,0.987587,0.0001
full,1,151750,151750,0.9876211,0.0001
full,1,151800,151800,0.9874547,0.0001
full,1,151850,151850,0.9878999,0.0001
full,1,151900,151900,0.9872742,0.0001
full,1,151950,151950,0.9876971,0.0001
full,1,152000,152000,0.9877412,0.0001
full,1,152050,152050,0.9881855,0.0001
full,1,152100,152100,0.9876192,0.0001
full,1,152150,152150,0.987847,0.0001
full,1,152200,152200,0.9874901,0.0001
full,1,152250,152250,0.9873371,0.0001
full,1,152300,152300,0.9879999,0.0001
full,1,152350,152350,0.9876488,0.0001
full,1,152400,152400,0.9874235,0.0001
full,1,152450,152450,0.9876779,0.0001
full,1,152500,152500,0.9875173,0.0001
full,1,152550,152550,0.9879467,0.0001
full,1,152600,152600,0.9872723,0.0001
full,1,152650,152650,0.9873396,0.0001
full,1,152700,152700,0.9874395,0.0001
full,1,152750,152750,0.9879131,0.0001
full,1,152800,152800,0.98763,0.0001
full,1,152850,152850,0.9873399,0.0001
full,1,152900,152900,0.9875693,0.0001
full,1,152950,152950,0.9876234,0.0001
full,1,153000,153000,0.9877843,0.0001
full,1,153050,153050,0.9878592,0.0001
full,1,153100,153100,0.9878139,0.0001
full,1,153150,153150,0.98743,0.0001
full,1,153200,153200,0.9875005,0.0001
full,1,153250,153250,0.9873841,0.0001
full,1,153300,153300,0.9877123,0.0001
full,1,153350,153350,0.9873881,0.0001
full,1,153400,153400,0.9873419,0.0001
full,1,153450,153450,0.9874141,0.0001
full,1,153500,153500,0.9876621,0.0001
full,1,153550,153550,0.9870974,0.0001
full,1,153600,153600,0.9876139,0.0001
full,1,153650,153650,0.9879052,0.0001
full,1,153700,153700,0.9875928,0.0001
full,1,153750,153750,0.9877996,0.0001
full,1,153800,153800,0.9875094,0.0001
full,1,153850,153850,0.987599,0.0001
full,1,153900,153900,0.9872155,0.0001
full,1,153950,153950,0.9876127,0.0001
full,1,154000,154000,0.9876561,0.0001
full,1,154050,154050,0.9877105,0.0001
full,1,154100,154100,0.9875372,0.0001
full,1,154150,154150,0.9875059,0.0001
full,1,154200,154200,0.9872404,0.0001
full,1,154250,154250,0.9874383,0.0001
full,1,154300,154300,0.9876141,0.0001
full,1,154350,154350,0.9877431,0.0001
full,1,154400,154400,0.9875535,0.0001
full,1,154450,154450,0.9873503,0.0001
full,1,154500,154500,0.9875895,0.0001
full,1,154550,154550,0.987772,0.0001
full,1,154600,154600,0.9876887,0.0001
full,1,154650,154650,0.9877141,0.0001
full,1,154700,154700,0.9874694,0.0001
full,1,154750,154750,0.9875487,0.0001
full,1,154800,154800,0.9876505,0.0001
full,1,154850,154850,0.9875023,0.0001
full,1,154900,154900,0.9875944,0.0001
full,1,154950,154950,0.9874315,0.0001
full,1,155000,155000,0.9877921,0.0001
full,1,155050,155050,0.9874622,0.0001
full,1,155100,155100,0.9876519,0.0001
full,1,155150,155150,0.9877096,0.0001
full,1,155200,155200,0.9878178,0.0001
full,1,155250,155250,0.987729,0.0001
full,1,155300,155300,0.9878021,0.0001
full,1,155350,155350,0.9875333,0.0001
full,1,155400,155400,0.9878094,0.0001
full,1,155450,155450,0.987504,0.0001
full,1,155500,155500,0.9873838,0.0001
full,1,155550,155550,0.9874746,0.0001
full,1,155600,155600,0.9877261,0.0001
full,1,155650,155650,0.9876385,0.0001
full,1,155700,155700,0.9876667,0.0001
full,1,155750,155750,0.9874088,0.0001
full,1,155800,155800,0.9877216,0.0001
full,1,155850,155850,0.9879475,0.0001
full,1,155900,155900,0.9880576,0.0001
full,1,155950,155950,0.9879225,0.0001
full,1,156000,156000,0.9878086,0.0001
full,1,156050,156050,0.9873912,0.0001
full,1,156100,156100,0.987689,0.0001
full,1,156150,156150,0.987808,0.0001
full,1,156200,156200,0.987519,0.0001
full,1,156250,156250,0.987819,0.0001
full,1,156300,156300,0.9877764,0.0001
full,1,156350,156350,0.9878149,0.0001
full,1,156400,156400,0.9878122,0.0001
full,1,156450,156450,0.9873863,0.0001
full,1,156500,156500,0.9873833,0.0001
full,1,156550,156550,0.9872284,0.0001
full,1,156600,156600,0.9875246,0.0001
full,1,156650,156650,0.9874396,0.0001
full,1,156700,156700,0.9876357,0.0001
full,1,156750,156750,0.9877768,0.0001
full,1,156800,156800,0.9876478,0.0001
full,1,156850,156850,0.9875896,0.0001
full,1,156900,156900,0.9878382,0.0001
full,1,156950,156950,0.9876397,0.0001
full,1,157000,157000,0.9873906,0.0001
full,1,157050,157050,0.9876415,0.0001
full,1,157100,157100,0.9873905,0.0001
full,1,157150,157150,0.9877537,0.0001
full,1,157200,157200,0.9875676,0.0001
full,1,157250,157250,0.9874985,0.0001
full,1,157300,157300,0.9874852,0.0001
full,1,157350,157350,0.9876871,0.0001
full,1,157400,157400,0.9872055,0.0001
full,1,157450,157450,0.9877968,0.0001
full,1,157500,157500,0.9876799,0.0001
full,1,157550,157550,0.9878007,0.0001
full,1,157600,157600,0.9875672,0.0001
full,1,157650,157650,0.9875998,0.0001
full,1,157700,157700,0.9877311,0.0001
full,1,157750,157750,0.9881345,0.0001
full,1,157800,157800,0.9874113,0.0001
full,1,157850,157850,0.9880418,0.0001
full,1,157900,157900,0.9874563,0.0001
full,1,157950,157950,0.9876878,0.0001
full,1,158000,158000,0.9875699,0.0001
full,1,158050,158050,0.9876639,0.0001
full,1,158100,158100,0.9876677,0.0001
full,1,158150,158150,0.9875771,0.0001
full,1,158200,158200,0.9875878,0.0001
full,1,158250,158250,0.9876382,0.0001
full,1,158300,158300,0.9874827,0.0001
full,1,158350,158350,0.9876443,0.0001
full,1,158400,158400,0.9874268,0.0001
full,1,158450,158450,0.9874274,0.0001
full,1,158500,158500,0.9875889,0.0001
full,1,158550,158550,0.9874657,0.0001
full,1,158600,158600,0.9874868,0.0001
full,1,158650,158650,0.9875088,0.0001
full,1,158700,158700,0.9875998,0.0001
full,1,158750,158750,0.9875225,0.0001
full,1,158800,158800,0.9875466,0.0001
full,1,158850,158850,0.987737,0.0001
full,1,158900,158900,0.9879187,0.0001
full,1,158950,158950,0.9877238,0.0001
full,1,159000,159000,0.9876053,0.0001
full,1,159050,159050,0.9874889,0.0001
full,1,159100,159100,0.9878082,0.0001
full,1,159150,159150,0.9875924,0.0001
full,1,159200,159200,0.9875571,0.0001
full,1,159250,159250,0.9874741,0.0001
full,1,159300,159300,0.9877968,0.0001
full,1,159350,159350,0.9875476,0.0001
full,1,159400,159400,0.9879631,0.0001
full,1,159450,159450,0.9878328,0.0001
full,1,159500,159500,0.9877159,0.0001
full,1,159550,159550,0.9879826,0.0001
full,1,159600,159600,0.9874008,0.0001
full,1,159650,159650,0.9877465,0.0001
full,1,159700,159700,0.987931,0.0001
full,1,159750,159750,0.9874139,0.0001
full,1,159800,159800,0.987771,0.0001
full,1,159850,159850,0.9877656,0.0001
full,1,159900,159900,0.9875414,0.0001
full,1,159950,159950,0.9876565,0.0001
full,1,160000,160000,0.9876285,0.0001
full,1,160050,160050,0.9873337,0.0001
full,1,160100,160100,0.9878001,0.0001
full,1,160150,160150,0.9876164,0.0001
full,1,160200,160200,0.9877119,0.0001
full,1,160250,160250,0.9877806,0.0001
full,1,160300,160300,0.987425,0.0001
full,1,160350,160350,0.9875505,0.0001
full,1,160400,160400,0.987871,0.0001
full,1,160450,160450,0.987665,0.0001
full,1,160500,160500,0.9881737,0.0001
full,1,160550,160550,0.9875661,0.0001
full,1,160600,160600,0.9873706,0.0001
full,1,160650,160650,0.9874113,0.0001
full,1,160700,160700,0.9878443,0.0001
full,1,160750,160750,0.9872276,0.0001
full,1,160800,160800,0.9873435,0.0001
full,1,160850,160850,0.9876994,0.0001
full,1,160900,160900,0.9875807,0.0001
full,1,160950,160950,0.9875306,0.0001
full,1,161000,161000,0.9875213,0.0001
full,1,161050,161050,0.9871536,0.0001
full,1,161100,161100,0.9874049,0.0001
full,1,161150,161150,0.9872838,0.0001
full,1,161200,161200,0.9875913,0.0001
full,1,161250,161250,0.987747,0.0001
full,1,161300,161300,0.9873658,0.0001
full,1,161350,161350,0.9869562,0.0001
full,1,161400,161400,0.9875506,0.0001
full,1,161450,161450,0.9875138,0.0001
full,1,161500,161500,0.9878576,0.0001
full,1,161550,161550,0.9876759,0.0001
full,1,161600,161600,0.9875014,0.0001
full,1,161650,161650,0.987871,0.0001
full,1,161700,161700,0.9876534,0.0001
full,1,161750,161750,0.9876231,0.0001
full,1,161800,161800,0.9876845,0.0001
full,1,161850,161850,0.9872252,0.0001
full,1,161900,161900,0.9875804,0.0001
full,1,161950,161950,0.9877504,0.0001
full,1,162000,162000,0.9875513,0.0001
full,1,162050,162050,0.9876197,0.0001
full,1,162100,162100,0.9878775,0.0001
full,1,162150,162150,0.9874151,0.0001
full,1,162200,162200,0.9876719,0.0001
full,1,162250,162250,0.9874586,0.0001
full,1,162300,162300,0.9874592,0.0001
full,1,162350,162350,0.9877806,0.0001
full,1,162400,162400,0.9877505,0.0001
full,1,162450,162450,0.9873608,0.0001
full,1,162500,162500,0.9875841,0.0001
full,1,162550,162550,0.9874344,0.0001
full,1,162600,162600,0.9873444,0.0001
full,1,162650,162650,0.9879925,0.0001
full,1,162700,162700,0.9876328,0.0001
full,1,162750,162750,0.9874259,0.0001
full,1,162800,162800,0.9875664,0.0001
full,1,162850,162850,0.9872772,0.0001
full,1,162900,162900,0.9870631,0.0001
full,1,162950,162950,0.9873964,0.0001
full,1,163000,163000,0.9875903,0.0001
full,1,163050,163050,0.9876836,0.0001
full,1,163100,163100,0.9872609,0.0001
full,1,163150,163150,0.9876263,0.0001
full,1,163200,163200,0.9874236,0.0001
full,1,163250,163250,0.9876302,0.0001
full,1,163300,163300,0.9874797,0.0001
full,1,163350,163350,0.9872494,0.0001
full,1,163400,163400,0.9875087,0.0001
full,1,163450,163450,0.9871917,0.0001
full,1,163500,163500,0.9875481,0.0001
full,1,163550,163550,0.987729,0.0001
full,1,163600,163600,0.9877372,0.0001
full,1,163650,163650,0.987029,0.0001
full,1,163700,163700,0.9873922,0.0001
full,1,163750,163750,0.9873331,0.0001
full,1,163800,163800,0.987415,0.0001
full,1,163850,163850,0.9873053,0.0001
full,1,163900,163900,0.9871944,0.0001
full,1,163950,163950,0.9877799,0.0001
full,1,164000,164000,0.9875275,0.0001
full,1,164050,164050,0.9873716,0.0001
full,1,164100,164100,0.9877486,0.0001
full,1,164150,164150,0.9875927,0.0001
full,1,164200,164200,0.9873621,0.0001
full,1,164250,164250,0.9874611,0.0001
full,1,164300,164300,0.9878473,0.0001
full,1,164350,164350,0.9875848,0.0001
full,1,164400,164400,0.9875766,0.0001
full,1,164450,164450,0.9873635,0.0001
full,1,164500,164500,0.9880476,0.0001
full,1,164550,164550,0.9877316,0.0001
full,1,164600,164600,0.9875924,0.0001
full,1,164650,164650,0.9875255,0.0001
full,1,164700,164700,0.9875448,0.0001
full,1,164750,164750,0.9877782,0.0001
full,1,164800,164800,0.9871276,0.0001
full,1,164850,164850,0.9873784,0.0001
full,1,164900,164900,0.9874258,0.0001
full,1,164950,164950,0.987656,0.0001
full,1,165000,165000,0.9875454,0.0001
full,1,165050,165050,0.987332,0.0001
full,1,165100,165100,0.9879052,0.0001
full,1,165150,165150,0.9873918,0.0001
full,1,165200,165200,0.9876094,0.0001
full,1,165250,165250,0.9875511,0.0001
full,1,165300,165300,0.9874505,0.0001
full,1,165350,165350,0.9874167,0.0001
full,1,165400,165400,0.9877017,0.0001
full,1,165450,165450,0.9875952,0.0001
full,1,165500,165500,0.9876515,0.0001
full,1,165550,165550,0.9873208,0.0001
full,1,165600,165600,0.9876862,0.0001
full,1,165650,165650,0.9875661,0.0001
full,1,165700,165700,0.9872354,0.0001
full,1,165750,165750,0.9877451,0.0001
full,1,165800,165800,0.9874355,0.0001
full,1,165850,165850,0.9877591,0.0001
full,1,165900,165900,0.9875031,0.0001
full,1,165950,165950,0.9876533,0.0001
full,1,166000,166000,0.9879616,0.0001
full,1,166050,166050,0.9877807,0.0001
full,1,166100,166100,0.987574,0.0001
full,1,166150,166150,0.9875538,0.0001
full,1,166200,166200,0.9878144,0.0001
full,1,166250,166250,0.9872262,0.0001
full,1,166300,166300,0.9879085,0.0001
full,1,166350,166350,0.9876316,0.0001
full,1,166400,166400,0.9874901,0.0001
full,1,166450,166450,0.9873189,0.0001
full,1,166500,166500,0.9878145,0.0001
full,1,166550,166550,0.9876118,0.0001
full,1,166600,166600,0.9874374,0.0001
full,1,166650,166650,0.9876093,0.0001
full,1,166700,166700,0.9876264,0.0001
full,1,166750,166750,0.987515,0.0001
full,1,166800,166800,0.9877549,0.0001
full,1,166850,166850,0.9875784,0.0001
full,1,166900,166900,0.987854,0.0001
full,1,166950,166950,0.9872851,0.0001
full,1,167000,167000,0.987933,0.0001
full,1,167050,167050,0.9875604,0.0001
full,1,167100,167100,0.988062,0.0001
full,1,167150,167150,0.9877193,0.0001
full,1,167200,167200,0.9875069,0.0001
full,1,167250,167250,0.9880787,0.0001
full,1,167300,167300,0.9873546,0.0001
full,1,167350,167350,0.987607,0.0001
full,1,167400,167400,0.9877496,0.0001
full,1,167450,167450,0.9876821,0.0001
full,1,167500,167500,0.9880186,0.0001
full,1,167550,167550,0.9872996,0.0001
full,1,167600,167600,0.9875865,0.0001
full,1,167650,167650,0.9876767,0.0001
full,1,167700,167700,0.9878659,0.0001
full,1,167750,167750,0.9876596,0.0001
full,1,167800,167800,0.9874458,0.0001
full,1,167850,167850,0.9874683,0.0001
full,1,167900,167900,0.9879538,0.0001
full,1,167950,167950,0.9873227,0.0001
full,1,168000,168000,0.987672,0.0001
full,1,168050,168050,0.9875291,0.0001
full,1,168100,168100,0.9871076,0.0001
full,1,168150,168150,0.9878329,0.0001
full,1,168200,168200,0.987641,0.0001
full,1,168250,168250,0.9876574,0.0001
full,1,168300,168300,0.9871543,0.0001
full,1,168350,168350,0.9876053,0.0001
full,1,168400,168400,0.9877171,0.0001
full,1,168450,168450,0.9873552,0.0001
full,1,168500,168500,0.987453,0.0001
full,1,168550,168550,0.988045,0.0001
full,1,168600,168600,0.9876093,0.0001
full,1,168650,168650,0.9875273,0.0001
full,1,168700,168700,0.9875935,0.0001
full,1,168750,168750,0.9870917,0.0001
full,1,168800,168800,0.9877154,0.0001
full,1,168850,168850,0.9874863,0.0001
full,1,168900,168900,0.9876366,0.0001
full,1,168950,168950,0.9873592,0.0001
full,1,169000,169000,0.9873093,0.0001
full,1,169050,169050,0.9882293,0.0001
full,1,169100,169100,0.9874944,0.0001
full,1,169150,169150,0.9875124,0.0001
full,1,169200,169200,0.9872833,0.0001
full,1,169250,169250,0.9872459,0.0001
full,1,169300,169300,0.9879747,0.0001
full,1,169350,169350,0.9877071,0.0001
full,1,169400,169400,0.9874998,0.0001
full,1,169450,169450,0.9877697,0.0001
full,1,169500,169500,0.987334,0.0001
full,1,169550,169550,0.9875283,0.0001
full,1,169600,169600,0.9877331,0.0001
full,1,169650,169650,0.987341,0.0001
full,1,169700,169700,0.9876601,0.0001
full,1,169750,169750,0.9878054,0.0001
full,1,169800,169800,0.9875193,0.0001
full,1,169850,169850,0.9877155,0.0001
full,1,169900,169900,0.9877156,0.0001
full,1,169950,169950,0.9878417,0.0001
full,1,170000,170000,0.9877439,0.0001
full,1,170050,170050,0.9873129,0.0001
full,1,170100,170100,0.9876562,0.0001
full,1,170150,170150,0.9877607,0.0001
full,1,170200,170200,0.9876831,0.0001
full,1,170250,170250,0.9873732,0.0001
full,1,170300,170300,0.987519,0.0001
full,1,170350,170350,0.987385,0.0001
full,1,170400,170400,0.9874299,0.0001
full,1,170450,170450,0.9878653,0.0001
full,1,170500,170500,0.9876228,0.0001
full,1,170550,170550,0.9876261,0.0001
full,1,170600,170600,0.9878311,0.0001
full,1,170650,170650,0.987532,0.0001
full,1,170700,170700,0.987339,0.0001
full,1,170750,170750,0.9874805,0.0001
full,1,170800,170800,0.9876238,0.0001
full,1,170850,170850,0.9876873,0.0001
full,1,170900,170900,0.9875314,0.0001
full,1,170950,170950,0.9874579,0.0001
full,1,171000,171000,0.9875533,0.0001
full,1,171050,171050,0.9876406,0.0001
full,1,171100,171100,0.9873489,0.0001
full,1,171150,171150,0.987614,0.0001
full,1,171200,171200,0.9878085,0.0001
full,1,171250,171250,0.9877259,0.0001
full,1,171300,171300,0.9877815,0.0001
full,1,171350,171350,0.9873637,0.0001
full,1,171400,171400,0.9876047,0.0001
full,1,171450,171450,0.9875843,0.0001
full,1,171500,171500,0.9877179,0.0001
full,1,171550,171550,0.9875317,0.0001
full,1,171600,171600,0.9876399,0.0001
full,1,171650,171650,0.9873223,0.0001
full,1,171700,171700,0.9875121,0.0001
full,1,171750,171750,0.9875963,0.0001
full,1,171800,171800,0.9874007,0.0001
full,1,171850,171850,0.9875026,0.0001
full,1,171900,171900,0.9873742,0.0001
full,1,171950,171950,0.9874688,0.0001
full,1,172000,172000,0.9877404,0.0001
full,1,172050,172050,0.9874122,0.0001
full,1,172100,172100,0.9876778,0.0001
full,1,172150,172150,0.9875062,0.0001
full,1,172200,172200,0.9873705,0.0001
full,1,172250,172250,0.9873958,0.0001
full,1,172300,172300,0.9876058,0.0001
full,1,172350,172350,0.9874884,0.0001
full,1,172400,172400,0.987332,0.0001
full,1,172450,172450,0.9876921,0.0001
full,1,172500,172500,0.9877598,0.0001
full,1,172550,172550,0.9878694,0.0001
full,1,172600,172600,0.9875167,0.0001
full,1,172650,172650,0.9875118,0.0001
full,1,172700,172700,0.9872069,0.0001
full,1,172750,172750,0.9873098,0.0001
full,1,172800,172800,0.9877135,0.0001
full,1,172850,172850,0.9877982,0.0001
full,1,172900,172900,0.9875938,0.0001
full,1,172950,172950,0.9875631,0.0001
full,1,173000,173000,0.9876056,0.0001
full,1,173050,173050,0.987904,0.0001
full,1,173100,173100,0.987368,0.0001
full,1,173150,173150,0.9875961,0.0001
full,1,173200,173200,0.9876498,0.0001
full,1,173250,173250,0.9874246,0.0001
full,1,173300,173300,0.9875885,0.0001
full,1,173350,173350,0.988086,0.0001
full,1,173400,173400,0.9874125,0.0001
full,1,173450,173450,0.9874067,0.0001
full,1,173500,173500,0.9879268,0.0001
full,1,173550,173550,0.9872855,0.0001
full,1,173600,173600,0.9876663,0.0001
full,1,173650,173650,0.9875262,0.0001
full,1,173700,173700,0.9874435,0.0001
full,1,173750,173750,0.987222,0.0001
full,1,173800,173800,0.9875563,0.0001
full,1,173850,173850,0.9878748,0.0001
full,1,173900,173900,0.9873769,0.0001
full,1,173950,173950,0.9873642,0.0001
full,1,174000,174000,0.987487,0.0001
full,1,174050,174050,0.9879781,0.0001
full,1,174100,174100,0.9874567,0.0001
full,1,174150,174150,0.9875212,0.0001
full,1,174200,174200,0.9875572,0.0001
full,1,174250,174250,0.9878001,0.0001
full,1,174300,174300,0.9874734,0.0001
full,1,174350,174350,0.9876472,0.0001
full,1,174400,174400,0.987621,0.0001
full,1,174450,174450,0.9874188,0.0001
full,1,174500,174500,0.9872968,0.0001
full,1,174550,174550,0.9874977,0.0001
full,1,174600,174600,0.9875304,0.0001
full,1,174650,174650,0.9875457,0.0001
full,1,174700,174700,0.9877512,0.0001
full,1,174750,174750,0.987708,0.0001
full,1,174800,174800,0.9872462,0.0001
full,1,174850,174850,0.987413,0.0001
full,1,174900,174900,0.987902,0.0001
full,1,174950,174950,0.9876451,0.0001
full,1,175000,175000,0.9878097,0.0001
full,1,175050,175050,0.9879125,0.0001
full,1,175100,175100,0.9876931,0.0001
full,1,175150,175150,0.9873151,0.0001
full,1,175200,175200,0.9874418,0.0001
full,1,175250,175250,0.9877162,0.0001
full,1,175300,175300,0.9876337,0.0001
full,1,175350,175350,0.9877122,0.0001
full,1,175400,175400,0.9875135,0.0001
full,1,175450,175450,0.9872644,0.0001
full,1,175500,175500,0.9876867,0.0001
full,1,175550,175550,0.9875579,0.0001
full,1,175600,175600,0.9875733,0.0001
full,1,175650,175650,0.9874189,0.0001
full,1,175700,175700,0.9875993,0.0001
full,1,175750,175750,0.9874769,0.0001
full,1,175800,175800,0.9875278,0.0001
full,1,175850,175850,0.9874696,0.0001
full,1,175900,175900,0.9878235,0.0001
full,1,175950,175950,0.9875532,0.0001
full,1,176000,176000,0.9874279,0.0001
full,1,176050,176050,0.9878592,0.0001
full,1,176100,176100,0.9873928,0.0001
full,1,176150,176150,0.9873582,0.0001
full,1,176200,176200,0.987334,0.0001
full,1,176250,176250,0.9871538,0.0001
full,1,176300,176300,0.9878806,0.0001
full,1,176350,176350,0.9872326,0.0001
full,1,176400,176400,0.9874241,0.0001
full,1,176450,176450,0.9873756,0.0001
full,1,176500,176500,0.9878213,0.0001
full,1,176550,176550,0.9874154,0.0001
full,1,176600,176600,0.9879106,0.0001
full,1,176650,176650,0.9877701,0.0001
full,1,176700,176700,0.9877805,0.0001
full,1,176750,176750,0.9872018,0.0001
full,1,176800,176800,0.9878497,0.0001
full,1,176850,176850,0.9874639,0.0001
full,1,176900,176900,0.9877775,0.0001
full,1,176950,176950,0.9876468,0.0001
full,1,177000,177000,0.987535,0.0001
full,1,177050,177050,0.9877576,0.0001
full,1,177100,177100,0.9875843,0.0001
full,1,177150,177150,0.9876763,0.0001
full,1,177200,177200,0.9874633,0.0001
full,1,177250,177250,0.9878318,0.0001
full,1,177300,177300,0.9873024,0.0001
full,1,177350,177350,0.9872773,0.0001
full,1,177400,177400,0.9877484,0.0001
full,1,177450,177450,0.9874318,0.0001
full,1,177500,177500,0.9873129,0.0001
full,1,177550,177550,0.9872979,0.0001
full,1,177600,177600,0.9875977,0.0001
full,1,177650,177650,0.9872028,0.0001
full,1,177700,177700,0.9876459,0.0001
full,1,177750,177750,0.9873674,0.0001
full,1,177800,177800,0.9875429,0.0001
full,1,177850,177850,0.9873312,0.0001
full,1,177900,177900,0.9874528,0.0001
full,1,177950,177950,0.9876534,0.0001
full,1,178000,178000,0.9877809,0.0001
full,1,178050,178050,0.9875814,0.0001
full,1,178100,178100,0.9877096,0.0001
full,1,178150,178150,0.9877682,0.0001
full,1,178200,178200,0.9878173,0.0001
full,1,178250,178250,0.987142,0.0001
full,1,178300,178300,0.98774,0.0001
full,1,178350,178350,0.9874805,0.0001
full,1,178400,178400,0.9878109,0.0001
full,1,178450,178450,0.9875228,0.0001
full,1,178500,178500,0.9878558,0.0001
full,1,178550,178550,0.9872588,0.0001
full,1,178600,178600,0.9878247,0.0001
full,1,178650,178650,0.9873669,0.0001
full,1,178700,178700,0.9876602,0.0001
full,1,178750,178750,0.987438,0.0001
full,1,178800,178800,0.9877949,0.0001
full,1,178850,178850,0.9876105,0.0001
full,1,178900,178900,0.9875768,0.0001
full,1,178950,178950,0.987578,0.0001
full,1,179000,179000,0.9874192,0.0001
full,1,179050,179050,0.9879849,0.0001
full,1,179100,179100,0.9877222,0.0001
full,1,179150,179150,0.9877698,0.0001
full,1,179200,179200,0.9878013,0.0001
full,1,179250,179250,0.9876318,0.0001
full,1,179300,179300,0.9876806,0.0001
full,1,179350,179350,0.9875069,0.0001
full,1,179400,179400,0.9877857,0.0001
full,1,179450,179450,0.9873559,0.0001
full,1,179500,179500,0.9873127,0.0001
full,1,179550,179550,0.9875476,0.0001
full,1,179600,179600,0.9877663,0.0001
full,1,179650,179650,0.987589,0.0001
full,1,179700,179700,0.9872456,0.0001
full,1,179750,179750,0.9878134,0.0001
full,1,179800,179800,0.9874905,0.0001
full,1,179850,179850,0.9876041,0.0001
full,1,179900,179900,0.9876289,0.0001
full,1,179950,179950,0.9871898,0.0001
full,1,180000,180000,0.9874061,0.0001
full,1,180050,180050,0.9872356,0.0001
full,1,180100,180100,0.9878904,0.0001
full,1,180150,180150,0.9874341,0.0001
full,1,180200,180200,0.9875388,0.0001
full,1,180250,180250,0.9877453,0.0001
full,1,180300,180300,0.9874046,0.0001
full,1,180350,180350,0.9875249,0.0001
full,1,180400,180400,0.9873964,0.0001
full,1,180450,180450,0.9875876,0.0001
full,1,180500,180500,0.9874255,0.0001
full,1,180550,180550,0.9877441,0.0001
full,1,180600,180600,0.9873826,0.0001
full,1,180650,180650,0.9875628,0.0001
full,1,180700,180700,0.9875634,0.0001
full,1,180750,180750,0.9878479,0.0001
full,1,180800,180800,0.9876581,0.0001
full,1,180850,180850,0.9876134,0.0001
full,1,180900,180900,0.9875342,0.0001
full,1,180950,180950,0.9875222,0.0001
full,1,181000,181000,0.9877073,0.0001
full,1,181050,181050,0.9873294,0.0001
full,1,181100,181100,0.9876822,0.0001
full,1,181150,181150,0.987579,0.0001
full,1,181200,181200,0.9876398,0.0001
full,1,181250,181250,0.9872972,0.0001
full,1,181300,181300,0.9871582,0.0001
full,1,181350,181350,0.9872372,0.0001
full,1,181400,181400,0.9874413,0.0001
full,1,181450,181450,0.9872894,0.0001
full,1,181500,181500,0.9873769,0.0001
full,1,181550,181550,0.9876721,0.0001
full,1,181600,181600,0.9876089,0.0001
full,1,181650,181650,0.9873272,0.0001
full,1,181700,181700,0.9876037,0.0001
full,1,181750,181750,0.9876294,0.0001
full,1,181800,181800,0.9879382,0.0001
full,1,181850,181850,0.987564,0.0001
full,1,181900,181900,0.9873093,0.0001
full,1,181950,181950,0.9879519,0.0001
full,1,182000,182000,0.9877562,0.0001
full,1,182050,182050,0.9876584,0.0001
full,1,182100,182100,0.9875023,0.0001
full,1,182150,182150,0.9872915,0.0001
full,1,182200,182200,0.9871637,0.0001
full,1,182250,182250,0.987281,0.0001
full,1,182300,182300,0.987837,0.0001
full,1,182350,182350,0.9877047,0.0001
full,1,182400,182400,0.9875439,0.0001
full,1,182450,182450,0.9873098,0.0001
full,1,182500,182500,0.987707,0.0001
full,1,182550,182550,0.9878175,0.0001
full,1,182600,182600,0.9874393,0.0001
full,1,182650,182650,0.9877841,0.0001
full,1,182700,182700,0.9872348,0.0001
full,1,182750,182750,0.9878933,0.0001
full,1,182800,182800,0.9876728,0.0001
full,1,182850,182850,0.9874473,0.0001
full,1,182900,182900,0.9873805,0.0001
full,1,182950,182950,0.9875377,0.0001
full,1,183000,183000,0.9875837,0.0001
full,1,183050,183050,0.9876997,0.0001
full,1,183100,183100,0.987588,0.0001
full,1,183150,183150,0.9873266,0.0001
full,1,183200,183200,0.9873349,0.0001
full,1,183250,183250,0.9876456,0.0001
full,1,183300,183300,0.9876702,0.0001
full,1,183350,183350,0.988043,0.0001
full,1,183400,183400,0.9876217,0.0001
full,1,183450,183450,0.9876325,0.0001
full,1,183500,183500,0.9874437,0.0001
full,1,183550,183550,0.9871198,0.0001
full,1,183600,183600,0.9872741,0.0001
full,1,183650,183650,0.987538,0.0001
full,1,183700,183700,0.9874644,0.0001
full,1,183750,183750,0.9872075,0.0001
full,1,183800,183800,0.9874919,0.0001
full,1,183850,183850,0.9876534,0.0001
full,1,183900,183900,0.9875664,0.0001
full,1,183950,183950,0.9872708,0.0001
full,1,184000,184000,0.9874341,0.0001
full,1,184050,184050,0.9873698,0.0001
full,1,184100,184100,0.9874473,0.0001
full,1,184150,184150,0.9874113,0.0001
full,1,184200,184200,0.9877893,0.0001
full,1,184250,184250,0.9876473,0.0001
full,1,184300,184300,0.9875357,0.0001
full,1,184350,184350,0.9875736,0.0001
full,1,184400,184400,0.9873503,0.0001
full,1,184450,184450,0.9876279,0.0001
full,1,184500,184500,0.9879056,0.0001
full,1,184550,184550,0.987421,0.0001
full,1,184600,184600,0.9875956,0.0001
full,1,184650,184650,0.9873372,0.0001
full,1,184700,184700,0.9878209,0.0001
full,1,184750,184750,0.9876665,0.0001
full,1,184800,184800,0.9873974,0.0001
full,1,184850,184850,0.9876106,0.0001
full,1,184900,184900,0.9876111,0.0001
full,1,184950,184950,0.9880753,0.0001
full,1,185000,185000,0.9875996,0.0001
full,1,185050,185050,0.9875206,0.0001
full,1,185100,185100,0.9877933,0.0001
full,1,185150,185150,0.9876162,0.0001
full,1,185200,185200,0.9873028,0.0001
full,1,185250,185250,0.9874616,0.0001
full,1,185300,185300,0.9877129,0.0001
full,1,185350,185350,0.9875852,0.0001
full,1,185400,185400,0.9872857,0.0001
full,1,185450,185450,0.9875348,0.0001
full,1,185500,185500,0.9876178,0.0001
full,1,185550,185550,0.9874876,0.0001
full,1,185600,185600,0.9876409,0.0001
full,1,185650,185650,0.9875987,0.0001
full,1,185700,185700,0.9876246,0.0001
full,1,185750,185750,0.9876227,0.0001
full,1,185800,185800,0.987159,0.0001
full,1,185850,185850,0.9874674,0.0001
full,1,185900,185900,0.9876007,0.0001
full,1,185950,185950,0.9874896,0.0001
full,1,186000,186000,0.9875605,0.0001
full,1,186050,186050,0.9872764,0.0001
full,1,186100,186100,0.9874503,0.0001
full,1,186150,186150,0.9874756,0.0001
full,1,186200,186200,0.9871148,0.0001
full,1,186250,186250,0.9872701,0.0001
full,1,186300,186300,0.987363,0.0001
full,1,186350,186350,0.987349,0.0001
full,1,186400,186400,0.9874437,0.0001
full,1,186450,186450,0.9874619,0.0001
full,1,186500,186500,0.9878355,0.0001
full,1,186550,186550,0.9874052,0.0001
full,1,186600,186600,0.9877685,0.0001
full,1,186650,186650,0.9875522,0.0001
full,1,186700,186700,0.987383,0.0001
full,1,186750,186750,0.9876181,0.0001
full,1,186800,186800,0.987631,0.0001
full,1,186850,186850,0.9877064,0.0001
full,1,186900,186900,0.987749,0.0001
full,1,186950,186950,0.9874731,0.0001
full,1,187000,187000,0.9874429,0.0001
full,1,187050,187050,0.9879116,0.0001
full,1,187100,187100,0.9873201,0.0001
full,1,187150,187150,0.9873817,0.0001
full,1,187200,187200,0.9873525,0.0001
full,1,187250,187250,0.9879059,0.0001
full,1,187300,187300,0.9877576,0.0001
full,1,187350,187350,0.9875023,0.0001
full,1,187400,187400,0.9875432,0.0001
full,1,187450,187450,0.9872756,0.0001
full,1,187500,187500,0.9873991,0.0001
full,1,187550,187550,0.9875265,0.0001
full,1,187600,187600,0.9876224,0.0001
full,1,187650,187650,0.9877193,0.0001
full,1,187700,187700,0.987556,0.0001
full,1,187750,187750,0.9872042,0.0001
full,1,187800,187800,0.9874142,0.0001
full,1,187850,187850,0.9874471,0.0001
full,1,187900,187900,0.9875838,0.0001
full,1,187950,187950,0.9875514,0.0001
full,1,188000,188000,0.9875023,0.0001
full,1,188050,188050,0.9874892,0.0001
full,1,188100,188100,0.987491,0.0001
full,1,188150,188150,0.9872705,0.0001
full,1,188200,188200,0.9871209,0.0001
full,1,188250,188250,0.9877158,0.0001
full,1,188300,188300,0.9875757,0.0001
full,1,188350,188350,0.9879208,0.0001
full,1,188400,188400,0.9876258,0.0001
full,1,188450,188450,0.9874399,0.0001
full,1,188500,188500,0.987583,0.0001
full,1,188550,188550,0.9875872,0.0001
full,1,188600,188600,0.9880228,0.0001
full,1,188650,188650,0.9876606,0.0001
full,1,188700,188700,0.9873928,0.0001
full,1,188750,188750,0.9875307,0.0001
full,1,188800,188800,0.9876939,0.0001
full,1,188850,188850,0.9871789,0.0001
full,1,188900,188900,0.9873476,0.0001
full,1,188950,188950,0.9874982,0.0001
full,1,189000,189000,0.9878223,0.0001
full,1,189050,189050,0.9879506,0.0001
full,1,189100,189100,0.9873528,0.0001
full,1,189150,189150,0.9873331,0.0001
full,1,189200,189200,0.9874374,0.0001
full,1,189250,189250,0.9875032,0.0001
full,1,189300,189300,0.9877536,0.0001
full,1,189350,189350,0.9875364,0.0001
full,1,189400,189400,0.9873453,0.0001
full,1,189450,189450,0.9877434,0.0001
full,1,189500,189500,0.9878658,0.0001
full,1,189550,189550,0.9875284,0.0001
full,1,189600,189600,0.9877545,0.0001
full,1,189650,189650,0.9875216,0.0001
full,1,189700,189700,0.9880844,0.0001
full,1,189750,189750,0.9873784,0.0001
full,1,189800,189800,0.9876784,0.0001
full,1,189850,189850,0.9878842,0.0001
full,1,189900,189900,0.9877303,0.0001
full,1,189950,189950,0.987725,0.0001
full,1,190000,190000,0.9876287,0.0001
full,1,190050,190050,0.9879276,0.0001
full,1,190100,190100,0.9876848,0.0001
full,1,190150,190150,0.9876846,0.0001
full,1,190200,190200,0.9874936,0.0001
full,1,190250,190250,0.9875761,0.0001
full,1,190300,190300,0.9877087,0.0001
full,1,190350,190350,0.9874408,0.0001
full,1,190400,190400,0.9875613,0.0001
full,1,190450,190450,0.9874009,0.0001
full,1,190500,190500,0.987384,0.0001
full,1,190550,190550,0.9874346,0.0001
full,1,190600,190600,0.9877985,0.0001
full,1,190650,190650,0.9874701,0.0001
full,1,190700,190700,0.9875486,0.0001
full,1,190750,190750,0.9877205,0.0001
full,1,190800,190800,0.9874966,0.0001
full,1,190850,190850,0.9877225,0.0001
full,1,190900,190900,0.9874851,0.0001
full,1,190950,190950,0.9875116,0.0001
full,1,191000,191000,0.9878344,0.0001
full,1,191050,191050,0.9877675,0.0001
full,1,191100,191100,0.9875879,0.0001
full,1,191150,191150,0.987969,0.0001
full,1,191200,191200,0.9877185,0.0001
full,1,191250,191250,0.9873664,0.0001
full,1,191300,191300,0.9874657,0.0001
full,1,191350,191350,0.9869986,0.0001
full,1,191400,191400,0.9878259,0.0001
full,1,191450,191450,0.9874375,0.0001
full,1,191500,191500,0.9873512,0.0001
full,1,191550,191550,0.987505,0.0001
full,1,191600,191600,0.9874642,0.0001
full,1,191650,191650,0.9876602,0.0001
full,1,191700,191700,0.9871887,0.0001
full,1,191750,191750,0.9875772,0.0001
full,1,191800,191800,0.9875888,0.0001
full,1,191850,191850,0.9875927,0.0001
full,1,191900,191900,0.9872841,0.0001
full,1,191950,191950,0.9876335,0.0001
full,1,192000,192000,0.987268,0.0001
full,1,192050,192050,0.9873042,0.0001
full,1,192100,192100,0.9875535,0.0001
full,1,192150,192150,0.9874836,0.0001
full,1,192200,192200,0.9873604,0.0001
full,1,192250,192250,0.9873565,0.0001
full,1,192300,192300,0.9873695,0.0001
full,1,192350,192350,0.9874573,0.0001
full,1,192400,192400,0.9877669,0.0001
full,1,192450,192450,0.9875488,0.0001
full,1,192500,192500,0.987808,0.0001
full,1,192550,192550,0.9877902,0.0001
full,1,192600,192600,0.9874288,0.0001
full,1,192650,192650,0.9876363,0.0001
full,1,192700,192700,0.9874441,0.0001
full,1,192750,192750,0.9877353,0.0001
full,1,192800,192800,0.9870622,0.0001
full,1,192850,192850,0.9874818,0.0001
full,1,192900,192900,0.9877352,0.0001
full,1,192950,192950,0.9872723,0.0001
full,1,193000,193000,0.9872953,0.0001
full,1,193050,193050,0.9874032,0.0001
full,1,193100,193100,0.9876568,0.0001
full,1,193150,193150,0.9875062,0.0001
full,1,193200,193200,0.9872653,0.0001
full,1,193250,193250,0.9875296,0.0001
full,1,193300,193300,0.9876503,0.0001
full,1,193350,193350,0.9873191,0.0001
full,1,193400,193400,0.9875461,0.0001
full,1,193450,193450,0.9872962,0.0001
full,1,193500,193500,0.9873175,0.0001
full,1,193550,193550,0.9871476,0.0001
full,1,193600,193600,0.9870934,0.0001
full,1,193650,193650,0.9875796,0.0001
full,1,193700,193700,0.9872343,0.0001
full,1,193750,193750,0.9871876,0.0001
full,1,193800,193800,0.9873884,0.0001
full,1,193850,193850,0.9874385,0.0001
full,1,193900,193900,0.9875451,0.0001
full,1,193950,193950,0.9873167,0.0001
full,1,194000,194000,0.9871663,0.0001
full,1,194050,194050,0.9875642,0.0001
full,1,194100,194100,0.9878178,0.0001
full,1,194150,194150,0.9877227,0.0001
full,1,194200,194200,0.9874507,0.0001
full,1,194250,194250,0.987452,0.0001
full,1,194300,194300,0.9877148,0.0001
full,1,194350,194350,0.9865088,0.0001
full,1,194400,194400,0.987464,0.0001
full,1,194450,194450,0.9876478,0.0001
full,1,194500,194500,0.9873644,0.0001
full,1,194550,194550,0.9876154,0.0001
full,1,194600,194600,0.9876652,0.0001
full,1,194650,194650,0.9875575,0.0001
full,1,194700,194700,0.9877309,0.0001
full,1,194750,194750,0.9872947,0.0001
full,1,194800,194800,0.9879912,0.0001
full,1,194850,194850,0.9873618,0.0001
full,1,194900,194900,0.9876361,0.0001
full,1,194950,194950,0.9876081,0.0001
full,1,195000,195000,0.987872,0.0001
full,1,195050,195050,0.9876739,0.0001
full,1,195100,195100,0.9874465,0.0001
full,1,195150,195150,0.9876584,0.0001
full,1,195200,195200,0.987398,0.0001
full,1,195250,195250,0.9877935,0.0001
full,1,195300,195300,0.9875982,0.0001
full,1,195350,195350,0.9873503,0.0001
full,1,195400,195400,0.9872854,0.0001
full,1,195450,195450,0.9875867,0.0001
full,1,195500,195500,0.9874151,0.0001
full,1,195550,195550,0.987474,0.0001
full,1,195600,195600,0.9878639,0.0001
full,1,195650,195650,0.9876558,0.0001
full,1,195700,195700,0.9874558,0.0001
full,1,195750,195750,0.9873998,0.0001
full,1,195800,195800,0.9876416,0.0001
full,1,195850,195850,0.9876589,0.0001
full,1,195900,195900,0.987671,0.0001
full,1,195950,195950,0.9873729,0.0001
full,1,196000,196000,0.9875492,0.0001
full,1,196050,196050,0.9872105,0.0001
full,1,196100,196100,0.9873274,0.0001
full,1,196150,196150,0.9877129,0.0001
full,1,196200,196200,0.9877712,0.0001
full,1,196250,196250,0.9871382,0.0001
full,1,196300,196300,0.9870293,0.0001
full,1,196350,196350,0.9874277,0.0001
full,1,196400,196400,0.9876058,0.0001
full,1,196450,196450,0.9877412,0.0001
full,1,196500,196500,0.9878527,0.0001
full,1,196550,196550,0.9871595,0.0001
full,1,196600,196600,0.9874405,0.0001
full,1,196650,196650,0.9873462,0.0001
full,1,196700,196700,0.9874916,0.0001
full,1,196750,196750,0.9872388,0.0001
full,1,196800,196800,0.9877071,0.0001
full,1,196850,196850,0.9872586,0.0001
full,1,196900,196900,0.9879856,0.0001
full,1,196950,196950,0.9873513,0.0001
full,1,197000,197000,0.9875101,0.0001
full,1,197050,197050,0.9875808,0.0001
full,1,197100,197100,0.9873645,0.0001
full,1,197150,197150,0.9874722,0.0001
full,1,197200,197200,0.9874953,0.0001
full,1,197250,197250,0.9874773,0.0001
full,1,197300,197300,0.987841,0.0001
full,1,197350,197350,0.9874189,0.0001
full,1,197400,197400,0.9874707,0.0001
full,1,197450,197450,0.9876724,0.0001
full,1,197500,197500,0.9874819,0.0001
full,1,197550,197550,0.9874473,0.0001
full,1,197600,197600,0.9875669,0.0001
full,1,197650,197650,0.9877344,0.0001
full,1,197700,197700,0.9871925,0.0001
full,1,197750,197750,0.9879532,0.0001
full,1,197800,197800,0.9875009,0.0001
full,1,197850,197850,0.9875137,0.0001
full,1,197900,197900,0.9874361,0.0001
full,1,197950,197950,0.9880132,0.0001
full,1,198000,198000,0.9874318,0.0001
full,1,198050,198050,0.9875424,0.0001
full,1,198100,198100,0.9876844,0.0001
full,1,198150,198150,0.9874258,0.0001
full,1,198200,198200,0.9871847,0.0001
full,1,198250,198250,0.9871523,0.0001
full,1,198300,198300,0.9874315,0.0001
full,1,198350,198350,0.9877642,0.0001
full,1,198400,198400,0.9873623,0.0001
full,1,198450,198450,0.9876002,0.0001
full,1,198500,198500,0.987354,0.0001
full,1,198550,198550,0.9878097,0.0001
full,1,198600,198600,0.9872285,0.0001
full,1,198650,198650,0.9874308,0.0001
full,1,198700,198700,0.9871738,0.0001
full,1,198750,198750,0.9873012,0.0001
full,1,198800,198800,0.9874133,0.0001
full,1,198850,198850,0.9876488,0.0001
full,1,198900,198900,0.9879773,0.0001
full,1,198950,198950,0.9878533,0.0001
full,1,199000,199000,0.9878418,0.0001
full,1,199050,199050,0.9873935,0.0001
full,1,199100,199100,0.9874509,0.0001
full,1,199150,199150,0.9872903,0.0001
full,1,199200,199200,0.9876077,0.0001
full,1,199250,199250,0.9878144,0.0001
full,1,199300,199300,0.9876862,0.0001
full,1,199350,199350,0.9874179,0.0001
full,1,199400,199400,0.9874634,0.0001
full,1,199450,199450,0.9873241,0.0001
full,1,199500,199500,0.9873827,0.0001
full,1,199550,199550,0.9873396,0.0001
full,1,199600,199600,0.9876432,0.0001
full,1,199650,199650,0.9880019,0.0001
full,1,199700,199700,0.9873757,0.0001
full,1,199750,199750,0.9875352,0.0001
full,1,199800,199800,0.9877021,0.0001
full,1,199850,199850,0.9877807,0.0001
full,1,199900,199900,0.9875026,0.0001
full,1,199950,199950,0.9874345,0.0001
full,1,200000,200000,0.9875345,0.0001
full,1,200050,200050,0.9875066,0.0001
full,1,200100,200100,0.987393,0.0001
full,1,200150,200150,0.9876004,0.0001
full,1,200200,200200,0.9876848,0.0001
full,1,200250,200250,0.9874421,0.0001
full,1,200300,200300,0.9870813,0.0001
full,1,200350,200350,0.9876378,0.0001
full,1,200400,200400,0.9870304,0.0001
full,1,200450,200450,0.9873195,0.0001
full,1,200500,200500,0.987493,0.0001
full,1,200550,200550,0.9875212,0.0001
full,1,200600,200600,0.9874852,0.0001
full,1,200650,200650,0.9877111,0.0001
full,1,200700,200700,0.9874511,0.0001
full,1,200750,200750,0.9874857,0.0001
full,1,200800,200800,0.9872686,0.0001
full,1,200850,200850,0.9874509,0.0001
full,1,200900,200900,0.9877908,0.0001
full,1,200950,200950,0.9880739,0.0001
full,1,201000,201000,0.9879919,0.0001
full,1,201050,201050,0.9878479,0.0001
full,1,201100,201100,0.98758,0.0001
full,1,201150,201150,0.9879112,0.0001
full,1,201200,201200,0.9872877,0.0001
full,1,201250,201250,0.9873717,0.0001
full,1,201300,201300,0.9878128,0.0001
full,1,201350,201350,0.9873489,0.0001
full,1,201400,201400,0.9874926,0.0001
full,1,201450,201450,0.9876297,0.0001
full,1,201500,201500,0.9873833,0.0001
full,1,201550,201550,0.9875318,0.0001
full,1,201600,201600,0.9876633,0.0001
full,1,201650,201650,0.9873699,0.0001
full,1,201700,201700,0.9879575,0.0001
full,1,201750,201750,0.9874216,0.0001
full,1,201800,201800,0.9873928,0.0001
full,1,201850,201850,0.9875284,0.0001
full,1,201900,201900,0.987528,0.0001
full,1,201950,201950,0.987355,0.0001
full,1,202000,202000,0.9878546,0.0001
full,1,202050,202050,0.9874682,0.0001
full,1,202100,202100,0.9870979,0.0001
full,1,202150,202150,0.9875332,0.0001
full,1,202200,202200,0.9875898,0.0001
full,1,202250,202250,0.9872528,0.0001
full,1,202300,202300,0.9873355,0.0001
full,1,202350,202350,0.9876359,0.0001
full,1,202400,202400,0.9876953,0.0001
full,1,202450,202450,0.9872674,0.0001
full,1,202500,202500,0.9872968,0.0001
full,1,202550,202550,0.9876772,0.0001
full,1,202600,202600,0.9876405,0.0001
full,1,202650,202650,0.9874175,0.0001
full,1,202700,202700,0.9879648,0.0001
full,1,202750,202750,0.9871837,0.0001
full,1,202800,202800,0.9874514,0.0001
full,1,202850,202850,0.9876561,0.0001
full,1,202900,202900,0.9874418,0.0001
full,1,202950,202950,0.9875513,0.0001
full,1,203000,203000,0.9877965,0.0001
full,1,203050,203050,0.9878125,0.0001
full,1,203100,203100,0.9872821,0.0001
full,1,203150,203150,0.9877942,0.0001
full,1,203200,203200,0.9873115,0.0001
full,1,203250,203250,0.9878874,0.0001
full,1,203300,203300,0.9875243,0.0001
full,1,203350,203350,0.9879439,0.0001
full,1,203400,203400,0.9875163,0.0001
full,1,203450,203450,0.9874116,0.0001
full,1,203500,203500,0.9873245,0.0001
full,1,203550,203550,0.9872099,0.0001
full,1,203600,203600,0.9875915,0.0001
full,1,203650,203650,0.9879707,0.0001
full,1,203700,203700,0.9875137,0.0001
full,1,203750,203750,0.9875612,0.0001
full,1,203800,203800,0.987405,0.0001
full,1,203850,203850,0.9873095,0.0001
full,1,203900,203900,0.9876808,0.0001
full,1,203950,203950,0.9873104,0.0001
full,1,204000,204000,0.9872897,0.0001
full,1,204050,204050,0.9874172,0.0001
full,1,204100,204100,0.987307,0.0001
full,1,204150,204150,0.9878205,0.0001
full,1,204200,204200,0.9878279,0.0001
full,1,204250,204250,0.9876369,0.0001
full,1,204300,204300,0.9875898,0.0001
full,1,204350,204350,0.9873729,0.0001
full,1,204400,204400,0.987505,0.0001
full,1,204450,204450,0.9875121,0.0001
full,1,204500,204500,0.9877059,0.0001
full,1,204550,204550,0.9872922,0.0001
full,1,204600,204600,0.9872773,0.0001
full,1,204650,204650,0.9876807,0.0001
full,1,204700,204700,0.9877207,0.0001
full,1,204750,204750,0.9875745,0.0001
full,1,204800,204800,0.9874296,0.0001
full,1,204850,204850,0.9875938,0.0001
full,1,204900,204900,0.9873013,0.0001
full,1,204950,204950,0.9874499,0.0001
full,1,205000,205000,0.9872915,0.0001
full,1,205050,205050,0.9873119,0.0001
full,1,205100,205100,0.9877902,0.0001
full,1,205150,205150,0.9871247,0.0001
full,1,205200,205200,0.9876024,0.0001
full,1,205250,205250,0.9876353,0.0001
full,1,205300,205300,0.9877551,0.0001
full,1,205350,205350,0.987161,0.0001
full,1,205400,205400,0.9876214,0.0001
full,1,205450,205450,0.9879348,0.0001
full,1,205500,205500,0.9877469,0.0001
full,1,205550,205550,0.9874438,0.0001
full,1,205600,205600,0.9876325,0.0001
full,1,205650,205650,0.9874839,0.0001
full,1,205700,205700,0.987641,0.0001
full,1,205750,205750,0.9874706,0.0001
full,1,205800,205800,0.9873219,0.0001
full,1,205850,205850,0.9874519,0.0001
full,1,205900,205900,0.9879607,0.0001
full,1,205950,205950,0.9877982,0.0001
full,1,206000,206000,0.987735,0.0001
full,1,206050,206050,0.9873374,0.0001
full,1,206100,206100,0.9875342,0.0001
full,1,206150,206150,0.9875064,0.0001
full,1,206200,206200,0.9869797,0.0001
full,1,206250,206250,0.98701,0.0001
full,1,206300,206300,0.9873089,0.0001
full,1,206350,206350,0.9874923,0.0001
full,1,206400,206400,0.9874394,0.0001
full,1,206450,206450,0.9870933,0.0001
full,1,206500,206500,0.9874263,0.0001
full,1,206550,206550,0.9873819,0.0001
full,1,206600,206600,0.9880015,0.0001
full,1,206650,206650,0.9876801,0.0001
full,1,206700,206700,0.9875505,0.0001
full,1,206750,206750,0.9878455,0.0001
full,1,206800,206800,0.9877639,0.0001
full,1,206850,206850,0.9879174,0.0001
full,1,206900,206900,0.9874913,0.0001
full,1,206950,206950,0.9874423,0.0001
full,1,207000,207000,0.9875405,0.0001
full,1,207050,207050,0.9876535,0.0001
full,1,207100,207100,0.987665,0.0001
full,1,207150,207150,0.9872629,0.0001
full,1,207200,207200,0.9876196,0.0001
full,1,207250,207250,0.9876148,0.0001
full,1,207300,207300,0.9875333,0.0001
full,1,207350,207350,0.9877094,0.0001
full,1,207400,207400,0.9873543,0.0001
full,1,207450,207450,0.9876072,0.0001
full,1,207500,207500,0.9876709,0.0001
full,1,207550,207550,0.9878337,0.0001
full,1,207600,207600,0.9876939,0.0001
full,1,207650,207650,0.9874323,0.0001
full,1,207700,207700,0.9877245,0.0001
full,1,207750,207750,0.9870549,0.0001
full,1,207800,207800,0.9875249,0.0001
full,1,207850,207850,0.9879317,0.0001
full,1,207900,207900,0.9876298,0.0001
full,1,207950,207950,0.9876435,0.0001
full,1,208000,208000,0.987371,0.0001
full,1,208050,208050,0.9873878,0.0001
full,1,208100,208100,0.9876895,0.0001
full,1,208150,208150,0.9875134,0.0001
full,1,208200,208200,0.9872317,0.0001
full,1,208250,208250,0.9876206,0.0001
full,1,208300,208300,0.987543,0.0001
full,1,208350,208350,0.9874792,0.0001
full,1,208400,208400,0.9874964,0.0001
full,1,208450,208450,0.9877505,0.0001
full,1,208500,208500,0.987447,0.0001
full,1,208550,208550,0.9875663,0.0001
full,1,208600,208600,0.9875742,0.0001
full,1,208650,208650,0.9872416,0.0001
full,1,208700,208700,0.9875817,0.0001
full,1,208750,208750,0.9876322,0.0001
full,1,208800,208800,0.9871481,0.0001
full,1,208850,208850,0.9877849,0.0001
full,1,208900,208900,0.9877246,0.0001
full,1,208950,208950,0.98726,0.0001
full,1,209000,209000,0.9873241,0.0001
full,1,209050,209050,0.9877921,0.0001
full,1,209100,209100,0.9874546,0.0001
full,1,209150,209150,0.9879161,0.0001
full,1,209200,209200,0.9873375,0.0001
full,1,209250,209250,0.9875041,0.0001
full,1,209300,209300,0.9877725,0.0001
full,1,209350,209350,0.9871456,0.0001
full,1,209400,209400,0.9878777,0.0001
full,1,209450,209450,0.98775,0.0001
full,1,209500,209500,0.9876736,0.0001
full,1,209550,209550,0.987374,0.0001
full,1,209600,209600,0.9873433,0.0001
full,1,209650,209650,0.9875072,0.0001
full,1,209700,209700,0.9873085,0.0001
full,1,209750,209750,0.9875265,0.0001
full,1,209800,209800,0.9873557,0.0001
full,1,209850,209850,0.9878306,0.0001
full,1,209900,209900,0.9873971,0.0001
full,1,209950,209950,0.987587,0.0001
full,1,210000,210000,0.9875778,0.0001
full,1,210050,210050,0.9876836,0.0001
full,1,210100,210100,0.9877633,0.0001
full,1,210150,210150,0.9875913,0.0001
full,1,210200,210200,0.9874025,0.0001
full,1,210250,210250,0.9872496,0.0001
full,1,210300,210300,0.9879055,0.0001
full,1,210350,210350,0.9874252,0.0001
full,1,210400,210400,0.9873759,0.0001
full,1,210450,210450,0.9876389,0.0001
full,1,210500,210500,0.9875186,0.0001
full,1,210550,210550,0.9877753,0.0001
full,1,210600,210600,0.9875486,0.0001
full,1,210650,210650,0.9877695,0.0001
full,1,210700,210700,0.9877961,0.0001
full,1,210750,210750,0.9873484,0.0001
full,1,210800,210800,0.9875927,0.0001
full,1,210850,210850,0.9871554,0.0001
full,1,210900,210900,0.9871547,0.0001
full,1,210950,210950,0.9876145,0.0001
full,1,211000,211000,0.9871899,0.0001
full,1,211050,211050,0.9874216,0.0001
full,1,211100,211100,0.9875442,0.0001
full,1,211150,211150,0.98735,0.0001
full,1,211200,211200,0.9875174,0.0001
full,1,211250,211250,0.9876619,0.0001
full,1,211300,211300,0.9871255,0.0001
full,1,211350,211350,0.9875697,0.0001
full,1,211400,211400,0.9870731,0.0001
full,1,211450,211450,0.9874257,0.0001
full,1,211500,211500,0.9875407,0.0001
full,1,211550,211550,0.9872892,0.0001
full,1,211600,211600,0.9876723,0.0001
full,1,211650,211650,0.9876002,0.0001
full,1,211700,211700,0.9874475,0.0001
full,1,211750,211750,0.9878726,0.0001
full,1,211800,211800,0.9873792,0.0001
full,1,211850,211850,0.9874576,0.0001
full,1,211900,211900,0.9878069,0.0001
full,1,211950,211950,0.9873416,0.0001
full,1,212000,212000,0.9875402,0.0001
full,1,212050,212050,0.9875957,0.0001
full,1,212100,212100,0.9871116,0.0001
full,1,212150,212150,0.9873459,0.0001
full,1,212200,212200,0.9876458,0.0001
full,1,212250,212250,0.9878141,0.0001
full,1,212300,212300,0.9874269,0.0001
full,1,212350,212350,0.987638,0.0001
full,1,212400,212400,0.9873682,0.0001
full,1,212450,212450,0.9874328,0.0001
full,1,212500,212500,0.9877477,0.0001
full,1,212550,212550,0.9874539,0.0001
full,1,212600,212600,0.9871126,0.0001
full,1,212650,212650,0.9874451,0.0001
full,1,212700,212700,0.9877073,0.0001
full,1,212750,212750,0.9874922,0.0001
full,1,212800,212800,0.9876269,0.0001
full,1,212850,212850,0.9875682,0.0001
full,1,212900,212900,0.987884,0.0001
full,1,212950,212950,0.9873138,0.0001
full,1,213000,213000,0.9876437,0.0001
full,1,213050,213050,0.9876409,0.0001
full,1,213100,213100,0.9869377,0.0001
full,1,213150,213150,0.9871627,0.0001
full,1,213200,213200,0.9876751,0.0001
full,1,213250,213250,0.9875296,0.0001
full,1,213300,213300,0.9874257,0.0001
full,1,213350,213350,0.987637,0.0001
full,1,213400,213400,0.9873567,0.0001
full,1,213450,213450,0.9876212,0.0001
full,1,213500,213500,0.9876941,0.0001
full,1,213550,213550,0.9874195,0.0001
full,1,213600,213600,0.9873459,0.0001
full,1,213650,213650,0.9874815,0.0001
full,1,213700,213700,0.9876009,0.0001
full,1,213750,213750,0.9874004,0.0001
full,1,213800,213800,0.9871584,0.0001
full,1,213850,213850,0.987632,0.0001
full,1,213900,213900,0.9874086,0.0001
full,1,213950,213950,0.9874441,0.0001
full,1,214000,214000,0.9877675,0.0001
full,1,214050,214050,0.9875118,0.0001
full,1,214100,214100,0.9878168,0.0001
full,1,214150,214150,0.987463,0.0001
full,1,214200,214200,0.987664,0.0001
full,1,214250,214250,0.9871849,0.0001
full,1,214300,214300,0.9872734,0.0001
full,1,214350,214350,0.9867796,0.0001
full,1,214400,214400,0.9871919,0.0001
full,1,214450,214450,0.9876348,0.0001
full,1,214500,214500,0.9876135,0.0001
full,1,214550,214550,0.9874768,0.0001
full,1,214600,214600,0.9876787,0.0001
full,1,214650,214650,0.9876944,0.0001
full,1,214700,214700,0.9875326,0.0001
full,1,214750,214750,0.9875454,0.0001
full,1,214800,214800,0.9877771,0.0001
full,1,214850,214850,0.9877958,0.0001
full,1,214900,214900,0.9872906,0.0001
full,1,214950,214950,0.9874519,0.0001
full,1,215000,215000,0.987465,0.0001
full,1,215050,215050,0.9874187,0.0001
full,1,215100,215100,0.9876208,0.0001
full,1,215150,215150,0.9876998,0.0001
full,1,215200,215200,0.9871609,0.0001
full,1,215250,215250,0.9868321,0.0001
full,1,215300,215300,0.9874708,0.0001
full,1,215350,215350,0.9876192,0.0001
full,1,215400,215400,0.9875594,0.0001
full,1,215450,215450,0.9875971,0.0001
full,1,215500,215500,0.9879307,0.0001
full,1,215550,215550,0.98752,0.0001
full,1,215600,215600,0.9874045,0.0001
full,1,215650,215650,0.9873579,0.0001
full,1,215700,215700,0.9875693,0.0001
full,1,215750,215750,0.9873931,0.0001
full,1,215800,215800,0.9873772,0.0001
full,1,215850,215850,0.9873852,0.0001
full,1,215900,215900,0.9874762,0.0001
full,1,215950,215950,0.9875178,0.0001
full,1,216000,216000,0.9873483,0.0001
full,1,216050,216050,0.9870833,0.0001
full,1,216100,216100,0.9873921,0.0001
full,1,216150,216150,0.9877815,0.0001
full,1,216200,216200,0.9877571,0.0001
full,1,216250,216250,0.9875867,0.0001
full,1,216300,216300,0.9876938,0.0001
full,1,216350,216350,0.9874786,0.0001
full,1,216400,216400,0.9875023,0.0001
full,1,216450,216450,0.9872982,0.0001
full,1,216500,216500,0.9874301,0.0001
full,1,216550,216550,0.9873652,0.0001
full,1,216600,216600,0.9872327,0.0001
full,1,216650,216650,0.9874815,0.0001
full,1,216700,216700,0.9874416,0.0001
full,1,216750,216750,0.9873108,0.0001
full,1,216800,216800,0.9873323,0.0001
full,1,216850,216850,0.9872819,0.0001
full,1,216900,216900,0.9874992,0.0001
full,1,216950,216950,0.9874524,0.0001
full,1,217000,217000,0.9876841,0.0001
full,1,217050,217050,0.9872137,0.0001
full,1,217100,217100,0.9873592,0.0001
full,1,217150,217150,0.9875913,0.0001
full,1,217200,217200,0.9875137,0.0001
full,1,217250,217250,0.9877189,0.0001
full,1,217300,217300,0.9875373,0.0001
full,1,217350,217350,0.9867486,0.0001
full,1,217400,217400,0.9872999,0.0001
full,1,217450,217450,0.9876973,0.0001
full,1,217500,217500,0.9878282,0.0001
full,1,217550,217550,0.9875396,0.0001
full,1,217600,217600,0.9876541,0.0001
full,1,217650,217650,0.9878187,0.0001
full,1,217700,217700,0.987807,0.0001
full,1,217750,217750,0.9872519,0.0001
full,1,217800,217800,0.9871088,0.0001
full,1,217850,217850,0.9876288,0.0001
full,1,217900,217900,0.9873443,0.0001
full,1,217950,217950,0.9876059,0.0001
full,1,218000,218000,0.9873365,0.0001
full,1,218050,218050,0.9876872,0.0001
full,1,218100,218100,0.9875751,0.0001
full,1,218150,218150,0.9877687,0.0001
full,1,218200,218200,0.9874072,0.0001
full,1,218250,218250,0.9874069,0.0001
full,1,218300,218300,0.9875794,0.0001
full,1,218350,218350,0.9876652,0.0001
full,1,218400,218400,0.9873168,0.0001
full,1,218450,218450,0.9877985,0.0001
full,1,218500,218500,0.9874372,0.0001
full,1,218550,218550,0.9874513,0.0001
full,1,218600,218600,0.9871579,0.0001
full,1,218650,218650,0.9873364,0.0001
full,1,218700,218700,0.9874824,0.0001
full,1,218750,218750,0.9871179,0.0001
full,1,218800,218800,0.9874285,0.0001
full,1,218850,218850,0.9874146,0.0001
full,1,218900,218900,0.9875078,0.0001
full,1,218950,218950,0.9872821,0.0001
full,1,219000,219000,0.9874355,0.0001
full,1,219050,219050,0.9872189,0.0001
full,1,219100,219100,0.9878903,0.0001
full,1,219150,219150,0.9874361,0.0001
full,1,219200,219200,0.9879202,0.0001
full,1,219250,219250,0.9876637,0.0001
full,1,219300,219300,0.9871299,0.0001
full,1,219350,219350,0.9875633,0.0001
full,1,219400,219400,0.9877713,0.0001
full,1,219450,219450,0.9875849,0.0001
full,1,219500,219500,0.9875532,0.0001
full,1,219550,219550,0.9873211,0.0001
full,1,219600,219600,0.9869835,0.0001
full,1,219650,219650,0.9873172,0.0001
full,1,219700,219700,0.9873258,0.0001
full,1,219750,219750,0.9874153,0.0001
full,1,219800,219800,0.9873316,0.0001
full,1,219850,219850,0.9873254,0.0001
full,1,219900,219900,0.987702,0.0001
full,1,219950,219950,0.9873263,0.0001
full,1,220000,220000,0.9874781,0.0001
full,1,220050,220050,0.9872056,0.0001
full,1,220100,220100,0.987652,0.0001
full,1,220150,220150,0.9874203,0.0001
full,1,220200,220200,0.9873691,0.0001
full,1,220250,220250,0.9872391,0.0001
full,1,220300,220300,0.9876007,0.0001
full,1,220350,220350,0.9875544,0.0001
full,1,220400,220400,0.9873769,0.0001
full,1,220450,220450,0.9870982,0.0001
full,1,220500,220500,0.987483,0.0001
full,1,220550,220550,0.9878028,0.0001
full,1,220600,220600,0.9872447,0.0001
full,1,220650,220650,0.9877914,0.0001
full,1,220700,220700,0.9878701,0.0001
full,1,220750,220750,0.9874368,0.0001
full,1,220800,220800,0.9875739,0.0001
full,1,220850,220850,0.9876745,0.0001
full,1,220900,220900,0.9876693,0.0001
full,1,220950,220950,0.9877803,0.0001
full,1,221000,221000,0.9875797,0.0001
full,1,221050,221050,0.9875324,0.0001
full,1,221100,221100,0.9875868,0.0001
full,1,221150,221150,0.9872977,0.0001
full,1,221200,221200,0.9874411,0.0001
full,1,221250,221250,0.987493,0.0001
full,1,221300,221300,0.9875982,0.0001
full,1,221350,221350,0.987569,0.0001
full,1,221400,221400,0.9873153,0.0001
full,1,221450,221450,0.9873919,0.0001
full,1,221500,221500,0.9874188,0.0001
full,1,221550,221550,0.9872638,0.0001
full,1,221600,221600,0.987199,0.0001
full,1,221650,221650,0.9875042,0.0001
full,1,221700,221700,0.9878307,0.0001
full,1,221750,221750,0.987351,0.0001
full,1,221800,221800,0.9873692,0.0001
full,1,221850,221850,0.9874579,0.0001
full,1,221900,221900,0.9874066,0.0001
full,1,221950,221950,0.987504,0.0001
full,1,222000,222000,0.9874312,0.0001
full,1,222050,222050,0.987497,0.0001
full,1,222100,222100,0.9873883,0.0001
full,1,222150,222150,0.9872775,0.0001
full,1,222200,222200,0.9876004,0.0001
full,1,222250,222250,0.9876902,0.0001
full,1,222300,222300,0.9874563,0.0001
full,1,222350,222350,0.9876089,0.0001
full,1,222400,222400,0.9873127,0.0001
full,1,222450,222450,0.9873136,0.0001
full,1,222500,222500,0.9875386,0.0001
full,1,222550,222550,0.9878648,0.0001
full,1,222600,222600,0.9875205,0.0001
full,1,222650,222650,0.9872687,0.0001
full,1,222700,222700,0.9874843,0.0001
full,1,222750,222750,0.9876341,0.0001
full,1,222800,222800,0.9874364,0.0001
full,1,222850,222850,0.9876258,0.0001
full,1,222900,222900,0.987139,0.0001
full,1,222950,222950,0.9874973,0.0001
full,1,223000,223000,0.9872636,0.0001
full,1,223050,223050,0.9873682,0.0001
full,1,223100,223100,0.9874563,0.0001
full,1,223150,223150,0.9872533,0.0001
full,1,223200,223200,0.9876031,0.0001
full,1,223250,223250,0.9872159,0.0001
full,1,223300,223300,0.9876177,0.0001
full,1,223350,223350,0.9870473,0.0001
full,1,223400,223400,0.9876345,0.0001
full,1,223450,223450,0.9874979,0.0001
full,1,223500,223500,0.9875705,0.0001
full,1,223550,223550,0.9878753,0.0001
full,1,223600,223600,0.98763,0.0001
full,1,223650,223650,0.9871877,0.0001
full,1,223700,223700,0.9875227,0.0001
full,1,223750,223750,0.987561,0.0001
full,1,223800,223800,0.987478,0.0001
full,1,223850,223850,0.9875527,0.0001
full,1,223900,223900,0.9877743,0.0001
full,1,223950,223950,0.987747,0.0001
full,1,224000,224000,0.9873568,0.0001
full,1,224050,224050,0.987509,0.0001
full,1,224100,224100,0.9876862,0.0001
full,1,224150,224150,0.9877589,0.0001
full,1,224200,224200,0.9875844,0.0001
full,1,224250,224250,0.9874576,0.0001
full,1,224300,224300,0.987859,0.0001
full,1,224350,224350,0.987506,0.0001
full,1,224400,224400,0.9870846,0.0001
full,1,224450,224450,0.9876655,0.0001
full,1,224500,224500,0.9873748,0.0001
full,1,224550,224550,0.9874587,0.0001
full,1,224600,224600,0.9873244,0.0001
full,1,224650,224650,0.9872919,0.0001
full,1,224700,224700,0.9875814,0.0001
full,1,224750,224750,0.9872625,0.0001
full,1,224800,224800,0.9875302,0.0001
full,1,224850,224850,0.9876307,0.0001
full,1,224900,224900,0.9873604,0.0001
full,1,224950,224950,0.9876097,0.0001
full,1,225000,225000,0.9871375,0.0001
full,1,225050,225050,0.987701,0.0001
full,1,225100,225100,0.9874898,0.0001
full,1,225150,225150,0.9873599,0.0001
full,1,225200,225200,0.9873813,0.0001
full,1,225250,225250,0.9871786,0.0001
full,1,225300,225300,0.9877452,0.0001
full,1,225350,225350,0.9875762,0.0001
full,1,225400,225400,0.9876247,0.0001
full,1,225450,225450,0.9877563,0.0001
full,1,225500,225500,0.9877942,0.0001
full,1,225550,225550,0.9875994,0.0001
full,1,225600,225600,0.9874498,0.0001
full,1,225650,225650,0.987387,0.0001
full,1,225700,225700,0.9876521,0.0001
full,1,225750,225750,0.9875171,0.0001
full,1,225800,225800,0.9877307,0.0001
full,1,225850,225850,0.9877315,0.0001
full,1,225900,225900,0.9877982,0.0001
full,1,225950,225950,0.9873446,0.0001
full,1,226000,226000,0.9877342,0.0001
full,1,226050,226050,0.9875804,0.0001
full,1,226100,226100,0.9873484,0.0001
full,1,226150,226150,0.9873569,0.0001
full,1,226200,226200,0.9875789,0.0001
full,1,226250,226250,0.9873716,0.0001
full,1,226300,226300,0.9875178,0.0001
full,1,226350,226350,0.9872955,0.0001
full,1,226400,226400,0.9875957,0.0001
full,1,226450,226450,0.9877002,0.0001
full,1,226500,226500,0.9875146,0.0001
full,1,226550,226550,0.9874263,0.0001
full,1,226600,226600,0.9876838,0.0001
full,1,226650,226650,0.9875614,0.0001
full,1,226700,226700,0.9873909,0.0001
full,1,226750,226750,0.9874133,0.0001
full,1,226800,226800,0.9873427,0.0001
full,1,226850,226850,0.9877576,0.0001
full,1,226900,226900,0.9875206,0.0001
full,1,226950,226950,0.9878412,0.0001
full,1,227000,227000,0.9876186,0.0001
full,1,227050,227050,0.9874457,0.0001
full,1,227100,227100,0.987421,0.0001
full,1,227150,227150,0.9873715,0.0001
full,1,227200,227200,0.9874021,0.0001
full,1,227250,227250,0.9875275,0.0001
full,1,227300,227300,0.9874795,0.0001
full,1,227350,227350,0.987799,0.0001
full,1,227400,227400,0.9873207,0.0001
full,1,227450,227450,0.9872969,0.0001
full,1,227500,227500,0.9874203,0.0001
full,1,227550,227550,0.9874998,0.0001
full,1,227600,227600,0.9872701,0.0001
full,1,227650,227650,0.9874422,0.0001
full,1,227700,227700,0.987626,0.0001
full,1,227750,227750,0.9875789,0.0001
full,1,227800,227800,0.9874533,0.0001
full,1,227850,227850,0.9873819,0.0001
full,1,227900,227900,0.9875402,0.0001
full,1,227950,227950,0.9871358,0.0001
full,1,228000,228000,0.987441,0.0001
full,1,228050,228050,0.9875951,0.0001
full,1,228100,228100,0.9876631,0.0001
full,1,228150,228150,0.9876012,0.0001
full,1,228200,228200,0.9875299,0.0001
full,1,228250,228250,0.9877542,0.0001
full,1,228300,228300,0.9873971,0.0001
full,1,228350,228350,0.9871159,0.0001
full,1,228400,228400,0.9874669,0.0001
full,1,228450,228450,0.9877006,0.0001
full,1,228500,228500,0.9874123,0.0001
full,1,228550,228550,0.9875442,0.0001
full,1,228600,228600,0.9873787,0.0001
full,1,228650,228650,0.9875329,0.0001
full,1,228700,228700,0.9874669,0.0001
full,1,228750,228750,0.9873481,0.0001
full,1,228800,228800,0.9876304,0.0001
full,1,228850,228850,0.9876021,0.0001
full,1,228900,228900,0.987316,0.0001
full,1,228950,228950,0.9876044,0.0001
full,1,229000,229000,0.9872932,0.0001
full,1,229050,229050,0.9875344,0.0001
full,1,229100,229100,0.9874637,0.0001
full,1,229150,229150,0.9873734,0.0001
full,1,229200,229200,0.9873968,0.0001
full,1,229250,229250,0.9874784,0.0001
full,1,229300,229300,0.9879303,0.0001
full,1,229350,229350,0.9874595,0.0001
full,1,229400,229400,0.9878688,0.0001
full,1,229450,229450,0.9875119,0.0001
full,1,229500,229500,0.9870753,0.0001
full,1,229550,229550,0.9874614,0.0001
full,1,229600,229600,0.9876949,0.0001
full,1,229650,229650,0.9873658,0.0001
full,1,229700,229700,0.9874989,0.0001
full,1,229750,229750,0.9876113,0.0001
full,1,229800,229800,0.9876361,0.0001
full,1,229850,229850,0.9875352,0.0001
full,1,229900,229900,0.9876168,0.0001
full,1,229950,229950,0.9873061,0.0001
full,1,230000,230000,0.9875473,0.0001
full,1,230050,230050,0.9870445,0.0001
full,1,230100,230100,0.9876759,0.0001
full,1,230150,230150,0.987402,0.0001
full,1,230200,230200,0.9877152,0.0001
full,1,230250,230250,0.9875219,0.0001
full,1,230300,230300,0.9877383,0.0001
full,1,230350,230350,0.9876069,0.0001
full,1,230400,230400,0.9878132,0.0001
full,1,230450,230450,0.9873597,0.0001
full,1,230500,230500,0.9876062,0.0001
full,1,230550,230550,0.9876731,0.0001
full,1,230600,230600,0.987358,0.0001
full,1,230650,230650,0.9878127,0.0001
full,1,230700,230700,0.9875246,0.0001
full,1,230750,230750,0.9876263,0.0001
full,1,230800,230800,0.9876838,0.0001
full,1,230850,230850,0.9864269,0.0001
full,1,230900,230900,0.9873108,0.0001
full,1,230950,230950,0.9876595,0.0001
full,1,231000,231000,0.9876338,0.0001
full,1,231050,231050,0.9871988,0.0001
full,1,231100,231100,0.9871197,0.0001
full,1,231150,231150,0.9876322,0.0001
full,1,231200,231200,0.9879457,0.0001
full,1,231250,231250,0.9870698,0.0001
full,1,231300,231300,0.9877031,0.0001
full,1,231350,231350,0.9877779,0.0001
full,1,231400,231400,0.9872221,0.0001
full,1,231450,231450,0.9878017,0.0001
full,1,231500,231500,0.9871072,0.0001
full,1,231550,231550,0.9873694,0.0001
full,1,231600,231600,0.987138,0.0001
full,1,231650,231650,0.9872567,0.0001
full,1,231700,231700,0.9870099,0.0001
full,1,231750,231750,0.9875507,0.0001
full,1,231800,231800,0.9874356,0.0001
full,1,231850,231850,0.9875084,0.0001
full,1,231900,231900,0.9878225,0.0001
full,1,231950,231950,0.9874921,0.0001
full,1,232000,232000,0.9875596,0.0001
full,1,232050,232050,0.9876794,0.0001
full,1,232100,232100,0.9874747,0.0001
full,1,232150,232150,0.9875628,0.0001
full,1,232200,232200,0.987453,0.0001
full,1,232250,232250,0.9873868,0.0001
full,1,232300,232300,0.9875807,0.0001
full,1,232350,232350,0.9876187,0.0001
full,1,232400,232400,0.9875501,0.0001
full,1,232450,232450,0.9875628,0.0001
full,1,232500,232500,0.9878502,0.0001
full,1,232550,232550,0.9872935,0.0001
full,1,232600,232600,0.9875221,0.0001
full,1,232650,232650,0.9871405,0.0001
full,1,232700,232700,0.9876994,0.0001
full,1,232750,232750,0.9874093,0.0001
full,1,232800,232800,0.9875228,0.0001
full,1,232850,232850,0.987356,0.0001
full,1,232900,232900,0.987726,0.0001
full,1,232950,232950,0.9872775,0.0001
full,1,233000,233000,0.9875246,0.0001
full,1,233050,233050,0.9877783,0.0001
full,1,233100,233100,0.9877402,0.0001
full,1,233150,233150,0.9876694,0.0001
full,1,233200,233200,0.9877318,0.0001
full,1,233250,233250,0.9875276,0.0001
full,1,233300,233300,0.9875907,0.0001
full,1,233350,233350,0.987299,0.0001
full,1,233400,233400,0.9874622,0.0001
full,1,233450,233450,0.9874426,0.0001
full,1,233500,233500,0.9869385,0.0001
full,1,233550,233550,0.987333,0.0001
full,1,233600,233600,0.9875272,0.0001
full,1,233650,233650,0.9875159,0.0001
full,1,233700,233700,0.9874478,0.0001
full,1,233750,233750,0.9874181,0.0001
full,1,233800,233800,0.9874312,0.0001
full,1,233850,233850,0.9873556,0.0001
full,1,233900,233900,0.9873914,0.0001
full,1,233950,233950,0.9874144,0.0001
full,1,234000,234000,0.9872625,0.0001
full,1,234050,234050,0.986972,0.0001
full,1,234100,234100,0.9874589,0.0001
full,1,234150,234150,0.9877184,0.0001
full,1,234200,234200,0.9871849,0.0001
full,1,234250,234250,0.9872574,0.0001
full,1,234300,234300,0.9876099,0.0001
full,1,234350,234350,0.9876053,0.0001
full,1,234400,234400,0.9876519,0.0001
full,1,234450,234450,0.9873735,0.0001
full,1,234500,234500,0.987336,0.0001
full,1,234550,234550,0.9874007,0.0001
full,1,234600,234600,0.9872999,0.0001
full,1,234650,234650,0.9876234,0.0001
full,1,234700,234700,0.9872875,0.0001
full,1,234750,234750,0.9872408,0.0001
full,1,234800,234800,0.9875738,0.0001
full,1,234850,234850,0.9877454,0.0001
full,1,234900,234900,0.9874227,0.0001
full,1,234950,234950,0.9873843,0.0001
full,1,235000,235000,0.9879693,0.0001
full,1,235050,235050,0.987438,0.0001
full,1,235100,235100,0.9875761,0.0001
full,1,235150,235150,0.9873511,0.0001
full,1,235200,235200,0.9875165,0.0001
full,1,235250,235250,0.9870683,0.0001
full,1,235300,235300,0.9876219,0.0001
full,1,235350,235350,0.9875032,0.0001
full,1,235400,235400,0.9876291,0.0001
full,1,235450,235450,0.9872046,0.0001
full,1,235500,235500,0.9874666,0.0001
full,1,235550,235550,0.9876048,0.0001
full,1,235600,235600,0.9877592,0.0001
full,1,235650,235650,0.9871645,0.0001
full,1,235700,235700,0.9877154,0.0001
full,1,235750,235750,0.9873005,0.0001
full,1,235800,235800,0.9878004,0.0001
full,1,235850,235850,0.9874396,0.0001
full,1,235900,235900,0.9877653,0.0001
full,1,235950,235950,0.9871342,0.0001
full,1,236000,236000,0.9877099,0.0001
full,1,236050,236050,0.9876366,0.0001
full,1,236100,236100,0.9877799,0.0001
full,1,236150,236150,0.9877389,0.0001
full,1,236200,236200,0.9877119,0.0001
full,1,236250,236250,0.9877732,0.0001
full,1,236300,236300,0.9877486,0.0001
full,1,236350,236350,0.9875328,0.0001
full,1,236400,236400,0.9876143,0.0001
full,1,236450,236450,0.9874325,0.0001
full,1,236500,236500,0.9875135,0.0001
full,1,236550,236550,0.9877901,0.0001
full,1,236600,236600,0.9873567,0.0001
full,1,236650,236650,0.987375,0.0001
full,1,236700,236700,0.9872274,0.0001
full,1,236750,236750,0.9873396,0.0001
full,1,236800,236800,0.9872838,0.0001
full,1,236850,236850,0.9875086,0.0001
full,1,236900,236900,0.9872237,0.0001
full,1,236950,236950,0.9871364,0.0001
full,1,237000,237000,0.9877222,0.0001
full,1,237050,237050,0.9874377,0.0001
full,1,237100,237100,0.9876119,0.0001
full,1,237150,237150,0.9869688,0.0001
full,1,237200,237200,0.9877757,0.0001
full,1,237250,237250,0.9875603,0.0001
full,1,237300,237300,0.9870929,0.0001
full,1,237350,237350,0.987284,0.0001
full,1,237400,237400,0.9873059,0.0001
full,1,237450,237450,0.9876541,0.0001
full,1,237500,237500,0.987705,0.0001
full,1,237550,237550,0.9872701,0.0001
full,1,237600,237600,0.9871675,0.0001
full,1,237650,237650,0.9876657,0.0001
full,1,237700,237700,0.9872511,0.0001
full,1,237750,237750,0.9871276,0.0001
full,1,237800,237800,0.9874566,0.0001
full,1,237850,237850,0.9877713,0.0001
full,1,237900,237900,0.9873559,0.0001
full,1,237950,237950,0.9874096,0.0001
full,1,238000,238000,0.9875539,0.0001
full,1,238050,238050,0.9874992,0.0001
full,1,238100,238100,0.9874945,0.0001
full,1,238150,238150,0.9875107,0.0001
full,1,238200,238200,0.9874252,0.0001
full,1,238250,238250,0.9871385,0.0001
full,1,238300,238300,0.9871375,0.0001
full,1,238350,238350,0.9873369,0.0001
full,1,238400,238400,0.9876813,0.0001
full,1,238450,238450,0.9874592,0.0001
full,1,238500,238500,0.9876716,0.0001
full,1,238550,238550,0.9874407,0.0001
full,1,238600,238600,0.9872222,0.0001
full,1,238650,238650,0.9879429,0.0001
full,1,238700,238700,0.9872456,0.0001
full,1,238750,238750,0.9875856,0.0001
full,1,238800,238800,0.9877985,0.0001
full,1,238850,238850,0.9879258,0.0001
full,1,238900,238900,0.9873018,0.0001
full,1,238950,238950,0.987465,0.0001
full,1,239000,239000,0.9879658,0.0001
full,1,239050,239050,0.9873523,0.0001
full,1,239100,239100,0.9872283,0.0001
full,1,239150,239150,0.9873443,0.0001
full,1,239200,239200,0.9874609,0.0001
full,1,239250,239250,0.9869579,0.0001
full,1,239300,239300,0.9876124,0.0001
full,1,239350,239350,0.987241,0.0001
full,1,239400,239400,0.9876759,0.0001
full,1,239450,239450,0.9873467,0.0001
full,1,239500,239500,0.987701,0.0001
full,1,239550,239550,0.9878568,0.0001
full,1,239600,239600,0.9877812,0.0001
full,1,239650,239650,0.9873118,0.0001
full,1,239700,239700,0.9873476,0.0001
full,1,239750,239750,0.9877927,0.0001
full,1,239800,239800,0.9879003,0.0001
full,1,239850,239850,0.9874814,0.0001
full,1,239900,239900,0.9875887,0.0001
full,1,239950,239950,0.987569,0.0001
full,1,240000,240000,0.9874436,0.0001
full,1,240050,240050,0.9876357,0.0001
full,1,240100,240100,0.9877838,0.0001
full,1,240150,240150,0.987348,0.0001
full,1,240200,240200,0.9873987,0.0001
full,1,240250,240250,0.9879555,0.0001
full,1,240300,240300,0.9875086,0.0001
full,1,240350,240350,0.9874332,0.0001
full,1,240400,240400,0.9877129,0.0001
full,1,240450,240450,0.9873328,0.0001
full,1,240500,240500,0.9871653,0.0001
full,1,240550,240550,0.9874117,0.0001
full,1,240600,240600,0.9873925,0.0001
full,1,240650,240650,0.9873918,0.0001
full,1,240700,240700,0.9874943,0.0001
full,1,240750,240750,0.9872148,0.0001
full,1,240800,240800,0.9873685,0.0001
full,1,240850,240850,0.987329,0.0001
full,1,240900,240900,0.9875299,0.0001
full,1,240950,240950,0.9873555,0.0001
full,1,241000,241000,0.9874408,0.0001
full,1,241050,241050,0.9876879,0.0001
full,1,241100,241100,0.9872829,0.0001
full,1,241150,241150,0.9876738,0.0001
full,1,241200,241200,0.9871069,0.0001
full,1,241250,241250,0.9874244,0.0001
full,1,241300,241300,0.9873864,0.0001
full,1,241350,241350,0.9868835,0.0001
full,1,241400,241400,0.9872092,0.0001
full,1,241450,241450,0.9873685,0.0001
full,1,241500,241500,0.9877095,0.0001
full,1,241550,241550,0.9874318,0.0001
full,1,241600,241600,0.9872773,0.0001
full,1,241650,241650,0.9875519,0.0001
full,1,241700,241700,0.9873095,0.0001
full,1,241750,241750,0.9878197,0.0001
full,1,241800,241800,0.9874548,0.0001
full,1,241850,241850,0.9875381,0.0001
full,1,241900,241900,0.9874119,0.0001
full,1,241950,241950,0.9875372,0.0001
full,1,242000,242000,0.9876928,0.0001
full,1,242050,242050,0.9873481,0.0001
full,1,242100,242100,0.9872079,0.0001
full,1,242150,242150,0.9875539,0.0001
full,1,242200,242200,0.9875013,0.0001
full,1,242250,242250,0.9876393,0.0001
full,1,242300,242300,0.9875004,0.0001
full,1,242350,242350,0.9872472,0.0001
full,1,242400,242400,0.987392,0.0001
full,1,242450,242450,0.9873363,0.0001
full,1,242500,242500,0.987505,0.0001
full,1,242550,242550,0.9871466,0.0001
full,1,242600,242600,0.9874036,0.0001
full,1,242650,242650,0.9873313,0.0001
full,1,242700,242700,0.9874197,0.0001
full,1,242750,242750,0.9874039,0.0001
full,1,242800,242800,0.9877692,0.0001
full,1,242850,242850,0.9869318,0.0001
full,1,242900,242900,0.9875499,0.0001
full,1,242950,242950,0.9876557,0.0001
full,1,243000,243000,0.9874222,0.0001
full,1,243050,243050,0.9872209,0.0001
full,1,243100,243100,0.9876148,0.0001
full,1,243150,243150,0.9873446,0.0001
full,1,243200,243200,0.9875715,0.0001
full,1,243250,243250,0.9875222,0.0001
full,1,243300,243300,0.9873349,0.0001
full,1,243350,243350,0.9871719,0.0001
full,1,243400,243400,0.9873949,0.0001
full,1,243450,243450,0.9876524,0.0001
full,1,243500,243500,0.9878702,0.0001
full,1,243550,243550,0.9876794,0.0001
full,1,243600,243600,0.9872627,0.0001
full,1,243650,243650,0.9874793,0.0001
full,1,243700,243700,0.9877042,0.0001
full,1,243750,243750,0.9874767,0.0001
full,1,243800,243800,0.9874908,0.0001
full,1,243850,243850,0.9874563,0.0001
full,1,243900,243900,0.9876376,0.0001
full,1,243950,243950,0.9878394,0.0001
full,1,244000,244000,0.9873624,0.0001
full,1,244050,244050,0.9875131,0.0001
full,1,244100,244100,0.9875053,0.0001
full,1,244150,244150,0.9873056,0.0001
full,1,244200,244200,0.9872695,0.0001
full,1,244250,244250,0.9872875,0.0001
full,1,244300,244300,0.9873329,0.0001
full,1,244350,244350,0.9874246,0.0001
full,1,244400,244400,0.9874651,0.0001
full,1,244450,244450,0.9873479,0.0001
full,1,244500,244500,0.987395,0.0001
full,1,244550,244550,0.9873579,0.0001
full,1,244600,244600,0.9873871,0.0001
full,1,244650,244650,0.9873489,0.0001
full,1,244700,244700,0.9872412,0.0001
full,1,244750,244750,0.9876135,0.0001
full,1,244800,244800,0.9873142,0.0001
full,1,244850,244850,0.9876412,0.0001
full,1,244900,244900,0.9873102,0.0001
full,1,244950,244950,0.9877808,0.0001
full,1,245000,245000,0.9874896,0.0001
full,1,245050,245050,0.9872105,0.0001
full,1,245100,245100,0.9875405,0.0001
full,1,245150,245150,0.9870092,0.0001
full,1,245200,245200,0.987789,0.0001
full,1,245250,245250,0.9873405,0.0001
full,1,245300,245300,0.9873224,0.0001
full,1,245350,245350,0.9873336,0.0001
full,1,245400,245400,0.9873639,0.0001
full,1,245450,245450,0.987234,0.0001
full,1,245500,245500,0.9871261,0.0001
full,1,245550,245550,0.9875256,0.0001
full,1,245600,245600,0.9871619,0.0001
full,1,245650,245650,0.9875522,0.0001
full,1,245700,245700,0.9875997,0.0001
full,1,245750,245750,0.9873388,0.0001
full,1,245800,245800,0.9878219,0.0001
full,1,245850,245850,0.9873156,0.0001
full,1,245900,245900,0.9877875,0.0001
full,1,245950,245950,0.98769,0.0001
full,1,246000,246000,0.9869024,0.0001
full,1,246050,246050,0.987222,0.0001
full,1,246100,246100,0.9874554,0.0001
full,1,246150,246150,0.9870091,0.0001
full,1,246200,246200,0.9873635,0.0001
full,1,246250,246250,0.9876336,0.0001
full,1,246300,246300,0.9871277,0.0001
full,1,246350,246350,0.9870114,0.0001
full,1,246400,246400,0.9876832,0.0001
full,1,246450,246450,0.9877309,0.0001
full,1,246500,246500,0.9875135,0.0001
full,1,246550,246550,0.9873919,0.0001
full,1,246600,246600,0.9877486,0.0001
full,1,246650,246650,0.9874221,0.0001
full,1,246700,246700,0.9874018,0.0001
full,1,246750,246750,0.987859,0.0001
full,1,246800,246800,0.9872878,0.0001
full,1,246850,246850,0.9875571,0.0001
full,1,246900,246900,0.9871362,0.0001
full,1,246950,246950,0.9874412,0.0001
full,1,247000,247000,0.9872919,0.0001
full,1,247050,247050,0.9876492,0.0001
full,1,247100,247100,0.9874519,0.0001
full,1,247150,247150,0.9873936,0.0001
full,1,247200,247200,0.987266,0.0001
full,1,247250,247250,0.9875051,0.0001
full,1,247300,247300,0.9875234,0.0001
full,1,247350,247350,0.9879913,0.0001
full,1,247400,247400,0.9871473,0.0001
full,1,247450,247450,0.9874573,0.0001
full,1,247500,247500,0.9876802,0.0001
full,1,247550,247550,0.9871241,0.0001
full,1,247600,247600,0.9870737,0.0001
full,1,247650,247650,0.9876952,0.0001
full,1,247700,247700,0.9873358,0.0001
full,1,247750,247750,0.9876539,0.0001
full,1,247800,247800,0.9874925,0.0001
full,1,247850,247850,0.9875216,0.0001
full,1,247900,247900,0.9869088,0.0001
full,1,247950,247950,0.9869627,0.0001
full,1,248000,248000,0.9872548,0.0001
full,1,248050,248050,0.9874315,0.0001
full,1,248100,248100,0.9872364,0.0001
full,1,248150,248150,0.9874852,0.0001
full,1,248200,248200,0.987338,0.0001
full,1,248250,248250,0.9868089,0.0001
full,1,248300,248300,0.9875618,0.0001
full,1,248350,248350,0.9874656,0.0001
full,1,248400,248400,0.9876567,0.0001
full,1,248450,248450,0.9874265,0.0001
full,1,248500,248500,0.9873514,0.0001
full,1,248550,248550,0.9874538,0.0001
full,1,248600,248600,0.9874955,0.0001
full,1,248650,248650,0.9876021,0.0001
full,1,248700,248700,0.9873284,0.0001
full,1,248750,248750,0.9873805,0.0001
full,1,248800,248800,0.9876121,0.0001
full,1,248850,248850,0.9873727,0.0001
full,1,248900,248900,0.9871649,0.0001
full,1,248950,248950,0.9877429,0.0001
full,1,249000,249000,0.9874445,0.0001
full,1,249050,249050,0.9876561,0.0001
full,1,249100,249100,0.9876314,0.0001
full,1,249150,249150,0.9874191,0.0001
full,1,249200,249200,0.9875572,0.0001
full,1,249250,249250,0.9876201,0.0001
full,1,249300,249300,0.9873059,0.0001
full,1,249350,249350,0.9872246,0.0001
full,1,249400,249400,0.987511,0.0001
full,1,249450,249450,0.9872493,0.0001
full,1,249500,249500,0.9878543,0.0001
full,1,249550,249550,0.9872922,0.0001
full,1,249600,249600,0.9873157,0.0001
full,1,249650,249650,0.9873925,0.0001
full,1,249700,249700,0.9871688,0.0001
full,1,249750,249750,0.9875862,0.0001
full,1,249800,249800,0.9871908,0.0001
full,1,249850,249850,0.9873337,0.0001
full,1,249900,249900,0.9874938,0.0001
full,1,249950,249950,0.9875377,0.0001
full,1,250000,250000,0.9875873,0.0001
full,1,250050,250050,0.987687,0.0001
full,1,250100,250100,0.9875877,0.0001
full,1,250150,250150,0.9873473,0.0001
full,1,250200,250200,0.9873633,0.0001
full,1,250250,250250,0.9873391,0.0001
full,1,250300,250300,0.9875953,0.0001
full,1,250350,250350,0.9876401,0.0001
full,1,250400,250400,0.9877805,0.0001
full,1,250450,250450,0.9874334,0.0001
full,1,250500,250500,0.9874834,0.0001
full,1,250550,250550,0.9873226,0.0001
full,1,250600,250600,0.9877096,0.0001
full,1,250650,250650,0.9875395,0.0001
full,1,250700,250700,0.9872383,0.0001
full,1,250750,250750,0.9876063,0.0001
full,1,250800,250800,0.9873503,0.0001
full,1,250850,250850,0.9871867,0.0001
full,1,250900,250900,0.9874253,0.0001
full,1,250950,250950,0.9872721,0.0001
full,1,251000,251000,0.9876946,0.0001
full,1,251050,251050,0.9870977,0.0001
full,1,251100,251100,0.9875228,0.0001
full,1,251150,251150,0.9873965,0.0001
full,1,251200,251200,0.9872852,0.0001
full,1,251250,251250,0.9873788,0.0001
full,1,251300,251300,0.9874532,0.0001
full,1,251350,251350,0.9877744,0.0001
full,1,251400,251400,0.9874271,0.0001
full,1,251450,251450,0.9873939,0.0001
full,1,251500,251500,0.9873486,0.0001
full,1,251550,251550,0.9876981,0.0001
full,1,251600,251600,0.9876539,0.0001
full,1,251650,251650,0.9879021,0.0001
full,1,251700,251700,0.9879,0.0001
full,1,251750,251750,0.9873199,0.0001
full,1,251800,251800,0.9877369,0.0001
full,1,251850,251850,0.9877601,0.0001
full,1,251900,251900,0.987631,0.0001
full,1,251950,251950,0.9876554,0.0001
full,1,252000,252000,0.9873509,0.0001
full,1,252050,252050,0.9871212,0.0001
full,1,252100,252100,0.9873311,0.0001
full,1,252150,252150,0.9876217,0.0001
full,1,252200,252200,0.9875055,0.0001
full,1,252250,252250,0.9873356,0.0001
full,1,252300,252300,0.987348,0.0001
full,1,252350,252350,0.9873813,0.0001
full,1,252400,252400,0.9875892,0.0001
full,1,252450,252450,0.9875766,0.0001
full,1,252500,252500,0.9872503,0.0001
full,1,252550,252550,0.9877137,0.0001
full,1,252600,252600,0.9879519,0.0001
full,1,252650,252650,0.9872882,0.0001
full,1,252700,252700,0.9873945,0.0001
full,1,252750,252750,0.9871912,0.0001
full,1,252800,252800,0.9872301,0.0001
full,1,252850,252850,0.9873527,0.0001
full,1,252900,252900,0.9877084,0.0001
full,1,252950,252950,0.9873672,0.0001
full,1,253000,253000,0.9874827,0.0001
full,1,253050,253050,0.9874094,0.0001
full,1,253100,253100,0.9874071,0.0001
full,1,253150,253150,0.987398,0.0001
full,1,253200,253200,0.987213,0.0001
full,1,253250,253250,0.9872476,0.0001
full,1,253300,253300,0.9875043,0.0001
full,1,253350,253350,0.9872174,0.0001
full,1,253400,253400,0.9874048,0.0001
full,1,253450,253450,0.9873359,0.0001
full,1,253500,253500,0.987304,0.0001
full,1,253550,253550,0.9875789,0.0001
full,1,253600,253600,0.987376,0.0001
full,1,253650,253650,0.9872566,0.0001
full,1,253700,253700,0.9871383,0.0001
full,1,253750,253750,0.9876544,0.0001
full,1,253800,253800,0.9874127,0.0001
full,1,253850,253850,0.9875308,0.0001
full,1,253900,253900,0.9873255,0.0001
full,1,253950,253950,0.9873348,0.0001
full,1,254000,254000,0.9873343,0.0001
full,1,254050,254050,0.9876876,0.0001
full,1,254100,254100,0.9872363,0.0001
full,1,254150,254150,0.9876291,0.0001
full,1,254200,254200,0.987695,0.0001
full,1,254250,254250,0.9870478,0.0001
full,1,254300,254300,0.9871774,0.0001
full,1,254350,254350,0.9871799,0.0001
full,1,254400,254400,0.987182,0.0001
full,1,254450,254450,0.9874001,0.0001
full,1,254500,254500,0.987277,0.0001
full,1,254550,254550,0.9875505,0.0001
full,1,254600,254600,0.9873277,0.0001
full,1,254650,254650,0.9872055,0.0001
full,1,254700,254700,0.9872107,0.0001
full,1,254750,254750,0.9874713,0.0001
full,1,254800,254800,0.9874562,0.0001
full,1,254850,254850,0.9876244,0.0001
full,1,254900,254900,0.9874666,0.0001
full,1,254950,254950,0.9872988,0.0001
full,1,255000,255000,0.9875517,0.0001
full,1,255050,255050,0.9874641,0.0001
full,1,255100,255100,0.9872999,0.0001
full,1,255150,255150,0.9872637,0.0001
full,1,255200,255200,0.9873803,0.0001
full,1,255250,255250,0.9872928,0.0001
full,1,255300,255300,0.9875092,0.0001
full,1,255350,255350,0.9873609,0.0001
full,1,255400,255400,0.9873854,0.0001
full,1,255450,255450,0.9871539,0.0001
full,1,255500,255500,0.9873263,0.0001
full,1,255550,255550,0.9875042,0.0001
full,1,255600,255600,0.9876879,0.0001
full,1,255650,255650,0.9875258,0.0001
full,1,255700,255700,0.9874641,0.0001
full,1,255750,255750,0.9873061,0.0001
full,1,255800,255800,0.9875743,0.0001
full,1,255850,255850,0.9874464,0.0001
full,1,255900,255900,0.9875945,0.0001
full,1,255950,255950,0.987358,0.0001
full,1,256000,256000,0.9873034,0.0001
full,1,256050,256050,0.9873009,0.0001
full,1,256100,256100,0.9872658,0.0001
full,1,256150,256150,0.9869497,0.0001
full,1,256200,256200,0.9876004,0.0001
full,1,256250,256250,0.9877523,0.0001
full,1,256300,256300,0.987401,0.0001
full,1,256350,256350,0.987522,0.0001
full,1,256400,256400,0.9873875,0.0001
full,1,256450,256450,0.9872636,0.0001
full,1,256500,256500,0.9873562,0.0001
full,1,256550,256550,0.9873445,0.0001
full,1,256600,256600,0.9873868,0.0001
full,1,256650,256650,0.9870044,0.0001
full,1,256700,256700,0.9875395,0.0001
full,1,256750,256750,0.9873923,0.0001
full,1,256800,256800,0.9874628,0.0001
full,1,256850,256850,0.9874013,0.0001
full,1,256900,256900,0.9873697,0.0001
full,1,256950,256950,0.9872483,0.0001
full,1,257000,257000,0.9876878,0.0001
full,1,257050,257050,0.9875002,0.0001
full,1,257100,257100,0.987397,0.0001
full,1,257150,257150,0.9876555,0.0001
full,1,257200,257200,0.9874777,0.0001
full,1,257250,257250,0.9876457,0.0001
full,1,257300,257300,0.9874284,0.0001
full,1,257350,257350,0.9874889,0.0001
full,1,257400,257400,0.9877515,0.0001
full,1,257450,257450,0.9877391,0.0001
full,1,257500,257500,0.9874148,0.0001
full,1,257550,257550,0.9872209,0.0001
full,1,257600,257600,0.9872309,0.0001
full,1,257650,257650,0.9872484,0.0001
full,1,257700,257700,0.9876906,0.0001
full,1,257750,257750,0.987378,0.0001
full,1,257800,257800,0.9875211,0.0001
full,1,257850,257850,0.9875255,0.0001
full,1,257900,257900,0.9877741,0.0001
full,1,257950,257950,0.9874122,0.0001
full,1,258000,258000,0.9873082,0.0001
full,1,258050,258050,0.9874919,0.0001
full,1,258100,258100,0.9870146,0.0001
full,1,258150,258150,0.9872849,0.0001
full,1,258200,258200,0.9875589,0.0001
full,1,258250,258250,0.9870026,0.0001
full,1,258300,258300,0.987525,0.0001
full,1,258350,258350,0.987506,0.0001
full,1,258400,258400,0.9876511,0.0001
full,1,258450,258450,0.9873541,0.0001
full,1,258500,258500,0.9876194,0.0001
full,1,258550,258550,0.9873651,0.0001
full,1,258600,258600,0.9873692,0.0001
full,1,258650,258650,0.987411,0.0001
full,1,258700,258700,0.9874911,0.0001
full,1,258750,258750,0.9874362,0.0001
full,1,258800,258800,0.9875598,0.0001
full,1,258850,258850,0.9875988,0.0001
full,1,258900,258900,0.9870195,0.0001
full,1,258950,258950,0.9875886,0.0001
full,1,259000,259000,0.9878476,0.0001
full,1,259050,259050,0.9875053,0.0001
full,1,259100,259100,0.9876157,0.0001
full,1,259150,259150,0.9878849,0.0001
full,1,259200,259200,0.9876639,0.0001
full,1,259250,259250,0.9871367,0.0001
full,1,259300,259300,0.9871982,0.0001
full,1,259350,259350,0.9875382,0.0001
full,1,259400,259400,0.9872252,0.0001
full,1,259450,259450,0.9875865,0.0001
full,1,259500,259500,0.9874619,0.0001
full,1,259550,259550,0.9874426,0.0001
full,1,259600,259600,0.986866,0.0001
full,1,259650,259650,0.9876425,0.0001
full,1,259700,259700,0.9873067,0.0001
full,1,259750,259750,0.9875858,0.0001
full,1,259800,259800,0.9875365,0.0001
full,1,259850,259850,0.9877195,0.0001
full,1,259900,259900,0.9878255,0.0001
full,1,259950,259950,0.9869761,0.0001
full,1,260000,260000,0.9873271,0.0001
full,1,260050,260050,0.9877498,0.0001
full,1,260100,260100,0.9872277,0.0001
full,1,260150,260150,0.9874159,0.0001
full,1,260200,260200,0.9878914,0.0001
full,1,260250,260250,0.9873246,0.0001
full,1,260300,260300,0.9876329,0.0001
full,1,260350,260350,0.9878617,0.0001
full,1,260400,260400,0.9872352,0.0001
full,1,260450,260450,0.9872026,0.0001
full,1,260500,260500,0.987437,0.0001
full,1,260550,260550,0.9877153,0.0001
full,1,260600,260600,0.9874677,0.0001
full,1,260650,260650,0.9874225,0.0001
full,1,260700,260700,0.9874422,0.0001
full,1,260750,260750,0.9874963,0.0001
full,1,260800,260800,0.987443,0.0001
full,1,260850,260850,0.9873707,0.0001
full,1,260900,260900,0.9876143,0.0001
full,1,260950,260950,0.9874664,0.0001
full,1,261000,261000,0.9872953,0.0001
full,1,261050,261050,0.9872584,0.0001
full,1,261100,261100,0.987468,0.0001
full,1,261150,261150,0.9872557,0.0001
full,1,261200,261200,0.9876279,0.0001
full,1,261250,261250,0.9872919,0.0001
full,1,261300,261300,0.9874434,0.0001
full,1,261350,261350,0.9877177,0.0001
full,1,261400,261400,0.9878106,0.0001
full,1,261450,261450,0.987532,0.0001
full,1,261500,261500,0.9878118,0.0001
full,1,261550,261550,0.9876848,0.0001
full,1,261600,261600,0.9875628,0.0001
full,1,261650,261650,0.9877478,0.0001
full,1,261700,261700,0.9870474,0.0001
full,1,261750,261750,0.9873549,0.0001
full,1,261800,261800,0.9875686,0.0001
full,1,261850,261850,0.9870245,0.0001
full,1,261900,261900,0.9874147,0.0001
full,1,261950,261950,0.9875337,0.0001
full,1,262000,262000,0.9876244,0.0001
full,1,262050,262050,0.987191,0.0001
full,1,262100,262100,0.9873399,0.0001
full,1,262150,262150,0.9870765,0.0001
full,1,262200,262200,0.9876891,0.0001
full,1,262250,262250,0.9875377,0.0001
full,1,262300,262300,0.9874047,0.0001
full,1,262350,262350,0.9872704,0.0001
full,1,262400,262400,0.9876621,0.0001
full,1,262450,262450,0.9874119,0.0001
full,1,262500,262500,0.9876415,0.0001
full,1,262550,262550,0.9874941,0.0001
full,1,262600,262600,0.9871524,0.0001
full,1,262650,262650,0.9868265,0.0001
full,1,262700,262700,0.9871752,0.0001
full,1,262750,262750,0.9874966,0.0001
full,1,262800,262800,0.9874856,0.0001
full,1,262850,262850,0.9874001,0.0001
full,1,262900,262900,0.9873115,0.0001
full,1,262950,262950,0.9875295,0.0001
full,1,263000,263000,0.9872969,0.0001
full,1,263050,263050,0.9872695,0.0001
full,1,263100,263100,0.987577,0.0001
full,1,263150,263150,0.9872769,0.0001
full,1,263200,263200,0.9872957,0.0001
full,1,263250,263250,0.9875599,0.0001
full,1,263300,263300,0.9869712,0.0001
full,1,263350,263350,0.9874961,0.0001
full,1,263400,263400,0.9872277,0.0001
full,1,263450,263450,0.9874611,0.0001
full,1,263500,263500,0.9872927,0.0001
full,1,263550,263550,0.9873053,0.0001
full,1,263600,263600,0.9877725,0.0001
full,1,263650,263650,0.9875443,0.0001
full,1,263700,263700,0.9871321,0.0001
full,1,263750,263750,0.9872159,0.0001
full,1,263800,263800,0.9875053,0.0001
full,1,263850,263850,0.9872625,0.0001
full,1,263900,263900,0.9874231,0.0001
full,1,263950,263950,0.9874238,0.0001
full,1,264000,264000,0.9871079,0.0001
full,1,264050,264050,0.9875401,0.0001
full,1,264100,264100,0.9875743,0.0001
full,1,264150,264150,0.9872694,0.0001
full,1,264200,264200,0.9873181,0.0001
full,1,264250,264250,0.9873833,0.0001
full,1,264300,264300,0.987544,0.0001
full,1,264350,264350,0.9878892,0.0001
full,1,264400,264400,0.9874524,0.0001
full,1,264450,264450,0.9874198,0.0001
full,1,264500,264500,0.9871558,0.0001
full,1,264550,264550,0.9875265,0.0001
full,1,264600,264600,0.987582,0.0001
full,1,264650,264650,0.987489,0.0001
full,1,264700,264700,0.9874303,0.0001
full,1,264750,264750,0.9876878,0.0001
full,1,264800,264800,0.9871179,0.0001
full,1,264850,264850,0.9873161,0.0001
full,1,264900,264900,0.9877017,0.0001
full,1,264950,264950,0.9876943,0.0001
full,1,265000,265000,0.9874906,0.0001
full,1,265050,265050,0.987847,0.0001
full,1,265100,265100,0.9874427,0.0001
full,1,265150,265150,0.9874671,0.0001
full,1,265200,265200,0.9874813,0.0001
full,1,265250,265250,0.9874792,0.0001
full,1,265300,265300,0.9871126,0.0001
full,1,265350,265350,0.9871979,0.0001
full,1,265400,265400,0.9875429,0.0001
full,1,265450,265450,0.9872572,0.0001
full,1,265500,265500,0.9872534,0.0001
full,1,265550,265550,0.9876229,0.0001
full,1,265600,265600,0.9875495,0.0001
full,1,265650,265650,0.9878752,0.0001
full,1,265700,265700,0.9876871,0.0001
full,1,265750,265750,0.9872604,0.0001
full,1,265800,265800,0.9873012,0.0001
full,1,265850,265850,0.9876808,0.0001
full,1,265900,265900,0.9873928,0.0001
full,1,265950,265950,0.9872903,0.0001
full,1,266000,266000,0.9873644,0.0001
full,1,266050,266050,0.9873068,0.0001
full,1,266100,266100,0.9876353,0.0001
full,1,266150,266150,0.9874769,0.0001
full,1,266200,266200,0.9875647,0.0001
full,1,266250,266250,0.9875217,0.0001
full,1,266300,266300,0.9878285,0.0001
full,1,266350,266350,0.9874993,0.0001
full,1,266400,266400,0.9876812,0.0001
full,1,266450,266450,0.9870929,0.0001
full,1,266500,266500,0.9874625,0.0001
full,1,266550,266550,0.9877008,0.0001
full,1,266600,266600,0.9874304,0.0001
full,1,266650,266650,0.9873334,0.0001
full,1,266700,266700,0.9877483,0.0001
full,1,266750,266750,0.9873399,0.0001
full,1,266800,266800,0.9873561,0.0001
full,1,266850,266850,0.9874362,0.0001
full,1,266900,266900,0.9873337,0.0001
full,1,266950,266950,0.9870828,0.0001
full,1,267000,267000,0.9875469,0.0001
full,1,267050,267050,0.9873148,0.0001
full,1,267100,267100,0.9872832,0.0001
full,1,267150,267150,0.9873487,0.0001
full,1,267200,267200,0.9877649,0.0001
full,1,267250,267250,0.9874769,0.0001
full,1,267300,267300,0.987682,0.0001
full,1,267350,267350,0.9874318,0.0001
full,1,267400,267400,0.9876536,0.0001
full,1,267450,267450,0.9874133,0.0001
full,1,267500,267500,0.9873832,0.0001
full,1,267550,267550,0.9875973,0.0001
full,1,267600,267600,0.9873568,0.0001
full,1,267650,267650,0.9874521,0.0001
full,1,267700,267700,0.9876288,0.0001
full,1,267750,267750,0.9877694,0.0001
full,1,267800,267800,0.9874704,0.0001
full,1,267850,267850,0.9874561,0.0001
full,1,267900,267900,0.9873562,0.0001
full,1,267950,267950,0.9874717,0.0001
full,1,268000,268000,0.9877195,0.0001
full,1,268050,268050,0.9874174,0.0001
full,1,268100,268100,0.9874104,0.0001
full,1,268150,268150,0.9875473,0.0001
full,1,268200,268200,0.9875048,0.0001
full,1,268250,268250,0.9867991,0.0001
full,1,268300,268300,0.9875323,0.0001
full,1,268350,268350,0.9876118,0.0001
full,1,268400,268400,0.9872144,0.0001
full,1,268450,268450,0.9873459,0.0001
full,1,268500,268500,0.9873549,0.0001
full,1,268550,268550,0.9878301,0.0001
full,1,268600,268600,0.9871067,0.0001
full,1,268650,268650,0.9876992,0.0001
full,1,268700,268700,0.9875747,0.0001
full,1,268750,268750,0.9878702,0.0001
full,1,268800,268800,0.9875078,0.0001
full,1,268850,268850,0.9875646,0.0001
full,1,268900,268900,0.9871843,0.0001
full,1,268950,268950,0.98785,0.0001
full,1,269000,269000,0.9877306,0.0001
full,1,269050,269050,0.9872525,0.0001
full,1,269100,269100,0.9872246,0.0001
full,1,269150,269150,0.9873362,0.0001
full,1,269200,269200,0.9872342,0.0001
full,1,269250,269250,0.987099,0.0001
full,1,269300,269300,0.9871423,0.0001
full,1,269350,269350,0.9874095,0.0001
full,1,269400,269400,0.9872999,0.0001
full,1,269450,269450,0.9875585,0.0001
full,1,269500,269500,0.9874188,0.0001
full,1,269550,269550,0.9874133,0.0001
full,1,269600,269600,0.9876813,0.0001
full,1,269650,269650,0.9869438,0.0001
full,1,269700,269700,0.9877027,0.0001
full,1,269750,269750,0.9875296,0.0001
full,1,269800,269800,0.9875609,0.0001
full,1,269850,269850,0.9874756,0.0001
full,1,269900,269900,0.9874748,0.0001
full,1,269950,269950,0.9871726,0.0001
full,1,270000,270000,0.9874942,0.0001
full,1,270050,270050,0.9876949,0.0001
full,1,270100,270100,0.987596,0.0001
full,1,270150,270150,0.9875513,0.0001
full,1,270200,270200,0.9870282,0.0001
full,1,270250,270250,0.9875494,0.0001
full,1,270300,270300,0.9874358,0.0001
full,1,270350,270350,0.9877023,0.0001
full,1,270400,270400,0.9874514,0.0001
full,1,270450,270450,0.987429,0.0001
full,1,270500,270500,0.9874651,0.0001
full,1,270550,270550,0.9873878,0.0001
full,1,270600,270600,0.9876658,0.0001
full,1,270650,270650,0.9873865,0.0001
full,1,270700,270700,0.9876807,0.0001
full,1,270750,270750,0.9873201,0.0001
full,1,270800,270800,0.9874079,0.0001
full,1,270850,270850,0.9877056,0.0001
full,1,270900,270900,0.9872791,0.0001
full,1,270950,270950,0.9875412,0.0001
full,1,271000,271000,0.9876392,0.0001
full,1,271050,271050,0.9873397,0.0001
full,1,271100,271100,0.9872457,0.0001
full,1,271150,271150,0.9879092,0.0001
full,1,271200,271200,0.9871688,0.0001
full,1,271250,271250,0.9873306,0.0001
full,1,271300,271300,0.9875581,0.0001
full,1,271350,271350,0.9873765,0.0001
full,1,271400,271400,0.987799,0.0001
full,1,271450,271450,0.987744,0.0001
full,1,271500,271500,0.9873715,0.0001
full,1,271550,271550,0.9873765,0.0001
full,1,271600,271600,0.9873125,0.0001
full,1,271650,271650,0.9875878,0.0001
full,1,271700,271700,0.9876806,0.0001
full,1,271750,271750,0.9875889,0.0001
full,1,271800,271800,0.9873288,0.0001
full,1,271850,271850,0.9873962,0.0001
full,1,271900,271900,0.9874582,0.0001
full,1,271950,271950,0.987596,0.0001
full,1,272000,272000,0.9874874,0.0001
full,1,272050,272050,0.9874431,0.0001
full,1,272100,272100,0.9875514,0.0001
full,1,272150,272150,0.9877684,0.0001
full,1,272200,272200,0.9874588,0.0001
full,1,272250,272250,0.9877329,0.0001
full,1,272300,272300,0.9870117,0.0001
full,1,272350,272350,0.98717,0.0001
full,1,272400,272400,0.987426,0.0001
full,1,272450,272450,0.9876587,0.0001
full,1,272500,272500,0.9872957,0.0001
full,1,272550,272550,0.9876593,0.0001
full,1,272600,272600,0.9871331,0.0001
full,1,272650,272650,0.9875015,0.0001
full,1,272700,272700,0.9872987,0.0001
full,1,272750,272750,0.9872263,0.0001
full,1,272800,272800,0.9875287,0.0001
full,1,272850,272850,0.9873579,0.0001
full,1,272900,272900,0.987267,0.0001
full,1,272950,272950,0.9870467,0.0001
full,1,273000,273000,0.987518,0.0001
full,1,273050,273050,0.9872544,0.0001
full,1,273100,273100,0.9878275,0.0001
full,1,273150,273150,0.98737,0.0001
full,1,273200,273200,0.987255,0.0001
full,1,273250,273250,0.9873517,0.0001
full,1,273300,273300,0.9872928,0.0001
full,1,273350,273350,0.9873729,0.0001
full,1,273400,273400,0.987911,0.0001
full,1,273450,273450,0.9876867,0.0001
full,1,273500,273500,0.9875344,0.0001
full,1,273550,273550,0.9872407,0.0001
full,1,273600,273600,0.9873607,0.0001
full,1,273650,273650,0.9870029,0.0001
full,1,273700,273700,0.9875176,0.0001
full,1,273750,273750,0.9875527,0.0001
full,1,273800,273800,0.9872871,0.0001
full,1,273850,273850,0.9876978,0.0001
full,1,273900,273900,0.987384,0.0001
full,1,273950,273950,0.987205,0.0001
full,1,274000,274000,0.9876456,0.0001
full,1,274050,274050,0.9873448,0.0001
full,1,274100,274100,0.9876286,0.0001
full,1,274150,274150,0.9871878,0.0001
full,1,274200,274200,0.9873129,0.0001
full,1,274250,274250,0.9876602,0.0001
full,1,274300,274300,0.9875933,0.0001
full,1,274350,274350,0.987662,0.0001
full,1,274400,274400,0.9877059,0.0001
full,1,274450,274450,0.9870929,0.0001
full,1,274500,274500,0.9874501,0.0001
full,1,274550,274550,0.9869615,0.0001
full,1,274600,274600,0.9872274,0.0001
full,1,274650,274650,0.987368,0.0001
full,1,274700,274700,0.9870635,0.0001
full,1,274750,274750,0.9873748,0.0001
full,1,274800,274800,0.9878061,0.0001
full,1,274850,274850,0.9874567,0.0001
full,1,274900,274900,0.9874608,0.0001
full,1,274950,274950,0.9867674,0.0001
full,1,275000,275000,0.9871504,0.0001
full,1,275050,275050,0.9875776,0.0001
full,1,275100,275100,0.9874713,0.0001
full,1,275150,275150,0.9875866,0.0001
full,1,275200,275200,0.9874222,0.0001
full,1,275250,275250,0.9872486,0.0001
full,1,275300,275300,0.9874598,0.0001
full,1,275350,275350,0.9875659,0.0001
full,1,275400,275400,0.9873317,0.0001
full,1,275450,275450,0.9877632,0.0001
full,1,275500,275500,0.987291,0.0001
full,1,275550,275550,0.9877822,0.0001
full,1,275600,275600,0.9874208,0.0001
full,1,275650,275650,0.9878849,0.0001
full,1,275700,275700,0.9875271,0.0001
full,1,275750,275750,0.9873033,0.0001
full,1,275800,275800,0.9874644,0.0001
full,1,275850,275850,0.9875934,0.0001
full,1,275900,275900,0.9874277,0.0001
full,1,275950,275950,0.9872891,0.0001
full,1,276000,276000,0.9869943,0.0001
full,1,276050,276050,0.9874386,0.0001
full,1,276100,276100,0.9871783,0.0001
full,1,276150,276150,0.9874907,0.0001
full,1,276200,276200,0.9872835,0.0001
full,1,276250,276250,0.9874627,0.0001
full,1,276300,276300,0.9874892,0.0001
full,1,276350,276350,0.9872574,0.0001
full,1,276400,276400,0.987238,0.0001
full,1,276450,276450,0.9874436,0.0001
full,1,276500,276500,0.986626,0.0001
full,1,276550,276550,0.9872909,0.0001
full,1,276600,276600,0.9871329,0.0001
full,1,276650,276650,0.9873321,0.0001
full,1,276700,276700,0.9874899,0.0001
full,1,276750,276750,0.9872238,0.0001
full,1,276800,276800,0.9875115,0.0001
full,1,276850,276850,0.9876515,0.0001
full,1,276900,276900,0.9873122,0.0001
full,1,276950,276950,0.9874803,0.0001
full,1,277000,277000,0.9870382,0.0001
full,1,277050,277050,0.9876538,0.0001
full,1,277100,277100,0.9872605,0.0001
full,1,277150,277150,0.9868206,0.0001
full,1,277200,277200,0.9874197,0.0001
full,1,277250,277250,0.9875411,0.0001
full,1,277300,277300,0.9874186,0.0001
full,1,277350,277350,0.9878526,0.0001
full,1,277400,277400,0.9873111,0.0001
full,1,277450,277450,0.9872033,0.0001
full,1,277500,277500,0.9873852,0.0001
full,1,277550,277550,0.9877268,0.0001
full,1,277600,277600,0.9870968,0.0001
full,1,277650,277650,0.9876769,0.0001
full,1,277700,277700,0.9875322,0.0001
full,1,277750,277750,0.9872054,0.0001
full,1,277800,277800,0.9870132,0.0001
full,1,277850,277850,0.9873465,0.0001
full,1,277900,277900,0.9864976,0.0001
full,1,277950,277950,0.9874101,0.0001
full,1,278000,278000,0.9877573,0.0001
full,1,278050,278050,0.9875694,0.0001
full,1,278100,278100,0.9875805,0.0001
full,1,278150,278150,0.987457,0.0001
full,1,278200,278200,0.9874616,0.0001
full,1,278250,278250,0.9871979,0.0001
full,1,278300,278300,0.9876487,0.0001
full,1,278350,278350,0.987456,0.0001
full,1,278400,278400,0.9875663,0.0001
full,1,278450,278450,0.9871328,0.0001
full,1,278500,278500,0.9874086,0.0001
full,1,278550,278550,0.987801,0.0001
full,1,278600,278600,0.9873164,0.0001
full,1,278650,278650,0.9875077,0.0001
full,1,278700,278700,0.9874189,0.0001
full,1,278750,278750,0.9871945,0.0001
full,1,278800,278800,0.9872841,0.0001
full,1,278850,278850,0.9876329,0.0001
full,1,278900,278900,0.9872868,0.0001
full,1,278950,278950,0.9875669,0.0001
full,1,279000,279000,0.9871753,0.0001
full,1,279050,279050,0.9872666,0.0001
full,1,279100,279100,0.9869471,0.0001
full,1,279150,279150,0.9877105,0.0001
full,1,279200,279200,0.9872464,0.0001
full,1,279250,279250,0.9875438,0.0001
full,1,279300,279300,0.9873856,0.0001
full,1,279350,279350,0.9871894,0.0001
full,1,279400,279400,0.9875465,0.0001
full,1,279450,279450,0.9873009,0.0001
full,1,279500,279500,0.9876069,0.0001
full,1,279550,279550,0.9872859,0.0001
full,1,279600,279600,0.9874955,0.0001
full,1,279650,279650,0.9870512,0.0001
full,1,279700,279700,0.9874574,0.0001
full,1,279750,279750,0.9877639,0.0001
full,1,279800,279800,0.9870847,0.0001
full,1,279850,279850,0.9876454,0.0001
full,1,279900,279900,0.9874076,0.0001
full,1,279950,279950,0.9874947,0.0001
full,1,280000,280000,0.9876571,0.0001
full,1,280050,280050,0.9873428,0.0001
full,1,280100,280100,0.9876892,0.0001
full,1,280150,280150,0.9874008,0.0001
full,1,280200,280200,0.9874861,0.0001
full,1,280250,280250,0.9875212,0.0001
full,1,280300,280300,0.987579,0.0001
full,1,280350,280350,0.9875479,0.0001
full,1,280400,280400,0.987587,0.0001
full,1,280450,280450,0.987389,0.0001
full,1,280500,280500,0.9874824,0.0001
full,1,280550,280550,0.9873258,0.0001
full,1,280600,280600,0.9874903,0.0001
full,1,280650,280650,0.9872987,0.0001
full,1,280700,280700,0.9876938,0.0001
full,1,280750,280750,0.9879394,0.0001
full,1,280800,280800,0.9871434,0.0001
full,1,280850,280850,0.9874351,0.0001
full,1,280900,280900,0.9874116,0.0001
full,1,280950,280950,0.9874584,0.0001
full,1,281000,281000,0.987284,0.0001
full,1,281050,281050,0.9874859,0.0001
full,1,281100,281100,0.9871667,0.0001
full,1,281150,281150,0.9876531,0.0001
full,1,281200,281200,0.9874751,0.0001
full,1,281250,281250,0.9876016,0.0001
full,1,281300,281300,0.9874238,0.0001
full,1,281350,281350,0.9871249,0.0001
full,1,281400,281400,0.9871058,0.0001
full,1,281450,281450,0.9871501,0.0001
full,1,281500,281500,0.9873784,0.0001
full,1,281550,281550,0.9876263,0.0001
full,1,281600,281600,0.9876001,0.0001
full,1,281650,281650,0.9875247,0.0001
full,1,281700,281700,0.9872907,0.0001
full,1,281750,281750,0.9875157,0.0001
full,1,281800,281800,0.9875017,0.0001
full,1,281850,281850,0.9872925,0.0001
full,1,281900,281900,0.9873458,0.0001
full,1,281950,281950,0.9873621,0.0001
full,1,282000,282000,0.987438,0.0001
full,1,282050,282050,0.9876068,0.0001
full,1,282100,282100,0.9875314,0.0001
full,1,282150,282150,0.987154,0.0001
full,1,282200,282200,0.9870359,0.0001
full,1,282250,282250,0.9872733,0.0001
full,1,282300,282300,0.9876069,0.0001
full,1,282350,282350,0.9872298,0.0001
full,1,282400,282400,0.9874742,0.0001
full,1,282450,282450,0.9877933,0.0001
full,1,282500,282500,0.9873989,0.0001
full,1,282550,282550,0.9875318,0.0001
full,1,282600,282600,0.9870858,0.0001
full,1,282650,282650,0.9873336,0.0001
full,1,282700,282700,0.987305,0.0001
full,1,282750,282750,0.9875499,0.0001
full,1,282800,282800,0.9874366,0.0001
full,1,282850,282850,0.9872954,0.0001
full,1,282900,282900,0.9876835,0.0001
full,1,282950,282950,0.9873386,0.0001
full,1,283000,283000,0.9867489,0.0001
full,1,283050,283050,0.9872686,0.0001
full,1,283100,283100,0.9875058,0.0001
full,1,283150,283150,0.9870707,0.0001
full,1,283200,283200,0.9877266,0.0001
full,1,283250,283250,0.9874324,0.0001
full,1,283300,283300,0.9873588,0.0001
full,1,283350,283350,0.9874503,0.0001
full,1,283400,283400,0.9874012,0.0001
full,1,283450,283450,0.9874027,0.0001
full,1,283500,283500,0.9872033,0.0001
full,1,283550,283550,0.9873397,0.0001
full,1,283600,283600,0.9874955,0.0001
full,1,283650,283650,0.9875082,0.0001
full,1,283700,283700,0.987179,0.0001
full,1,283750,283750,0.987552,0.0001
full,1,283800,283800,0.9871953,0.0001
full,1,283850,283850,0.9870566,0.0001
full,1,283900,283900,0.9874719,0.0001
full,1,283950,283950,0.9874421,0.0001
full,1,284000,284000,0.9874866,0.0001
full,1,284050,284050,0.9875786,0.0001
full,1,284100,284100,0.9876404,0.0001
full,1,284150,284150,0.9873186,0.0001
full,1,284200,284200,0.9874783,0.0001
full,1,284250,284250,0.9878259,0.0001
full,1,284300,284300,0.9873034,0.0001
full,1,284350,284350,0.9871865,0.0001
full,1,284400,284400,0.9873822,0.0001
full,1,284450,284450,0.9875315,0.0001
full,1,284500,284500,0.9871671,0.0001
full,1,284550,284550,0.9871113,0.0001
full,1,284600,284600,0.9875908,0.0001
full,1,284650,284650,0.9870401,0.0001
full,1,284700,284700,0.9874757,0.0001
full,1,284750,284750,0.9875503,0.0001
full,1,284800,284800,0.9873089,0.0001
full,1,284850,284850,0.9875042,0.0001
full,1,284900,284900,0.9871627,0.0001
full,1,284950,284950,0.9873513,0.0001
full,1,285000,285000,0.987403,0.0001
full,1,285050,285050,0.9873363,0.0001
full,1,285100,285100,0.9873423,0.0001
full,1,285150,285150,0.9872931,0.0001
full,1,285200,285200,0.987453,0.0001
full,1,285250,285250,0.9878553,0.0001
full,1,285300,285300,0.9874809,0.0001
full,1,285350,285350,0.9872915,0.0001
full,1,285400,285400,0.9875761,0.0001
full,1,285450,285450,0.9870386,0.0001
full,1,285500,285500,0.9872664,0.0001
full,1,285550,285550,0.9874725,0.0001
full,1,285600,285600,0.987184,0.0001
full,1,285650,285650,0.9877368,0.0001
full,1,285700,285700,0.9876128,0.0001
full,1,285750,285750,0.9874991,0.0001
full,1,285800,285800,0.9873486,0.0001
full,1,285850,285850,0.9871814,0.0001
full,1,285900,285900,0.987332,0.0001
full,1,285950,285950,0.9871784,0.0001
full,1,286000,286000,0.9874298,0.0001
full,1,286050,286050,0.9873956,0.0001
full,1,286100,286100,0.9877047,0.0001
full,1,286150,286150,0.9876317,0.0001
full,1,286200,286200,0.9872841,0.0001
full,1,286250,286250,0.9872271,0.0001
full,1,286300,286300,0.9880364,0.0001
full,1,286350,286350,0.9873416,0.0001
full,1,286400,286400,0.987053,0.0001
full,1,286450,286450,0.9874032,0.0001
full,1,286500,286500,0.9873367,0.0001
full,1,286550,286550,0.9871843,0.0001
full,1,286600,286600,0.9874549,0.0001
full,1,286650,286650,0.9875724,0.0001
full,1,286700,286700,0.9877075,0.0001
full,1,286750,286750,0.9869493,0.0001
full,1,286800,286800,0.9870296,0.0001
full,1,286850,286850,0.9872759,0.0001
full,1,286900,286900,0.9874002,0.0001
full,1,286950,286950,0.9872478,0.0001
full,1,287000,287000,0.9871271,0.0001
full,1,287050,287050,0.9876,0.0001
full,1,287100,287100,0.9876067,0.0001
full,1,287150,287150,0.9874906,0.0001
full,1,287200,287200,0.9869595,0.0001
full,1,287250,287250,0.9873441,0.0001
full,1,287300,287300,0.9876459,0.0001
full,1,287350,287350,0.9872079,0.0001
full,1,287400,287400,0.9875789,0.0001
full,1,287450,287450,0.9871247,0.0001
full,1,287500,287500,0.9873621,0.0001
full,1,287550,287550,0.9873514,0.0001
full,1,287600,287600,0.9874183,0.0001
full,1,287650,287650,0.9872518,0.0001
full,1,287700,287700,0.9874305,0.0001
full,1,287750,287750,0.9874314,0.0001
full,1,287800,287800,0.9876235,0.0001
full,1,287850,287850,0.9873602,0.0001
full,1,287900,287900,0.9876833,0.0001
full,1,287950,287950,0.9877603,0.0001
full,1,288000,288000,0.9873155,0.0001
full,1,288050,288050,0.9874339,0.0001
full,1,288100,288100,0.9874513,0.0001
full,1,288150,288150,0.9872862,0.0001
full,1,288200,288200,0.9870928,0.0001
full,1,288250,288250,0.9873387,0.0001
full,1,288300,288300,0.9871348,0.0001
full,1,288350,288350,0.9871985,0.0001
full,1,288400,288400,0.9872208,0.0001
full,1,288450,288450,0.9874968,0.0001
full,1,288500,288500,0.9874853,0.0001
full,1,288550,288550,0.9870636,0.0001
full,1,288600,288600,0.9871743,0.0001
full,1,288650,288650,0.9872915,0.0001
full,1,288700,288700,0.9876009,0.0001
full,1,288750,288750,0.9875185,0.0001
full,1,288800,288800,0.9876377,0.0001
full,1,288850,288850,0.9871941,0.0001
full,1,288900,288900,0.9874099,0.0001
full,1,288950,288950,0.9871445,0.0001
full,1,289000,289000,0.9871622,0.0001
full,1,289050,289050,0.9878572,0.0001
full,1,289100,289100,0.9874299,0.0001
full,1,289150,289150,0.9875376,0.0001
full,1,289200,289200,0.9871355,0.0001
full,1,289250,289250,0.9872631,0.0001
full,1,289300,289300,0.9870961,0.0001
full,1,289350,289350,0.9869243,0.0001
full,1,289400,289400,0.9871808,0.0001
full,1,289450,289450,0.9875562,0.0001
full,1,289500,289500,0.9875715,0.0001
full,1,289550,289550,0.9874465,0.0001
full,1,289600,289600,0.987183,0.0001
full,1,289650,289650,0.9877447,0.0001
full,1,289700,289700,0.987304,0.0001
full,1,289750,289750,0.9874365,0.0001
full,1,289800,289800,0.9874361,0.0001
full,1,289850,289850,0.9875868,0.0001
full,1,289900,289900,0.9875985,0.0001
full,1,289950,289950,0.987416,0.0001
full,1,290000,290000,0.9877335,0.0001
full,1,290050,290050,0.987495,0.0001
full,1,290100,290100,0.9875502,0.0001
full,1,290150,290150,0.9871365,0.0001
full,1,290200,290200,0.9875895,0.0001
full,1,290250,290250,0.9876254,0.0001
full,1,290300,290300,0.9873456,0.0001
full,1,290350,290350,0.9875705,0.0001
full,1,290400,290400,0.9872655,0.0001
full,1,290450,290450,0.9873205,0.0001
full,1,290500,290500,0.987793,0.0001
full,1,290550,290550,0.9872669,0.0001
full,1,290600,290600,0.9877239,0.0001
full,1,290650,290650,0.9878164,0.0001
full,1,290700,290700,0.9875998,0.0001
full,1,290750,290750,0.9873718,0.0001
full,1,290800,290800,0.9872108,0.0001
full,1,290850,290850,0.9872754,0.0001
full,1,290900,290900,0.9874054,0.0001
full,1,290950,290950,0.9871396,0.0001
full,1,291000,291000,0.9875275,0.0001
full,1,291050,291050,0.9875413,0.0001
full,1,291100,291100,0.9873461,0.0001
full,1,291150,291150,0.9876981,0.0001
full,1,291200,291200,0.9873109,0.0001
full,1,291250,291250,0.9875233,0.0001
full,1,291300,291300,0.9873781,0.0001
full,1,291350,291350,0.9872895,0.0001
full,1,291400,291400,0.9874299,0.0001
full,1,291450,291450,0.9871902,0.0001
full,1,291500,291500,0.9875219,0.0001
full,1,291550,291550,0.987454,0.0001
full,1,291600,291600,0.9874125,0.0001
full,1,291650,291650,0.9874703,0.0001
full,1,291700,291700,0.9877489,0.0001
full,1,291750,291750,0.9868859,0.0001
full,1,291800,291800,0.9875544,0.0001
full,1,291850,291850,0.9872656,0.0001
full,1,291900,291900,0.9873007,0.0001
full,1,291950,291950,0.9870841,0.0001
full,1,292000,292000,0.9874005,0.0001
full,1,292050,292050,0.987399,0.0001
full,1,292100,292100,0.987307,0.0001
full,1,292150,292150,0.9874524,0.0001
full,1,292200,292200,0.987085,0.0001
full,1,292250,292250,0.9875135,0.0001
full,1,292300,292300,0.9875783,0.0001
full,1,292350,292350,0.987255,0.0001
full,1,292400,292400,0.987362,0.0001
full,1,292450,292450,0.9874721,0.0001
full,1,292500,292500,0.9872097,0.0001
full,1,292550,292550,0.9872666,0.0001
full,1,292600,292600,0.9874756,0.0001
full,1,292650,292650,0.9872159,0.0001
full,1,292700,292700,0.9875581,0.0001
full,1,292750,292750,0.9873664,0.0001
full,1,292800,292800,0.987342,0.0001
full,1,292850,292850,0.9873738,0.0001
full,1,292900,292900,0.9873983,0.0001
full,1,292950,292950,0.9872998,0.0001
full,1,293000,293000,0.9874794,0.0001
full,1,293050,293050,0.9871701,0.0001
full,1,293100,293100,0.9875588,0.0001
full,1,293150,293150,0.9874235,0.0001
full,1,293200,293200,0.9869266,0.0001
full,1,293250,293250,0.9874191,0.0001
full,1,293300,293300,0.987575,0.0001
full,1,293350,293350,0.9872248,0.0001
full,1,293400,293400,0.9875617,0.0001
full,1,293450,293450,0.9870892,0.0001
full,1,293500,293500,0.9876009,0.0001
full,1,293550,293550,0.9874385,0.0001
full,1,293600,293600,0.9875719,0.0001
full,1,293650,293650,0.98752,0.0001
full,1,293700,293700,0.9873601,0.0001
full,1,293750,293750,0.9873679,0.0001
full,1,293800,293800,0.9874171,0.0001
full,1,293850,293850,0.9876834,0.0001
full,1,293900,293900,0.9873862,0.0001
full,1,293950,293950,0.9875539,0.0001
full,1,294000,294000,0.9873081,0.0001
full,1,294050,294050,0.9871883,0.0001
full,1,294100,294100,0.9875223,0.0001
full,1,294150,294150,0.9874623,0.0001
full,1,294200,294200,0.9875333,0.0001
full,1,294250,294250,0.9871621,0.0001
full,1,294300,294300,0.9876137,0.0001
full,1,294350,294350,0.9874191,0.0001
full,1,294400,294400,0.9876181,0.0001
full,1,294450,294450,0.9876198,0.0001
full,1,294500,294500,0.9875652,0.0001
full,1,294550,294550,0.9875883,0.0001
full,1,294600,294600,0.9872715,0.0001
full,1,294650,294650,0.987385,0.0001
full,1,294700,294700,0.9877625,0.0001
full,1,294750,294750,0.9876732,0.0001
full,1,294800,294800,0.9875278,0.0001
full,1,294850,294850,0.9876891,0.0001
full,1,294900,294900,0.9875676,0.0001
full,1,294950,294950,0.9878018,0.0001
full,1,295000,295000,0.9876382,0.0001
full,1,295050,295050,0.987596,0.0001
full,1,295100,295100,0.9875776,0.0001
full,1,295150,295150,0.9876915,0.0001
full,1,295200,295200,0.9873827,0.0001
full,1,295250,295250,0.9870606,0.0001
full,1,295300,295300,0.9873555,0.0001
full,1,295350,295350,0.9874928,0.0001
full,1,295400,295400,0.9873687,0.0001
full,1,295450,295450,0.9872095,0.0001
full,1,295500,295500,0.9873292,0.0001
full,1,295550,295550,0.9872303,0.0001
full,1,295600,295600,0.9872773,0.0001
full,1,295650,295650,0.9874829,0.0001
full,1,295700,295700,0.9877537,0.0001
full,1,295750,295750,0.9874699,0.0001
full,1,295800,295800,0.9872079,0.0001
full,1,295850,295850,0.9875628,0.0001
full,1,295900,295900,0.9875467,0.0001
full,1,295950,295950,0.9870918,0.0001
full,1,296000,296000,0.9872172,0.0001
full,1,296050,296050,0.9873555,0.0001
full,1,296100,296100,0.9872147,0.0001
full,1,296150,296150,0.9874211,0.0001
full,1,296200,296200,0.9870679,0.0001
full,1,296250,296250,0.9868009,0.0001
full,1,296300,296300,0.9874344,0.0001
full,1,296350,296350,0.9875599,0.0001
full,1,296400,296400,0.9868786,0.0001
full,1,296450,296450,0.9878202,0.0001
full,1,296500,296500,0.987565,0.0001
full,1,296550,296550,0.9875279,0.0001
full,1,296600,296600,0.9874366,0.0001
full,1,296650,296650,0.9876497,0.0001
full,1,296700,296700,0.9874603,0.0001
full,1,296750,296750,0.9875588,0.0001
full,1,296800,296800,0.9874722,0.0001
full,1,296850,296850,0.9874803,0.0001
full,1,296900,296900,0.9876646,0.0001
full,1,296950,296950,0.9874334,0.0001
full,1,297000,297000,0.9873796,0.0001
full,1,297050,297050,0.9875156,0.0001
full,1,297100,297100,0.9874314,0.0001
full,1,297150,297150,0.9878871,0.0001
full,1,297200,297200,0.9876086,0.0001
full,1,297250,297250,0.9878062,0.0001
full,1,297300,297300,0.9872345,0.0001
full,1,297350,297350,0.9873273,0.0001
full,1,297400,297400,0.9873175,0.0001
full,1,297450,297450,0.9875404,0.0001
full,1,297500,297500,0.9874116,0.0001
full,1,297550,297550,0.9875789,0.0001
full,1,297600,297600,0.9873391,0.0001
full,1,297650,297650,0.9870704,0.0001
full,1,297700,297700,0.9873208,0.0001
full,1,297750,297750,0.9877397,0.0001
full,1,297800,297800,0.9875172,0.0001
full,1,297850,297850,0.9877221,0.0001
full,1,297900,297900,0.9870707,0.0001
full,1,297950,297950,0.9873089,0.0001
full,1,298000,298000,0.9874148,0.0001
full,1,298050,298050,0.9871048,0.0001
full,1,298100,298100,0.9875997,0.0001
full,1,298150,298150,0.9875035,0.0001
full,1,298200,298200,0.9874307,0.0001
full,1,298250,298250,0.9872829,0.0001
full,1,298300,298300,0.9872391,0.0001
full,1,298350,298350,0.9874833,0.0001
full,1,298400,298400,0.9871963,0.0001
full,1,298450,298450,0.9876968,0.0001
full,1,298500,298500,0.9873298,0.0001
full,1,298550,298550,0.9871217,0.0001
full,1,298600,298600,0.9873673,0.0001
full,1,298650,298650,0.9870278,0.0001
full,1,298700,298700,0.9871189,0.0001
full,1,298750,298750,0.9873028,0.0001
full,1,298800,298800,0.9871176,0.0001
full,1,298850,298850,0.9872434,0.0001
full,1,298900,298900,0.9875426,0.0001
full,1,298950,298950,0.9872236,0.0001
full,1,299000,299000,0.9873696,0.0001
full,1,299050,299050,0.9874165,0.0001
full,1,299100,299100,0.9876633,0.0001
full,1,299150,299150,0.9873424,0.0001
full,1,299200,299200,0.9874908,0.0001
full,1,299250,299250,0.9873449,0.0001
full,1,299300,299300,0.9875798,0.0001
full,1,299350,299350,0.9875851,0.0001
full,1,299400,299400,0.9871157,0.0001
full,1,299450,299450,0.987283,0.0001
full,1,299500,299500,0.9872947,0.0001
full,1,299550,299550,0.9871102,0.0001
full,1,299600,299600,0.9877945,0.0001
full,1,299650,299650,0.987625,0.0001
full,1,299700,299700,0.987565,0.0001
full,1,299750,299750,0.9873021,0.0001
full,1,299800,299800,0.9869739,0.0001
full,1,299850,299850,0.9871046,0.0001
full,1,299900,299900,0.9870979,0.0001
full,1,299950,299950,0.9874341,0.0001
full,1,300000,300000,0.9874604,0.0001
full,1,300050,300050,0.9874988,0.0001
full,1,300100,300100,0.9872434,0.0001
full,1,300150,300150,0.987239,0.0001
full,1,300200,300200,0.9870051,0.0001
full,1,300250,300250,0.9877045,0.0001
full,1,300300,300300,0.9879138,0.0001
full,1,300350,300350,0.9874361,0.0001
full,1,300400,300400,0.9874917,0.0001
full,1,300450,300450,0.9872728,0.0001
full,1,300500,300500,0.9873909,0.0001
full,1,300550,300550,0.9874983,0.0001
full,1,300600,300600,0.987063,0.0001
full,1,300650,300650,0.9868646,0.0001
full,1,300700,300700,0.9873316,0.0001
full,1,300750,300750,0.9875439,0.0001
full,1,300800,300800,0.9871457,0.0001
full,1,300850,300850,0.9873087,0.0001
full,1,300900,300900,0.987231,0.0001
full,1,300950,300950,0.9873229,0.0001
full,1,301000,301000,0.9876518,0.0001
full,1,301050,301050,0.9874124,0.0001
full,1,301100,301100,0.9877536,0.0001
full,1,301150,301150,0.9876167,0.0001
full,1,301200,301200,0.9875906,0.0001
full,1,301250,301250,0.9872457,0.0001
full,1,301300,301300,0.986908,0.0001
full,1,301350,301350,0.9876667,0.0001
full,1,301400,301400,0.9876993,0.0001
full,1,301450,301450,0.9873155,0.0001
full,1,301500,301500,0.9870492,0.0001
full,1,301550,301550,0.9874322,0.0001
full,1,301600,301600,0.987507,0.0001
full,1,301650,301650,0.9877455,0.0001
full,1,301700,301700,0.9863685,0.0001
full,1,301750,301750,0.9874216,0.0001
full,1,301800,301800,0.9872172,0.0001
full,1,301850,301850,0.9875464,0.0001
full,1,301900,301900,0.9871216,0.0001
full,1,301950,301950,0.9875444,0.0001
full,1,302000,302000,0.9874892,0.0001
full,1,302050,302050,0.9873711,0.0001
full,1,302100,302100,0.9870579,0.0001
full,1,302150,302150,0.9874438,0.0001
full,1,302200,302200,0.9873457,0.0001
full,1,302250,302250,0.9877214,0.0001
full,1,302300,302300,0.9873773,0.0001
full,1,302350,302350,0.9875933,0.0001
full,1,302400,302400,0.9870658,0.0001
full,1,302450,302450,0.9874464,0.0001
full,1,302500,302500,0.9874457,0.0001
full,1,302550,302550,0.987184,0.0001
full,1,302600,302600,0.9870789,0.0001
full,1,302650,302650,0.9876192,0.0001
full,1,302700,302700,0.9876631,0.0001
full,1,302750,302750,0.9871134,0.0001
full,1,302800,302800,0.9870821,0.0001
full,1,302850,302850,0.987646,0.0001
full,1,302900,302900,0.9872985,0.0001
full,1,302950,302950,0.9873799,0.0001
full,1,303000,303000,0.987294,0.0001
full,1,303050,303050,0.9874722,0.0001
full,1,303100,303100,0.9872702,0.0001
full,1,303150,303150,0.9874334,0.0001
full,1,303200,303200,0.9875279,0.0001
full,1,303250,303250,0.9872688,0.0001
full,1,303300,303300,0.9878157,0.0001
full,1,303350,303350,0.9877084,0.0001
full,1,303400,303400,0.9872682,0.0001
full,1,303450,303450,0.9873998,0.0001
full,1,303500,303500,0.9872832,0.0001
full,1,303550,303550,0.9872789,0.0001
full,1,303600,303600,0.9874808,0.0001
full,1,303650,303650,0.987398,0.0001
full,1,303700,303700,0.9873214,0.0001
full,1,303750,303750,0.9878952,0.0001
full,1,303800,303800,0.9876212,0.0001
full,1,303850,303850,0.9871824,0.0001
full,1,303900,303900,0.9870443,0.0001
full,1,303950,303950,0.9868855,0.0001
full,1,304000,304000,0.9877225,0.0001
full,1,304050,304050,0.9871528,0.0001
full,1,304100,304100,0.9874257,0.0001
full,1,304150,304150,0.9871946,0.0001
full,1,304200,304200,0.9874278,0.0001
full,1,304250,304250,0.9870855,0.0001
full,1,304300,304300,0.9873964,0.0001
full,1,304350,304350,0.9874988,0.0001
full,1,304400,304400,0.9874206,0.0001
full,1,304450,304450,0.987626,0.0001
full,1,304500,304500,0.9872548,0.0001
full,1,304550,304550,0.9874407,0.0001
full,1,304600,304600,0.9875599,0.0001
full,1,304650,304650,0.9871955,0.0001
full,1,304700,304700,0.9871511,0.0001
full,1,304750,304750,0.9877616,0.0001
full,1,304800,304800,0.9871389,0.0001
full,1,304850,304850,0.9875682,0.0001
full,1,304900,304900,0.9871819,0.0001
full,1,304950,304950,0.9872529,0.0001
full,1,305000,305000,0.9876754,0.0001
full,1,305050,305050,0.9872264,0.0001
full,1,305100,305100,0.9876878,0.0001
full,1,305150,305150,0.9872352,0.0001
full,1,305200,305200,0.9873722,0.0001
full,1,305250,305250,0.9869922,0.0001
full,1,305300,305300,0.9869243,0.0001
full,1,305350,305350,0.9875053,0.0001
full,1,305400,305400,0.987704,0.0001
full,1,305450,305450,0.987087,0.0001
full,1,305500,305500,0.9873994,0.0001
full,1,305550,305550,0.9868909,0.0001
full,1,305600,305600,0.9877456,0.0001
full,1,305650,305650,0.9873375,0.0001
full,1,305700,305700,0.9875914,0.0001
full,1,305750,305750,0.9875243,0.0001
full,1,305800,305800,0.9874529,0.0001
full,1,305850,305850,0.9873711,0.0001
full,1,305900,305900,0.9871794,0.0001
full,1,305950,305950,0.9875689,0.0001
full,1,306000,306000,0.9875039,0.0001
full,1,306050,306050,0.9876018,0.0001
full,1,306100,306100,0.9873246,0.0001
full,1,306150,306150,0.9874206,0.0001
full,1,306200,306200,0.9873841,0.0001
full,1,306250,306250,0.9875238,0.0001
full,1,306300,306300,0.9871694,0.0001
full,1,306350,306350,0.9874907,0.0001
full,1,306400,306400,0.9874622,0.0001
full,1,306450,306450,0.9872995,0.0001
full,1,306500,306500,0.9874719,0.0001
full,1,306550,306550,0.9873611,0.0001
full,1,306600,306600,0.987205,0.0001
full,1,306650,306650,0.9872137,0.0001
full,1,306700,306700,0.9875909,0.0001
full,1,306750,306750,0.9875087,0.0001
full,1,306800,306800,0.987718,0.0001
full,1,306850,306850,0.9874498,0.0001
full,1,306900,306900,0.9873731,0.0001
full,1,306950,306950,0.987124,0.0001
full,1,307000,307000,0.9877713,0.0001
full,1,307050,307050,0.987532,0.0001
full,1,307100,307100,0.9874061,0.0001
full,1,307150,307150,0.9877522,0.0001
full,1,307200,307200,0.9869474,0.0001
full,1,307250,307250,0.9872157,0.0001
full,1,307300,307300,0.9875359,0.0001
full,1,307350,307350,0.9875115,0.0001
full,1,307400,307400,0.987298,0.0001
full,1,307450,307450,0.9876049,0.0001
full,1,307500,307500,0.9874446,0.0001
full,1,307550,307550,0.9872693,0.0001
full,1,307600,307600,0.9877517,0.0001
full,1,307650,307650,0.9874009,0.0001
full,1,307700,307700,0.9872162,0.0001
full,1,307750,307750,0.9876728,0.0001
full,1,307800,307800,0.9874831,0.0001
full,1,307850,307850,0.9875347,0.0001
full,1,307900,307900,0.9879181,0.0001
full,1,307950,307950,0.9874644,0.0001
full,1,308000,308000,0.9872665,0.0001
full,1,308050,308050,0.9875442,0.0001
full,1,308100,308100,0.9875066,0.0001
full,1,308150,308150,0.987516,0.0001
full,1,308200,308200,0.9873926,0.0001
full,1,308250,308250,0.9876385,0.0001
full,1,308300,308300,0.9876496,0.0001
full,1,308350,308350,0.9875186,0.0001
full,1,308400,308400,0.9876875,0.0001
full,1,308450,308450,0.9879503,0.0001
full,1,308500,308500,0.9875129,0.0001
full,1,308550,308550,0.9875998,0.0001
full,1,308600,308600,0.9872863,0.0001
full,1,308650,308650,0.9875247,0.0001
full,1,308700,308700,0.9874282,0.0001
full,1,308750,308750,0.9875759,0.0001
full,1,308800,308800,0.9875688,0.0001
full,1,308850,308850,0.9874372,0.0001
full,1,308900,308900,0.9874315,0.0001
full,1,308950,308950,0.98708,0.0001
full,1,309000,309000,0.9873705,0.0001
full,1,309050,309050,0.9874261,0.0001
full,1,309100,309100,0.9873446,0.0001
full,1,309150,309150,0.9872059,0.0001
full,1,309200,309200,0.9873476,0.0001
full,1,309250,309250,0.9874999,0.0001
full,1,309300,309300,0.9869549,0.0001
full,1,309350,309350,0.987444,0.0001
full,1,309400,309400,0.987423,0.0001
full,1,309450,309450,0.9871347,0.0001
full,1,309500,309500,0.9872579,0.0001
full,1,309550,309550,0.9871035,0.0001
full,1,309600,309600,0.9875889,0.0001
full,1,309650,309650,0.9875005,0.0001
full,1,309700,309700,0.9872389,0.0001
full,1,309750,309750,0.9873571,0.0001
full,1,309800,309800,0.987488,0.0001
full,1,309850,309850,0.9870541,0.0001
full,1,309900,309900,0.9873794,0.0001
full,1,309950,309950,0.9874797,0.0001
full,1,310000,310000,0.9878691,0.0001
full,1,310050,310050,0.9875781,0.0001
full,1,310100,310100,0.9877145,0.0001
full,1,310150,310150,0.9874437,0.0001
full,1,310200,310200,0.9873753,0.0001
full,1,310250,310250,0.9874418,0.0001
full,1,310300,310300,0.9877132,0.0001
full,1,310350,310350,0.9877983,0.0001
full,1,310400,310400,0.9877617,0.0001
full,1,310450,310450,0.9875666,0.0001
full,1,310500,310500,0.9871849,0.0001
full,1,310550,310550,0.9874868,0.0001
full,1,310600,310600,0.9875775,0.0001
full,1,310650,310650,0.9873255,0.0001
full,1,310700,310700,0.9874971,0.0001
full,1,310750,310750,0.9875503,0.0001
full,1,310800,310800,0.9875009,0.0001
full,1,310850,310850,0.9875028,0.0001
full,1,310900,310900,0.9877583,0.0001
full,1,310950,310950,0.9873846,0.0001
full,1,311000,311000,0.9873623,0.0001
full,1,311050,311050,0.9873525,0.0001
full,1,311100,311100,0.9867641,0.0001
full,1,311150,311150,0.9873285,0.0001
full,1,311200,311200,0.987258,0.0001
full,1,311250,311250,0.9872808,0.0001
full,1,311300,311300,0.987353,0.0001
full,1,311350,311350,0.9875061,0.0001
full,1,311400,311400,0.9873707,0.0001
full,1,311450,311450,0.9874342,0.0001
full,1,311500,311500,0.9874435,0.0001
full,1,311550,311550,0.9876353,0.0001
full,1,311600,311600,0.9869453,0.0001
full,1,311650,311650,0.9870782,0.0001
full,1,311700,311700,0.9875113,0.0001
full,1,311750,311750,0.9872089,0.0001
full,1,311800,311800,0.9872978,0.0001
full,1,311850,311850,0.9872475,0.0001
full,1,311900,311900,0.9870734,0.0001
full,1,311950,311950,0.9874897,0.0001
full,1,312000,312000,0.9867942,0.0001
full,1,312050,312050,0.9874176,0.0001
full,1,312100,312100,0.9876255,0.0001
full,1,312150,312150,0.9875669,0.0001
full,1,312200,312200,0.9874222,0.0001
full,1,312250,312250,0.9876821,0.0001
full,1,312300,312300,0.987332,0.0001
full,1,312350,312350,0.9872683,0.0001
full,1,312400,312400,0.987786,0.0001
full,1,312450,312450,0.9872312,0.0001
full,1,312500,312500,0.9871801,0.0001
full,1,312550,312550,0.9871871,0.0001
full,1,312600,312600,0.9872105,0.0001
full,1,312650,312650,0.9875723,0.0001
full,1,312700,312700,0.9873165,0.0001
full,1,312750,312750,0.9873192,0.0001
full,1,312800,312800,0.9869599,0.0001
full,1,312850,312850,0.9870169,0.0001
full,1,312900,312900,0.9871442,0.0001
full,1,312950,312950,0.9873663,0.0001
full,1,313000,313000,0.9876816,0.0001
full,1,313050,313050,0.9874347,0.0001
full,1,313100,313100,0.9873787,0.0001
full,1,313150,313150,0.9871535,0.0001
full,1,313200,313200,0.9875648,0.0001
full,1,313250,313250,0.9873562,0.0001
full,1,313300,313300,0.9873157,0.0001
full,1,313350,313350,0.9873959,0.0001
full,1,313400,313400,0.9872568,0.0001
full,1,313450,313450,0.9871752,0.0001
full,1,313500,313500,0.9875922,0.0001
full,1,313550,313550,0.9874172,0.0001
full,1,313600,313600,0.9874641,0.0001
full,1,313650,313650,0.9872419,0.0001
full,1,313700,313700,0.9874579,0.0001
full,1,313750,313750,0.9873036,0.0001
full,1,313800,313800,0.9878132,0.0001
full,1,313850,313850,0.9873175,0.0001
full,1,313900,313900,0.9872857,0.0001
full,1,313950,313950,0.9875184,0.0001
full,1,314000,314000,0.9871486,0.0001
full,1,314050,314050,0.9873336,0.0001
full,1,314100,314100,0.9874647,0.0001
full,1,314150,314150,0.9873691,0.0001
full,1,314200,314200,0.9875844,0.0001
full,1,314250,314250,0.9874325,0.0001
full,1,314300,314300,0.9873586,0.0001
full,1,314350,314350,0.9875876,0.0001
full,1,314400,314400,0.9876366,0.0001
full,1,314450,314450,0.9874442,0.0001
full,1,314500,314500,0.9874465,0.0001
full,1,314550,314550,0.9871302,0.0001
full,1,314600,314600,0.9876577,0.0001
full,1,314650,314650,0.9871925,0.0001
full,1,314700,314700,0.9873983,0.0001
full,1,314750,314750,0.9872001,0.0001
full,1,314800,314800,0.9872776,0.0001
full,1,314850,314850,0.987403,0.0001
full,1,314900,314900,0.9873312,0.0001
full,1,314950,314950,0.9875055,0.0001
full,1,315000,315000,0.9871892,0.0001
full,1,315050,315050,0.987274,0.0001
full,1,315100,315100,0.9874677,0.0001
full,1,315150,315150,0.9874495,0.0001
full,1,315200,315200,0.9872472,0.0001
full,1,315250,315250,0.9870963,0.0001
full,1,315300,315300,0.9874535,0.0001
full,1,315350,315350,0.9874308,0.0001
full,1,315400,315400,0.9869478,0.0001
full,1,315450,315450,0.9871105,0.0001
full,1,315500,315500,0.9872467,0.0001
full,1,315550,315550,0.9870597,0.0001
full,1,315600,315600,0.9874641,0.0001
full,1,315650,315650,0.9874445,0.0001
full,1,315700,315700,0.9871094,0.0001
full,1,315750,315750,0.987333,0.0001
full,1,315800,315800,0.9872484,0.0001
full,1,315850,315850,0.9879616,0.0001
full,1,315900,315900,0.9874137,0.0001
full,1,315950,315950,0.9876692,0.0001
full,1,316000,316000,0.9874862,0.0001
full,1,316050,316050,0.9877129,0.0001
full,1,316100,316100,0.9877076,0.0001
full,1,316150,316150,0.987553,0.0001
full,1,316200,316200,0.9872127,0.0001
full,1,316250,316250,0.987506,0.0001
full,1,316300,316300,0.9872234,0.0001
full,1,316350,316350,0.9873948,0.0001
full,1,316400,316400,0.9879407,0.0001
full,1,316450,316450,0.9873153,0.0001
full,1,316500,316500,0.9873916,0.0001
full,1,316550,316550,0.9878255,0.0001
full,1,316600,316600,0.9874917,0.0001
full,1,316650,316650,0.9872081,0.0001
full,1,316700,316700,0.9871051,0.0001
full,1,316750,316750,0.9873971,0.0001
full,1,316800,316800,0.9873567,0.0001
full,1,316850,316850,0.987384,0.0001
full,1,316900,316900,0.9870884,0.0001
full,1,316950,316950,0.9874429,0.0001
full,1,317000,317000,0.9874555,0.0001
full,1,317050,317050,0.9873492,0.0001
full,1,317100,317100,0.9874457,0.0001
full,1,317150,317150,0.9873705,0.0001
full,1,317200,317200,0.9873154,0.0001
full,1,317250,317250,0.9871475,0.0001
full,1,317300,317300,0.9874386,0.0001
full,1,317350,317350,0.9871045,0.0001
full,1,317400,317400,0.9877097,0.0001
full,1,317450,317450,0.9872099,0.0001
full,1,317500,317500,0.9877508,0.0001
full,1,317550,317550,0.9872963,0.0001
full,1,317600,317600,0.9871404,0.0001
full,1,317650,317650,0.9875699,0.0001
full,1,317700,317700,0.9875247,0.0001
full,1,317750,317750,0.9874187,0.0001
full,1,317800,317800,0.9875947,0.0001
full,1,317850,317850,0.9873865,0.0001
full,1,317900,317900,0.98712,0.0001
full,1,317950,317950,0.9874724,0.0001
full,1,318000,318000,0.9873843,0.0001
full,1,318050,318050,0.9875214,0.0001
full,1,318100,318100,0.9873712,0.0001
full,1,318150,318150,0.9872082,0.0001
full,1,318200,318200,0.9874549,0.0001
full,1,318250,318250,0.9870374,0.0001
full,1,318300,318300,0.9878634,0.0001
full,1,318350,318350,0.9876878,0.0001
full,1,318400,318400,0.9873299,0.0001
full,1,318450,318450,0.9874017,0.0001
full,1,318500,318500,0.9874873,0.0001
full,1,318550,318550,0.9875271,0.0001
full,1,318600,318600,0.9875169,0.0001
full,1,318650,318650,0.9873255,0.0001
full,1,318700,318700,0.9874103,0.0001
full,1,318750,318750,0.9876052,0.0001
full,1,318800,318800,0.9871626,0.0001
full,1,318850,318850,0.9872835,0.0001
full,1,318900,318900,0.9871797,0.0001
full,1,318950,318950,0.9872664,0.0001
full,1,319000,319000,0.9872919,0.0001
full,1,319050,319050,0.9878077,0.0001
full,1,319100,319100,0.9874721,0.0001
full,1,319150,319150,0.9873281,0.0001
full,1,319200,319200,0.9873082,0.0001
full,1,319250,319250,0.9872933,0.0001
full,1,319300,319300,0.9872192,0.0001
full,1,319350,319350,0.9871285,0.0001
full,1,319400,319400,0.9873723,0.0001
full,1,319450,319450,0.9875712,0.0001
full,1,319500,319500,0.9871957,0.0001
full,1,319550,319550,0.9874377,0.0001
full,1,319600,319600,0.9871807,0.0001
full,1,319650,319650,0.9872172,0.0001
full,1,319700,319700,0.9872476,0.0001
full,1,319750,319750,0.9872413,0.0001
full,1,319800,319800,0.9874254,0.0001
full,1,319850,319850,0.9875258,0.0001
full,1,319900,319900,0.98735,0.0001
full,1,319950,319950,0.9874437,0.0001
full,1,320000,320000,0.9875284,0.0001
full,1,320050,320050,0.9876065,0.0001
full,1,320100,320100,0.9876847,0.0001
full,1,320150,320150,0.9874214,0.0001
full,1,320200,320200,0.9872172,0.0001
full,1,320250,320250,0.9872366,0.0001
full,1,320300,320300,0.986757,0.0001
full,1,320350,320350,0.987785,0.0001
full,1,320400,320400,0.9874332,0.0001
full,1,320450,320450,0.9873548,0.0001
full,1,320500,320500,0.9873061,0.0001
full,1,320550,320550,0.9872177,0.0001
full,1,320600,320600,0.9876532,0.0001
full,1,320650,320650,0.9873525,0.0001
full,1,320700,320700,0.9875889,0.0001
full,1,320750,320750,0.9872996,0.0001
full,1,320800,320800,0.987333,0.0001
full,1,320850,320850,0.9875055,0.0001
full,1,320900,320900,0.9874487,0.0001
full,1,320950,320950,0.9871925,0.0001
full,1,321000,321000,0.9876198,0.0001
full,1,321050,321050,0.9876276,0.0001
full,1,321100,321100,0.9878571,0.0001
full,1,321150,321150,0.9871513,0.0001
full,1,321200,321200,0.9872303,0.0001
full,1,321250,321250,0.987305,0.0001
full,1,321300,321300,0.9875221,0.0001
full,1,321350,321350,0.9875358,0.0001
full,1,321400,321400,0.9871261,0.0001
full,1,321450,321450,0.9871704,0.0001
full,1,321500,321500,0.9874938,0.0001
full,1,321550,321550,0.9869311,0.0001
full,1,321600,321600,0.9872814,0.0001
full,1,321650,321650,0.9875133,0.0001
full,1,321700,321700,0.9874597,0.0001
full,1,321750,321750,0.9873827,0.0001
full,1,321800,321800,0.9875413,0.0001
full,1,321850,321850,0.9872565,0.0001
full,1,321900,321900,0.9868435,0.0001
full,1,321950,321950,0.9874759,0.0001
full,1,322000,322000,0.987763,0.0001
full,1,322050,322050,0.9875402,0.0001
full,1,322100,322100,0.9874189,0.0001
full,1,322150,322150,0.9874494,0.0001
full,1,322200,322200,0.9874991,0.0001
full,1,322250,322250,0.9874188,0.0001
full,1,322300,322300,0.9873884,0.0001
full,1,322350,322350,0.9873157,0.0001
full,1,322400,322400,0.9875225,0.0001
full,1,322450,322450,0.98728,0.0001
full,1,322500,322500,0.9867708,0.0001
full,1,322550,322550,0.9877945,0.0001
full,1,322600,322600,0.9872505,0.0001
full,1,322650,322650,0.987314,0.0001
full,1,322700,322700,0.987211,0.0001
full,1,322750,322750,0.9878355,0.0001
full,1,322800,322800,0.9871271,0.0001
full,1,322850,322850,0.9875109,0.0001
full,1,322900,322900,0.9876429,0.0001
full,1,322950,322950,0.9872936,0.0001
full,1,323000,323000,0.9871284,0.0001
full,1,323050,323050,0.9873999,0.0001
full,1,323100,323100,0.9871352,0.0001
full,1,323150,323150,0.9872317,0.0001
full,1,323200,323200,0.9864664,0.0001
full,1,323250,323250,0.9871715,0.0001
full,1,323300,323300,0.9869258,0.0001
full,1,323350,323350,0.9875277,0.0001
full,1,323400,323400,0.9871186,0.0001
full,1,323450,323450,0.9874377,0.0001
full,1,323500,323500,0.9875442,0.0001
full,1,323550,323550,0.9876108,0.0001
full,1,323600,323600,0.9875396,0.0001
full,1,323650,323650,0.9875231,0.0001
full,1,323700,323700,0.9869286,0.0001
full,1,323750,323750,0.9873547,0.0001
full,1,323800,323800,0.9875383,0.0001
full,1,323850,323850,0.9870611,0.0001
full,1,323900,323900,0.9875522,0.0001
full,1,323950,323950,0.9872163,0.0001
full,1,324000,324000,0.9876772,0.0001
full,1,324050,324050,0.9867797,0.0001
full,1,324100,324100,0.9872755,0.0001
full,1,324150,324150,0.9869558,0.0001
full,1,324200,324200,0.9871601,0.0001
full,1,324250,324250,0.9869366,0.0001
full,1,324300,324300,0.987746,0.0001
full,1,324350,324350,0.9874956,0.0001
full,1,324400,324400,0.9872577,0.0001
full,1,324450,324450,0.9873073,0.0001
full,1,324500,324500,0.9876696,0.0001
full,1,324550,324550,0.9873658,0.0001
full,1,324600,324600,0.9874549,0.0001
full,1,324650,324650,0.9874787,0.0001
full,1,324700,324700,0.987517,0.0001
full,1,324750,324750,0.9876442,0.0001
full,1,324800,324800,0.9875321,0.0001
full,1,324850,324850,0.9872764,0.0001
full,1,324900,324900,0.9874146,0.0001
full,1,324950,324950,0.9875394,0.0001
full,1,325000,325000,0.9875281,0.0001
full,1,325050,325050,0.9875089,0.0001
full,1,325100,325100,0.987402,0.0001
full,1,325150,325150,0.9873713,0.0001
full,1,325200,325200,0.9875192,0.0001
full,1,325250,325250,0.9877789,0.0001
full,1,325300,325300,0.9871514,0.0001
full,1,325350,325350,0.9874963,0.0001
full,1,325400,325400,0.9872094,0.0001
full,1,325450,325450,0.9870328,0.0001
full,1,325500,325500,0.9870401,0.0001
full,1,325550,325550,0.9873427,0.0001
full,1,325600,325600,0.9874513,0.0001
full,1,325650,325650,0.9873146,0.0001
full,1,325700,325700,0.9874152,0.0001
full,1,325750,325750,0.9874846,0.0001
full,1,325800,325800,0.9874312,0.0001
full,1,325850,325850,0.9875835,0.0001
full,1,325900,325900,0.9872876,0.0001
full,1,325950,325950,0.9877195,0.0001
full,1,326000,326000,0.9877951,0.0001
full,1,326050,326050,0.9873078,0.0001
full,1,326100,326100,0.9876606,0.0001
full,1,326150,326150,0.9877047,0.0001
full,1,326200,326200,0.9874597,0.0001
full,1,326250,326250,0.9871593,0.0001
full,1,326300,326300,0.9871965,0.0001
full,1,326350,326350,0.9875144,0.0001
full,1,326400,326400,0.9873464,0.0001
full,1,326450,326450,0.9876134,0.0001
full,1,326500,326500,0.9874099,0.0001
full,1,326550,326550,0.9870471,0.0001
full,1,326600,326600,0.9870431,0.0001
full,1,326650,326650,0.9874603,0.0001
full,1,326700,326700,0.9875631,0.0001
full,1,326750,326750,0.9874656,0.0001
full,1,326800,326800,0.9872366,0.0001
full,1,326850,326850,0.987423,0.0001
full,1,326900,326900,0.9870759,0.0001
full,1,326950,326950,0.9872637,0.0001
full,1,327000,327000,0.9869577,0.0001
full,1,327050,327050,0.9872212,0.0001
full,1,327100,327100,0.9874817,0.0001
full,1,327150,327150,0.9872527,0.0001
full,1,327200,327200,0.9872163,0.0001
full,1,327250,327250,0.9872515,0.0001
full,1,327300,327300,0.9872441,0.0001
full,1,327350,327350,0.9873659,0.0001
full,1,327400,327400,0.9870569,0.0001
full,1,327450,327450,0.9875213,0.0001
full,1,327500,327500,0.9873657,0.0001
full,1,327550,327550,0.9875182,0.0001
full,1,327600,327600,0.9873349,0.0001
full,1,327650,327650,0.9871518,0.0001
full,1,327700,327700,0.9871439,0.0001
full,1,327750,327750,0.9877235,0.0001
full,1,327800,327800,0.9871988,0.0001
full,1,327850,327850,0.9871014,0.0001
full,1,327900,327900,0.9874812,0.0001
full,1,327950,327950,0.9872475,0.0001
full,1,328000,328000,0.9873337,0.0001
full,1,328050,328050,0.9873453,0.0001
full,1,328100,328100,0.9875026,0.0001
full,1,328150,328150,0.9875448,0.0001
full,1,328200,328200,0.9872707,0.0001
full,1,328250,328250,0.9873943,0.0001
full,1,328300,328300,0.987596,0.0001
full,1,328350,328350,0.9872606,0.0001
full,1,328400,328400,0.9875609,0.0001
full,1,328450,328450,0.987577,0.0001
full,1,328500,328500,0.9872626,0.0001
full,1,328550,328550,0.9872245,0.0001
full,1,328600,328600,0.9872896,0.0001
full,1,328650,328650,0.9873598,0.0001
full,1,328700,328700,0.9877453,0.0001
full,1,328750,328750,0.9876186,0.0001
full,1,328800,328800,0.9872929,0.0001
full,1,328850,328850,0.9873307,0.0001
full,1,328900,328900,0.9872138,0.0001
full,1,328950,328950,0.9874555,0.0001
full,1,329000,329000,0.9869664,0.0001
full,1,329050,329050,0.9870523,0.0001
full,1,329100,329100,0.9874249,0.0001
full,1,329150,329150,0.9876377,0.0001
full,1,329200,329200,0.9872141,0.0001
full,1,329250,329250,0.9874675,0.0001
full,1,329300,329300,0.9870554,0.0001
full,1,329350,329350,0.9870904,0.0001
full,1,329400,329400,0.9870791,0.0001
full,1,329450,329450,0.987178,0.0001
full,1,329500,329500,0.987414,0.0001
full,1,329550,329550,0.9875039,0.0001
full,1,329600,329600,0.9876819,0.0001
full,1,329650,329650,0.9875962,0.0001
full,1,329700,329700,0.987342,0.0001
full,1,329750,329750,0.9875693,0.0001
full,1,329800,329800,0.9876032,0.0001
full,1,329850,329850,0.9872671,0.0001
full,1,329900,329900,0.987766,0.0001
full,1,329950,329950,0.9872614,0.0001
full,1,330000,330000,0.9872379,0.0001
full,1,330050,330050,0.9874927,0.0001
full,1,330100,330100,0.9874753,0.0001
full,1,330150,330150,0.9873695,0.0001
full,1,330200,330200,0.9873781,0.0001
full,1,330250,330250,0.9873009,0.0001
full,1,330300,330300,0.9874551,0.0001
full,1,330350,330350,0.9871885,0.0001
full,1,330400,330400,0.986913,0.0001
full,1,330450,330450,0.9874668,0.0001
full,1,330500,330500,0.9873083,0.0001
full,1,330550,330550,0.9875268,0.0001
full,1,330600,330600,0.9870219,0.0001
full,1,330650,330650,0.9870304,0.0001
full,1,330700,330700,0.9877318,0.0001
full,1,330750,330750,0.987388,0.0001
full,1,330800,330800,0.9874135,0.0001
full,1,330850,330850,0.9875109,0.0001
full,1,330900,330900,0.9876453,0.0001
full,1,330950,330950,0.9872764,0.0001
full,1,331000,331000,0.9872203,0.0001
full,1,331050,331050,0.9876529,0.0001
full,1,331100,331100,0.9872855,0.0001
full,1,331150,331150,0.9873465,0.0001
full,1,331200,331200,0.9873508,0.0001
full,1,331250,331250,0.9875993,0.0001
full,1,331300,331300,0.9876949,0.0001
full,1,331350,331350,0.9873175,0.0001
full,1,331400,331400,0.9873122,0.0001
full,1,331450,331450,0.9874664,0.0001
full,1,331500,331500,0.9875511,0.0001
full,1,331550,331550,0.9874387,0.0001
full,1,331600,331600,0.9872608,0.0001
full,1,331650,331650,0.9873851,0.0001
full,1,331700,331700,0.9871009,0.0001
full,1,331750,331750,0.9873059,0.0001
full,1,331800,331800,0.9874864,0.0001
full,1,331850,331850,0.9872717,0.0001
full,1,331900,331900,0.9873301,0.0001
full,1,331950,331950,0.9875688,0.0001
full,1,332000,332000,0.9870731,0.0001
full,1,332050,332050,0.9874926,0.0001
full,1,332100,332100,0.9871885,0.0001
full,1,332150,332150,0.9872742,0.0001
full,1,332200,332200,0.9869393,0.0001
full,1,332250,332250,0.9872928,0.0001
full,1,332300,332300,0.9874627,0.0001
full,1,332350,332350,0.9876816,0.0001
full,1,332400,332400,0.9874124,0.0001
full,1,332450,332450,0.9872761,0.0001
full,1,332500,332500,0.9871325,0.0001
full,1,332550,332550,0.9872619,0.0001
full,1,332600,332600,0.9870145,0.0001
full,1,332650,332650,0.9874219,0.0001
full,1,332700,332700,0.9874707,0.0001
full,1,332750,332750,0.9872435,0.0001
full,1,332800,332800,0.9872136,0.0001
full,1,332850,332850,0.987357,0.0001
full,1,332900,332900,0.9875532,0.0001
full,1,332950,332950,0.9873552,0.0001
full,1,333000,333000,0.9873373,0.0001
full,1,333050,333050,0.987039,0.0001
full,1,333100,333100,0.98733,0.0001
full,1,333150,333150,0.9872582,0.0001
full,1,333200,333200,0.9874431,0.0001
full,1,333250,333250,0.9874419,0.0001
full,1,333300,333300,0.9874293,0.0001
full,1,333350,333350,0.9869533,0.0001
full,1,333400,333400,0.9872796,0.0001
full,1,333450,333450,0.9873185,0.0001
full,1,333500,333500,0.987572,0.0001
full,1,333550,333550,0.9877795,0.0001
full,1,333600,333600,0.9872829,0.0001
full,1,333650,333650,0.9872059,0.0001
full,1,333700,333700,0.9876732,0.0001
full,1,333750,333750,0.9877279,0.0001
full,1,333800,333800,0.9876084,0.0001
full,1,333850,333850,0.9867526,0.0001
full,1,333900,333900,0.9871427,0.0001
full,1,333950,333950,0.9876446,0.0001
full,1,334000,334000,0.9871655,0.0001
full,1,334050,334050,0.9873301,0.0001
full,1,334100,334100,0.9876021,0.0001
full,1,334150,334150,0.986625,0.0001
full,1,334200,334200,0.9870431,0.0001
full,1,334250,334250,0.9876189,0.0001
full,1,334300,334300,0.9870443,0.0001
full,1,334350,334350,0.9872085,0.0001
full,1,334400,334400,0.9874627,0.0001
full,1,334450,334450,0.9873835,0.0001
full,1,334500,334500,0.9873325,0.0001
full,1,334550,334550,0.9874523,0.0001
full,1,334600,334600,0.987087,0.0001
full,1,334650,334650,0.9873228,0.0001
full,1,334700,334700,0.9876958,0.0001
full,1,334750,334750,0.9872371,0.0001
full,1,334800,334800,0.9873514,0.0001
full,1,334850,334850,0.9873897,0.0001
full,1,334900,334900,0.9871487,0.0001
full,1,334950,334950,0.987214,0.0001
full,1,335000,335000,0.987361,0.0001
full,1,335050,335050,0.9872662,0.0001
full,1,335100,335100,0.9870483,0.0001
full,1,335150,335150,0.9874762,0.0001
full,1,335200,335200,0.9873338,0.0001
full,1,335250,335250,0.9876769,0.0001
full,1,335300,335300,0.9873177,0.0001
full,1,335350,335350,0.9872678,0.0001
full,1,335400,335400,0.9872657,0.0001
full,1,335450,335450,0.9872833,0.0001
full,1,335500,335500,0.9872862,0.0001
full,1,335550,335550,0.9874813,0.0001
full,1,335600,335600,0.9872163,0.0001
full,1,335650,335650,0.9872676,0.0001
full,1,335700,335700,0.9870129,0.0001
full,1,335750,335750,0.9872648,0.0001
full,1,335800,335800,0.9873761,0.0001
full,1,335850,335850,0.9873511,0.0001
full,1,335900,335900,0.9872028,0.0001
full,1,335950,335950,0.9875963,0.0001
full,1,336000,336000,0.9876884,0.0001
full,1,336050,336050,0.9871675,0.0001
full,1,336100,336100,0.98752,0.0001
full,1,336150,336150,0.9872053,0.0001
full,1,336200,336200,0.98755,0.0001
full,1,336250,336250,0.9870985,0.0001
full,1,336300,336300,0.9871781,0.0001
full,1,336350,336350,0.9874388,0.0001
full,1,336400,336400,0.9873301,0.0001
full,1,336450,336450,0.9872817,0.0001
full,1,336500,336500,0.9879002,0.0001
full,1,336550,336550,0.9875821,0.0001
full,1,336600,336600,0.9873904,0.0001
full,1,336650,336650,0.9871536,0.0001
full,1,336700,336700,0.9871131,0.0001
full,1,336750,336750,0.9872621,0.0001
full,1,336800,336800,0.9869896,0.0001
full,1,336850,336850,0.9874172,0.0001
full,1,336900,336900,0.9874302,0.0001
full,1,336950,336950,0.9873432,0.0001
full,1,337000,337000,0.9873148,0.0001
full,1,337050,337050,0.9875428,0.0001
full,1,337100,337100,0.9873998,0.0001
full,1,337150,337150,0.9878795,0.0001
full,1,337200,337200,0.9870874,0.0001
full,1,337250,337250,0.9872656,0.0001
full,1,337300,337300,0.9869539,0.0001
full,1,337350,337350,0.9876094,0.0001
full,1,337400,337400,0.9875224,0.0001
full,1,337450,337450,0.9872998,0.0001
full,1,337500,337500,0.9872704,0.0001
full,1,337550,337550,0.9875351,0.0001
full,1,337600,337600,0.9872638,0.0001
full,1,337650,337650,0.9875151,0.0001
full,1,337700,337700,0.9875967,0.0001
full,1,337750,337750,0.9873502,0.0001
full,1,337800,337800,0.987491,0.0001
full,1,337850,337850,0.9875628,0.0001
full,1,337900,337900,0.9875386,0.0001
full,1,337950,337950,0.9872475,0.0001
full,1,338000,338000,0.9874922,0.0001
full,1,338050,338050,0.987447,0.0001
full,1,338100,338100,0.9872813,0.0001
full,1,338150,338150,0.9872663,0.0001
full,1,338200,338200,0.9873386,0.0001
full,1,338250,338250,0.9873573,0.0001
full,1,338300,338300,0.9874995,0.0001
full,1,338350,338350,0.9872588,0.0001
full,1,338400,338400,0.9872274,0.0001
full,1,338450,338450,0.9872097,0.0001
full,1,338500,338500,0.987218,0.0001
full,1,338550,338550,0.9874306,0.0001
full,1,338600,338600,0.9874134,0.0001
full,1,338650,338650,0.987826,0.0001
full,1,338700,338700,0.9867454,0.0001
full,1,338750,338750,0.9876447,0.0001
full,1,338800,338800,0.9868633,0.0001
full,1,338850,338850,0.9871051,0.0001
full,1,338900,338900,0.9872268,0.0001
full,1,338950,338950,0.9876696,0.0001
full,1,339000,339000,0.987287,0.0001
full,1,339050,339050,0.9873434,0.0001
full,1,339100,339100,0.9872599,0.0001
full,1,339150,339150,0.9877744,0.0001
full,1,339200,339200,0.9875721,0.0001
full,1,339250,339250,0.9873531,0.0001
full,1,339300,339300,0.9873593,0.0001
full,1,339350,339350,0.9872198,0.0001
full,1,339400,339400,0.9870838,0.0001
full,1,339450,339450,0.9875495,0.0001
full,1,339500,339500,0.9875423,0.0001
full,1,339550,339550,0.9872726,0.0001
full,1,339600,339600,0.9872227,0.0001
full,1,339650,339650,0.9872593,0.0001
full,1,339700,339700,0.987058,0.0001
full,1,339750,339750,0.9871677,0.0001
full,1,339800,339800,0.9874765,0.0001
full,1,339850,339850,0.9874897,0.0001
full,1,339900,339900,0.9875657,0.0001
full,1,339950,339950,0.9873555,0.0001
full,1,340000,340000,0.9872689,0.0001
full,1,340050,340050,0.9870999,0.0001
full,1,340100,340100,0.9873033,0.0001
full,1,340150,340150,0.9877968,0.0001
full,1,340200,340200,0.9870641,0.0001
full,1,340250,340250,0.9872274,0.0001
full,1,340300,340300,0.9874897,0.0001
full,1,340350,340350,0.9872661,0.0001
full,1,340400,340400,0.9876134,0.0001
full,1,340450,340450,0.9871336,0.0001
full,1,340500,340500,0.9872662,0.0001
full,1,340550,340550,0.9870639,0.0001
full,1,340600,340600,0.9874723,0.0001
full,1,340650,340650,0.9873808,0.0001
full,1,340700,340700,0.987179,0.0001
full,1,340750,340750,0.9875576,0.0001
full,1,340800,340800,0.9872849,0.0001
full,1,340850,340850,0.9877349,0.0001
full,1,340900,340900,0.9873241,0.0001
full,1,340950,340950,0.987444,0.0001
full,1,341000,341000,0.9875686,0.0001
full,1,341050,341050,0.9876118,0.0001
full,1,341100,341100,0.9877632,0.0001
full,1,341150,341150,0.9875742,0.0001
full,1,341200,341200,0.9873401,0.0001
full,1,341250,341250,0.9871141,0.0001
full,1,341300,341300,0.987255,0.0001
full,1,341350,341350,0.9874894,0.0001
full,1,341400,341400,0.9873497,0.0001
full,1,341450,341450,0.9873672,0.0001
full,1,341500,341500,0.9874064,0.0001
full,1,341550,341550,0.9873878,0.0001
full,1,341600,341600,0.9873765,0.0001
full,1,341650,341650,0.9868367,0.0001
full,1,341700,341700,0.9876116,0.0001
full,1,341750,341750,0.9873481,0.0001
full,1,341800,341800,0.9874966,0.0001
full,1,341850,341850,0.9871895,0.0001
full,1,341900,341900,0.9874689,0.0001
full,1,341950,341950,0.9875662,0.0001
full,1,342000,342000,0.9875999,0.0001
full,1,342050,342050,0.987314,0.0001
full,1,342100,342100,0.9869761,0.0001
full,1,342150,342150,0.9874846,0.0001
full,1,342200,342200,0.9874128,0.0001
full,1,342250,342250,0.9875833,0.0001
full,1,342300,342300,0.9874415,0.0001
full,1,342350,342350,0.9876515,0.0001
full,1,342400,342400,0.9867432,0.0001
full,1,342450,342450,0.9875236,0.0001
full,1,342500,342500,0.9871227,0.0001
full,1,342550,342550,0.987574,0.0001
full,1,342600,342600,0.9874337,0.0001
full,1,342650,342650,0.9874079,0.0001
full,1,342700,342700,0.9874093,0.0001
full,1,342750,342750,0.9871135,0.0001
full,1,342800,342800,0.9876489,0.0001
full,1,342850,342850,0.9875306,0.0001
full,1,342900,342900,0.9874074,0.0001
full,1,342950,342950,0.9872606,0.0001
full,1,343000,343000,0.9875733,0.0001
full,1,343050,343050,0.9874011,0.0001
full,1,343100,343100,0.9870776,0.0001
full,1,343150,343150,0.9875519,0.0001
full,1,343200,343200,0.9875039,0.0001
full,1,343250,343250,0.9874015,0.0001
full,1,343300,343300,0.9874838,0.0001
full,1,343350,343350,0.9874092,0.0001
full,1,343400,343400,0.987312,0.0001
full,1,343450,343450,0.9873566,0.0001
full,1,343500,343500,0.9873396,0.0001
full,1,343550,343550,0.9873911,0.0001
full,1,343600,343600,0.9875847,0.0001
full,1,343650,343650,0.9874566,0.0001
full,1,343700,343700,0.9871743,0.0001
full,1,343750,343750,0.9874201,0.0001
full,1,343800,343800,0.9876441,0.0001
full,1,343850,343850,0.9873682,0.0001
full,1,343900,343900,0.9870332,0.0001
full,1,343950,343950,0.9874067,0.0001
full,1,344000,344000,0.9871542,0.0001
full,1,344050,344050,0.9869483,0.0001
full,1,344100,344100,0.9871607,0.0001
full,1,344150,344150,0.9875461,0.0001
full,1,344200,344200,0.9875318,0.0001
full,1,344250,344250,0.9874157,0.0001
full,1,344300,344300,0.9874829,0.0001
full,1,344350,344350,0.9872327,0.0001
full,1,344400,344400,0.9866819,0.0001
full,1,344450,344450,0.9874754,0.0001
full,1,344500,344500,0.9872547,0.0001
full,1,344550,344550,0.9873516,0.0001
full,1,344600,344600,0.9874876,0.0001
full,1,344650,344650,0.9870942,0.0001
full,1,344700,344700,0.9868426,0.0001
full,1,344750,344750,0.9873263,0.0001
full,1,344800,344800,0.9871213,0.0001
full,1,344850,344850,0.9873102,0.0001
full,1,344900,344900,0.9873047,0.0001
full,1,344950,344950,0.9871827,0.0001
full,1,345000,345000,0.9869451,0.0001
full,1,345050,345050,0.9873769,0.0001
full,1,345100,345100,0.9869999,0.0001
full,1,345150,345150,0.987774,0.0001
full,1,345200,345200,0.9870521,0.0001
full,1,345250,345250,0.9876617,0.0001
full,1,345300,345300,0.987166,0.0001
full,1,345350,345350,0.9872089,0.0001
full,1,345400,345400,0.9872972,0.0001
full,1,345450,345450,0.9874358,0.0001
full,1,345500,345500,0.9875842,0.0001
full,1,345550,345550,0.9875004,0.0001
full,1,345600,345600,0.9875691,0.0001
full,1,345650,345650,0.9874454,0.0001
full,1,345700,345700,0.98742,0.0001
full,1,345750,345750,0.9873598,0.0001
full,1,345800,345800,0.9879,0.0001
full,1,345850,345850,0.9875876,0.0001
full,1,345900,345900,0.9871999,0.0001
full,1,345950,345950,0.9877844,0.0001
full,1,346000,346000,0.9870396,0.0001
full,1,346050,346050,0.9873787,0.0001
full,1,346100,346100,0.9870827,0.0001
full,1,346150,346150,0.9876112,0.0001
full,1,346200,346200,0.9868724,0.0001
full,1,346250,346250,0.9872932,0.0001
full,1,346300,346300,0.9875948,0.0001
full,1,346350,346350,0.9872556,0.0001
full,1,346400,346400,0.9870506,0.0001
full,1,346450,346450,0.9875238,0.0001
full,1,346500,346500,0.9873378,0.0001
full,1,346550,346550,0.9871542,0.0001
full,1,346600,346600,0.9874419,0.0001
full,1,346650,346650,0.9868941,0.0001
full,1,346700,346700,0.9875173,0.0001
full,1,346750,346750,0.987268,0.0001
full,1,346800,346800,0.9876016,0.0001
full,1,346850,346850,0.9872738,0.0001
full,1,346900,346900,0.98691,0.0001
full,1,346950,346950,0.9873199,0.0001
full,1,347000,347000,0.9871378,0.0001
full,1,347050,347050,0.987422,0.0001
full,1,347100,347100,0.9870366,0.0001
full,1,347150,347150,0.9873258,0.0001
full,1,347200,347200,0.9875356,0.0001
full,1,347250,347250,0.9871827,0.0001
full,1,347300,347300,0.9874814,0.0001
full,1,347350,347350,0.9871023,0.0001
full,1,347400,347400,0.9874579,0.0001
full,1,347450,347450,0.9874066,0.0001
full,1,347500,347500,0.9875171,0.0001
full,1,347550,347550,0.9870555,0.0001
full,1,347600,347600,0.9875363,0.0001
full,1,347650,347650,0.9873306,0.0001
full,1,347700,347700,0.9874157,0.0001
full,1,347750,347750,0.9869053,0.0001
full,1,347800,347800,0.9874898,0.0001
full,1,347850,347850,0.987702,0.0001
full,1,347900,347900,0.9873987,0.0001
full,1,347950,347950,0.987641,0.0001
full,1,348000,348000,0.9874418,0.0001
full,1,348050,348050,0.9875214,0.0001
full,1,348100,348100,0.9874969,0.0001
full,1,348150,348150,0.9871385,0.0001
full,1,348200,348200,0.9870709,0.0001
full,1,348250,348250,0.9872735,0.0001
full,1,348300,348300,0.9873598,0.0001
full,1,348350,348350,0.9872424,0.0001
full,1,348400,348400,0.9876268,0.0001
full,1,348450,348450,0.9873576,0.0001
full,1,348500,348500,0.9875966,0.0001
full,1,348550,348550,0.9873407,0.0001
full,1,348600,348600,0.9875829,0.0001
full,1,348650,348650,0.9875204,0.0001
full,1,348700,348700,0.9873607,0.0001
full,1,348750,348750,0.9873052,0.0001
full,1,348800,348800,0.9871128,0.0001
full,1,348850,348850,0.9872095,0.0001
full,1,348900,348900,0.9872596,0.0001
full,1,348950,348950,0.9878935,0.0001
full,1,349000,349000,0.9872822,0.0001
full,1,349050,349050,0.9873222,0.0001
full,1,349100,349100,0.9871083,0.0001
full,1,349150,349150,0.987403,0.0001
full,1,349200,349200,0.9876791,0.0001
full,1,349250,349250,0.9872667,0.0001
full,1,349300,349300,0.9875898,0.0001
full,1,349350,349350,0.9876376,0.0001
full,1,349400,349400,0.9873155,0.0001
full,1,349450,349450,0.9875628,0.0001
full,1,349500,349500,0.9872404,0.0001
full,1,349550,349550,0.9869094,0.0001
full,1,349600,349600,0.9872934,0.0001
full,1,349650,349650,0.9876204,0.0001
full,1,349700,349700,0.9873177,0.0001
full,1,349750,349750,0.9876822,0.0001
full,1,349800,349800,0.9873364,0.0001
full,1,349850,349850,0.9871377,0.0001
full,1,349900,349900,0.9871466,0.0001
full,1,349950,349950,0.9871533,0.0001
full,1,350000,350000,0.9874257,0.0001
full,1,350050,350050,0.9872404,0.0001
full,1,350100,350100,0.9875227,0.0001
full,1,350150,350150,0.987384,0.0001
full,1,350200,350200,0.9873382,0.0001
full,1,350250,350250,0.9871619,0.0001
full,1,350300,350300,0.9872377,0.0001
full,1,350350,350350,0.9872916,0.0001
full,1,350400,350400,0.9872972,0.0001
full,1,350450,350450,0.9873803,0.0001
full,1,350500,350500,0.9873775,0.0001
full,1,350550,350550,0.9874933,0.0001
full,1,350600,350600,0.987605,0.0001
full,1,350650,350650,0.9875973,0.0001
full,1,350700,350700,0.9873478,0.0001
full,1,350750,350750,0.9876922,0.0001
full,1,350800,350800,0.9872475,0.0001
full,1,350850,350850,0.9871565,0.0001
full,1,350900,350900,0.9875844,0.0001
full,1,350950,350950,0.9871842,0.0001
full,1,351000,351000,0.9874312,0.0001
full,1,351050,351050,0.9874187,0.0001
full,1,351100,351100,0.9874279,0.0001
full,1,351150,351150,0.9872628,0.0001
full,1,351200,351200,0.9874625,0.0001
full,1,351250,351250,0.9871524,0.0001
full,1,351300,351300,0.9876348,0.0001
full,1,351350,351350,0.9873822,0.0001
full,1,351400,351400,0.9875705,0.0001
full,1,351450,351450,0.9872374,0.0001
full,1,351500,351500,0.9869683,0.0001
full,1,351550,351550,0.9873386,0.0001
full,1,351600,351600,0.9874251,0.0001
full,1,351650,351650,0.9874424,0.0001
full,1,351700,351700,0.9863216,0.0001
full,1,351750,351750,0.98749,0.0001
full,1,351800,351800,0.9871968,0.0001
full,1,351850,351850,0.9876676,0.0001
full,1,351900,351900,0.9870323,0.0001
full,1,351950,351950,0.9874107,0.0001
full,1,352000,352000,0.9873176,0.0001
full,1,352050,352050,0.9873655,0.0001
full,1,352100,352100,0.9874544,0.0001
full,1,352150,352150,0.9873682,0.0001
full,1,352200,352200,0.9871786,0.0001
full,1,352250,352250,0.9870116,0.0001
full,1,352300,352300,0.9874212,0.0001
full,1,352350,352350,0.9871711,0.0001
full,1,352400,352400,0.9870584,0.0001
full,1,352450,352450,0.9875577,0.0001
full,1,352500,352500,0.9872448,0.0001
full,1,352550,352550,0.9870115,0.0001
full,1,352600,352600,0.9871464,0.0001
full,1,352650,352650,0.9873979,0.0001
full,1,352700,352700,0.9877747,0.0001
full,1,352750,352750,0.9871607,0.0001
full,1,352800,352800,0.9870987,0.0001
full,1,352850,352850,0.9871269,0.0001
full,1,352900,352900,0.9873701,0.0001
full,1,352950,352950,0.9872714,0.0001
full,1,353000,353000,0.9869614,0.0001
full,1,353050,353050,0.9872631,0.0001
full,1,353100,353100,0.987354,0.0001
full,1,353150,353150,0.9873914,0.0001
full,1,353200,353200,0.9871436,0.0001
full,1,353250,353250,0.9871995,0.0001
full,1,353300,353300,0.9873627,0.0001
full,1,353350,353350,0.9873931,0.0001
full,1,353400,353400,0.9873588,0.0001
full,1,353450,353450,0.9874092,0.0001
full,1,353500,353500,0.9873208,0.0001
full,1,353550,353550,0.9873827,0.0001
full,1,353600,353600,0.9876677,0.0001
full,1,353650,353650,0.9876456,0.0001
full,1,353700,353700,0.9870366,0.0001
full,1,353750,353750,0.9871701,0.0001
full,1,353800,353800,0.9876356,0.0001
full,1,353850,353850,0.9873295,0.0001
full,1,353900,353900,0.9871636,0.0001
full,1,353950,353950,0.9872456,0.0001
full,1,354000,354000,0.9872915,0.0001
full,1,354050,354050,0.98747,0.0001
full,1,354100,354100,0.9872426,0.0001
full,1,354150,354150,0.9876404,0.0001
full,1,354200,354200,0.9871693,0.0001
full,1,354250,354250,0.9871565,0.0001
full,1,354300,354300,0.9874811,0.0001
full,1,354350,354350,0.9874646,0.0001
full,1,354400,354400,0.9876742,0.0001
full,1,354450,354450,0.987479,0.0001
full,1,354500,354500,0.987309,0.0001
full,1,354550,354550,0.987923,0.0001
full,1,354600,354600,0.9875974,0.0001
full,1,354650,354650,0.987269,0.0001
full,1,354700,354700,0.9870557,0.0001
full,1,354750,354750,0.9874168,0.0001
full,1,354800,354800,0.9869841,0.0001
full,1,354850,354850,0.9875895,0.0001
full,1,354900,354900,0.9870941,0.0001
full,1,354950,354950,0.9870649,0.0001
full,1,355000,355000,0.9870843,0.0001
full,1,355050,355050,0.9876253,0.0001
full,1,355100,355100,0.9871418,0.0001
full,1,355150,355150,0.9874704,0.0001
full,1,355200,355200,0.9873337,0.0001
full,1,355250,355250,0.9874144,0.0001
full,1,355300,355300,0.9877089,0.0001
full,1,355350,355350,0.9872941,0.0001
full,1,355400,355400,0.9872328,0.0001
full,1,355450,355450,0.9876125,0.0001
full,1,355500,355500,0.9872272,0.0001
full,1,355550,355550,0.9867942,0.0001
full,1,355600,355600,0.9872593,0.0001
full,1,355650,355650,0.9873737,0.0001
full,1,355700,355700,0.9873238,0.0001
full,1,355750,355750,0.9873907,0.0001
full,1,355800,355800,0.9866724,0.0001
full,1,355850,355850,0.9873078,0.0001
full,1,355900,355900,0.987398,0.0001
full,1,355950,355950,0.9874936,0.0001
full,1,356000,356000,0.9872522,0.0001
full,1,356050,356050,0.9874882,0.0001
full,1,356100,356100,0.9871721,0.0001
full,1,356150,356150,0.9875137,0.0001
full,1,356200,356200,0.9875892,0.0001
full,1,356250,356250,0.9874191,0.0001
full,1,356300,356300,0.987417,0.0001
full,1,356350,356350,0.9871818,0.0001
full,1,356400,356400,0.9876705,0.0001
full,1,356450,356450,0.9874367,0.0001
full,1,356500,356500,0.9873313,0.0001
full,1,356550,356550,0.987271,0.0001
full,1,356600,356600,0.9873853,0.0001
full,1,356650,356650,0.9872783,0.0001
full,1,356700,356700,0.9874056,0.0001
full,1,356750,356750,0.9875752,0.0001
full,1,356800,356800,0.9874178,0.0001
full,1,356850,356850,0.9872426,0.0001
full,1,356900,356900,0.9876926,0.0001
full,1,356950,356950,0.9875551,0.0001
full,1,357000,357000,0.9874021,0.0001
full,1,357050,357050,0.9871691,0.0001
full,1,357100,357100,0.9872476,0.0001
full,1,357150,357150,0.9874408,0.0001
full,1,357200,357200,0.9874598,0.0001
full,1,357250,357250,0.9872549,0.0001
full,1,357300,357300,0.9871227,0.0001
full,1,357350,357350,0.9876596,0.0001
full,1,357400,357400,0.986981,0.0001
full,1,357450,357450,0.9869487,0.0001
full,1,357500,357500,0.986855,0.0001
full,1,357550,357550,0.9876146,0.0001
full,1,357600,357600,0.9874138,0.0001
full,1,357650,357650,0.9870882,0.0001
full,1,357700,357700,0.9872227,0.0001
full,1,357750,357750,0.9873222,0.0001
full,1,357800,357800,0.9874244,0.0001
full,1,357850,357850,0.9871189,0.0001
full,1,357900,357900,0.9873077,0.0001
full,1,357950,357950,0.9871627,0.0001
full,1,358000,358000,0.9872167,0.0001
full,1,358050,358050,0.9875852,0.0001
full,1,358100,358100,0.9870884,0.0001
full,1,358150,358150,0.987302,0.0001
full,1,358200,358200,0.9875108,0.0001
full,1,358250,358250,0.9871306,0.0001
full,1,358300,358300,0.9879313,0.0001
full,1,358350,358350,0.9875633,0.0001
full,1,358400,358400,0.9875814,0.0001
full,1,358450,358450,0.9871172,0.0001
full,1,358500,358500,0.9875543,0.0001
full,1,358550,358550,0.9873579,0.0001
full,1,358600,358600,0.9874635,0.0001
full,1,358650,358650,0.9873851,0.0001
full,1,358700,358700,0.9875476,0.0001
full,1,358750,358750,0.9868333,0.0001
full,1,358800,358800,0.9873177,0.0001
full,1,358850,358850,0.9873537,0.0001
full,1,358900,358900,0.9876549,0.0001
full,1,358950,358950,0.9869351,0.0001
full,1,359000,359000,0.9877849,0.0001
full,1,359050,359050,0.9873153,0.0001
full,1,359100,359100,0.9872475,0.0001
full,1,359150,359150,0.9872031,0.0001
full,1,359200,359200,0.9874843,0.0001
full,1,359250,359250,0.9870235,0.0001
full,1,359300,359300,0.987392,0.0001
full,1,359350,359350,0.986863,0.0001
full,1,359400,359400,0.9873894,0.0001
full,1,359450,359450,0.9874815,0.0001
full,1,359500,359500,0.9876217,0.0001
full,1,359550,359550,0.9869922,0.0001
full,1,359600,359600,0.9873105,0.0001
full,1,359650,359650,0.9871249,0.0001
full,1,359700,359700,0.987416,0.0001
full,1,359750,359750,0.9872775,0.0001
full,1,359800,359800,0.9871365,0.0001
full,1,359850,359850,0.9875836,0.0001
full,1,359900,359900,0.9869388,0.0001
full,1,359950,359950,0.9870567,0.0001
full,1,360000,360000,0.9874282,0.0001
full,1,360050,360050,0.9874326,0.0001
full,1,360100,360100,0.9872888,0.0001
full,1,360150,360150,0.9871927,0.0001
full,1,360200,360200,0.9872065,0.0001
full,1,360250,360250,0.9872683,0.0001
full,1,360300,360300,0.9870657,0.0001
full,1,360350,360350,0.9874925,0.0001
full,1,360400,360400,0.9874048,0.0001
full,1,360450,360450,0.9873979,0.0001
full,1,360500,360500,0.9871339,0.0001
full,1,360550,360550,0.9867427,0.0001
full,1,360600,360600,0.987545,0.0001
full,1,360650,360650,0.9875824,0.0001
full,1,360700,360700,0.987479,0.0001
full,1,360750,360750,0.9874079,0.0001
full,1,360800,360800,0.9874406,0.0001
full,1,360850,360850,0.9868638,0.0001
full,1,360900,360900,0.9870672,0.0001
full,1,360950,360950,0.9875189,0.0001
full,1,361000,361000,0.9873855,0.0001
full,1,361050,361050,0.9874677,0.0001
full,1,361100,361100,0.9876252,0.0001
full,1,361150,361150,0.9873444,0.0001
full,1,361200,361200,0.9872603,0.0001
full,1,361250,361250,0.9873061,0.0001
full,1,361300,361300,0.9870718,0.0001
full,1,361350,361350,0.9870813,0.0001
full,1,361400,361400,0.9873498,0.0001
full,1,361450,361450,0.9868647,0.0001
full,1,361500,361500,0.9875436,0.0001
full,1,361550,361550,0.9871019,0.0001
full,1,361600,361600,0.987363,0.0001
full,1,361650,361650,0.9872922,0.0001
full,1,361700,361700,0.9874685,0.0001
full,1,361750,361750,0.9874839,0.0001
full,1,361800,361800,0.9873378,0.0001
full,1,361850,361850,0.9871808,0.0001
full,1,361900,361900,0.987247,0.0001
full,1,361950,361950,0.9870049,0.0001
full,1,362000,362000,0.9873739,0.0001
full,1,362050,362050,0.9874852,0.0001
full,1,362100,362100,0.9875147,0.0001
full,1,362150,362150,0.9873895,0.0001
full,1,362200,362200,0.987155,0.0001
full,1,362250,362250,0.9873633,0.0001
full,1,362300,362300,0.987348,0.0001
full,1,362350,362350,0.9873611,0.0001
full,1,362400,362400,0.9869512,0.0001
full,1,362450,362450,0.9873583,0.0001
full,1,362500,362500,0.9873292,0.0001
full,1,362550,362550,0.987193,0.0001
full,1,362600,362600,0.9874898,0.0001
full,1,362650,362650,0.9873099,0.0001
full,1,362700,362700,0.9874793,0.0001
full,1,362750,362750,0.987673,0.0001
full,1,362800,362800,0.9875772,0.0001
full,1,362850,362850,0.9874301,0.0001
full,1,362900,362900,0.9869589,0.0001
full,1,362950,362950,0.9876557,0.0001
full,1,363000,363000,0.9874108,0.0001
full,1,363050,363050,0.9873261,0.0001
full,1,363100,363100,0.987093,0.0001
full,1,363150,363150,0.9871069,0.0001
full,1,363200,363200,0.9874179,0.0001
full,1,363250,363250,0.9875331,0.0001
full,1,363300,363300,0.9873701,0.0001
full,1,363350,363350,0.9871638,0.0001
full,1,363400,363400,0.9874589,0.0001
full,1,363450,363450,0.9869262,0.0001
full,1,363500,363500,0.9872996,0.0001
full,1,363550,363550,0.987137,0.0001
full,1,363600,363600,0.9872832,0.0001
full,1,363650,363650,0.9875278,0.0001
full,1,363700,363700,0.987442,0.0001
full,1,363750,363750,0.9872187,0.0001
full,1,363800,363800,0.9875217,0.0001
full,1,363850,363850,0.9871342,0.0001
full,1,363900,363900,0.9869601,0.0001
full,1,363950,363950,0.9877024,0.0001
full,1,364000,364000,0.9870584,0.0001
full,1,364050,364050,0.9874416,0.0001
full,1,364100,364100,0.9876159,0.0001
full,1,364150,364150,0.9874343,0.0001
full,1,364200,364200,0.987222,0.0001
full,1,364250,364250,0.9871131,0.0001
full,1,364300,364300,0.98718,0.0001
full,1,364350,364350,0.9873282,0.0001
full,1,364400,364400,0.9872745,0.0001
full,1,364450,364450,0.9871807,0.0001
full,1,364500,364500,0.9873424,0.0001
full,1,364550,364550,0.9868195,0.0001
full,1,364600,364600,0.987045,0.0001
full,1,364650,364650,0.9875857,0.0001
full,1,364700,364700,0.9875451,0.0001
full,1,364750,364750,0.987156,0.0001
full,1,364800,364800,0.9870515,0.0001
full,1,364850,364850,0.9868177,0.0001
full,1,364900,364900,0.987381,0.0001
full,1,364950,364950,0.9872317,0.0001
full,1,365000,365000,0.9878036,0.0001
full,1,365050,365050,0.9869645,0.0001
full,1,365100,365100,0.9873721,0.0001
full,1,365150,365150,0.9874687,0.0001
full,1,365200,365200,0.9872151,0.0001
full,1,365250,365250,0.9873285,0.0001
full,1,365300,365300,0.9874525,0.0001
full,1,365350,365350,0.987397,0.0001
full,1,365400,365400,0.9877008,0.0001
full,1,365450,365450,0.9872661,0.0001
full,1,365500,365500,0.9873961,0.0001
full,1,365550,365550,0.9873154,0.0001
full,1,365600,365600,0.9869081,0.0001
full,1,365650,365650,0.9872904,0.0001
full,1,365700,365700,0.9873983,0.0001
full,1,365750,365750,0.9871914,0.0001
full,1,365800,365800,0.9871998,0.0001
full,1,365850,365850,0.9871991,0.0001
full,1,365900,365900,0.9871358,0.0001
full,1,365950,365950,0.9872516,0.0001
full,1,366000,366000,0.9872644,0.0001
full,1,366050,366050,0.9870546,0.0001
full,1,366100,366100,0.9872065,0.0001
full,1,366150,366150,0.9875244,0.0001
full,1,366200,366200,0.9873283,0.0001
full,1,366250,366250,0.9876444,0.0001
full,1,366300,366300,0.9873336,0.0001
full,1,366350,366350,0.9878336,0.0001
full,1,366400,366400,0.987309,0.0001
full,1,366450,366450,0.9872087,0.0001
full,1,366500,366500,0.9870698,0.0001
full,1,366550,366550,0.9873314,0.0001
full,1,366600,366600,0.9876459,0.0001
full,1,366650,366650,0.987343,0.0001
full,1,366700,366700,0.9875282,0.0001
full,1,366750,366750,0.9874473,0.0001
full,1,366800,366800,0.9874407,0.0001
full,1,366850,366850,0.9872927,0.0001
full,1,366900,366900,0.987071,0.0001
full,1,366950,366950,0.9874364,0.0001
full,1,367000,367000,0.9873649,0.0001
full,1,367050,367050,0.9878315,0.0001
full,1,367100,367100,0.9874933,0.0001
full,1,367150,367150,0.9873517,0.0001
full,1,367200,367200,0.9874053,0.0001
full,1,367250,367250,0.9876149,0.0001
full,1,367300,367300,0.9875661,0.0001
full,1,367350,367350,0.9870212,0.0001
full,1,367400,367400,0.9875451,0.0001
full,1,367450,367450,0.9874374,0.0001
full,1,367500,367500,0.9870958,0.0001
full,1,367550,367550,0.9872666,0.0001
full,1,367600,367600,0.9874585,0.0001
full,1,367650,367650,0.9874358,0.0001
full,1,367700,367700,0.9872404,0.0001
full,1,367750,367750,0.9872445,0.0001
full,1,367800,367800,0.987325,0.0001
full,1,367850,367850,0.9877231,0.0001
full,1,367900,367900,0.9871593,0.0001
full,1,367950,367950,0.987525,0.0001
full,1,368000,368000,0.9875188,0.0001
full,1,368050,368050,0.9876626,0.0001
full,1,368100,368100,0.9869919,0.0001
full,1,368150,368150,0.987025,0.0001
full,1,368200,368200,0.9872794,0.0001
full,1,368250,368250,0.9870617,0.0001
full,1,368300,368300,0.9875811,0.0001
full,1,368350,368350,0.9871418,0.0001
full,1,368400,368400,0.9869051,0.0001
full,1,368450,368450,0.9871467,0.0001
full,1,368500,368500,0.9873,0.0001
full,1,368550,368550,0.9871047,0.0001
full,1,368600,368600,0.987165,0.0001
full,1,368650,368650,0.9873989,0.0001
full,1,368700,368700,0.9873521,0.0001
full,1,368750,368750,0.9877615,0.0001
full,1,368800,368800,0.9872443,0.0001
full,1,368850,368850,0.9872295,0.0001
full,1,368900,368900,0.9873566,0.0001
full,1,368950,368950,0.9875025,0.0001
full,1,369000,369000,0.987341,0.0001
full,1,369050,369050,0.9871805,0.0001
full,1,369100,369100,0.9871632,0.0001
full,1,369150,369150,0.987343,0.0001
full,1,369200,369200,0.9873707,0.0001
full,1,369250,369250,0.9875405,0.0001
full,1,369300,369300,0.9874055,0.0001
full,1,369350,369350,0.9876205,0.0001
full,1,369400,369400,0.9874202,0.0001
full,1,369450,369450,0.9869989,0.0001
full,1,369500,369500,0.9873247,0.0001
full,1,369550,369550,0.9874661,0.0001
full,1,369600,369600,0.987202,0.0001
full,1,369650,369650,0.9873974,0.0001
full,1,369700,369700,0.9873406,0.0001
full,1,369750,369750,0.987144,0.0001
full,1,369800,369800,0.987299,0.0001
full,1,369850,369850,0.9874792,0.0001
full,1,369900,369900,0.987219,0.0001
full,1,369950,369950,0.9870813,0.0001
full,1,370000,370000,0.9876577,0.0001
full,1,370050,370050,0.9873027,0.0001
full,1,370100,370100,0.9875156,0.0001
full,1,370150,370150,0.9874339,0.0001
full,1,370200,370200,0.9874401,0.0001
full,1,370250,370250,0.9872805,0.0001
full,1,370300,370300,0.9873756,0.0001
full,1,370350,370350,0.987077,0.0001
full,1,370400,370400,0.9872648,0.0001
full,1,370450,370450,0.9873238,0.0001
full,1,370500,370500,0.9873297,0.0001
full,1,370550,370550,0.9875742,0.0001
full,1,370600,370600,0.9875126,0.0001
full,1,370650,370650,0.9872414,0.0001
full,1,370700,370700,0.9872016,0.0001
full,1,370750,370750,0.9872012,0.0001
full,1,370800,370800,0.9875866,0.0001
full,1,370850,370850,0.9872521,0.0001
full,1,370900,370900,0.9872541,0.0001
full,1,370950,370950,0.987058,0.0001
full,1,371000,371000,0.9874777,0.0001
full,1,371050,371050,0.987527,0.0001
full,1,371100,371100,0.9870248,0.0001
full,1,371150,371150,0.9876674,0.0001
full,1,371200,371200,0.9871029,0.0001
full,1,371250,371250,0.9868811,0.0001
full,1,371300,371300,0.9871494,0.0001
full,1,371350,371350,0.986939,0.0001
full,1,371400,371400,0.9874064,0.0001
full,1,371450,371450,0.9876381,0.0001
full,1,371500,371500,0.9873832,0.0001
full,1,371550,371550,0.9870148,0.0001
full,1,371600,371600,0.9878484,0.0001
full,1,371650,371650,0.9871082,0.0001
full,1,371700,371700,0.9870154,0.0001
full,1,371750,371750,0.9869495,0.0001
full,1,371800,371800,0.9873476,0.0001
full,1,371850,371850,0.987435,0.0001
full,1,371900,371900,0.9869631,0.0001
full,1,371950,371950,0.9872491,0.0001
full,1,372000,372000,0.9871948,0.0001
full,1,372050,372050,0.9873478,0.0001
full,1,372100,372100,0.9870186,0.0001
full,1,372150,372150,0.9874718,0.0001
full,1,372200,372200,0.9870645,0.0001
full,1,372250,372250,0.9872434,0.0001
full,1,372300,372300,0.9877212,0.0001
full,1,372350,372350,0.9872472,0.0001
full,1,372400,372400,0.9872751,0.0001
full,1,372450,372450,0.9872868,0.0001
full,1,372500,372500,0.9869006,0.0001
full,1,372550,372550,0.9875272,0.0001
full,1,372600,372600,0.9876651,0.0001
full,1,372650,372650,0.9874904,0.0001
full,1,372700,372700,0.9872541,0.0001
full,1,372750,372750,0.9873182,0.0001
full,1,372800,372800,0.9871709,0.0001
full,1,372850,372850,0.9868995,0.0001
full,1,372900,372900,0.9874154,0.0001
full,1,372950,372950,0.9870456,0.0001
full,1,373000,373000,0.9876937,0.0001
full,1,373050,373050,0.9872065,0.0001
full,1,373100,373100,0.9871519,0.0001
full,1,373150,373150,0.9874033,0.0001
full,1,373200,373200,0.9873787,0.0001
full,1,373250,373250,0.9874641,0.0001
full,1,373300,373300,0.9872028,0.0001
full,1,373350,373350,0.9875841,0.0001
full,1,373400,373400,0.9871252,0.0001
full,1,373450,373450,0.9877123,0.0001
full,1,373500,373500,0.9871598,0.0001
full,1,373550,373550,0.9870775,0.0001
full,1,373600,373600,0.9874884,0.0001
full,1,373650,373650,0.9874824,0.0001
full,1,373700,373700,0.9870142,0.0001
full,1,373750,373750,0.9869036,0.0001
full,1,373800,373800,0.987101,0.0001
full,1,373850,373850,0.9872918,0.0001
full,1,373900,373900,0.9874799,0.0001
full,1,373950,373950,0.9878274,0.0001
full,1,374000,374000,0.9876562,0.0001
full,1,374050,374050,0.9871793,0.0001
full,1,374100,374100,0.9873645,0.0001
full,1,374150,374150,0.9874282,0.0001
full,1,374200,374200,0.9878188,0.0001
full,1,374250,374250,0.9873962,0.0001
full,1,374300,374300,0.987422,0.0001
full,1,374350,374350,0.9874952,0.0001
full,1,374400,374400,0.9876513,0.0001
full,1,374450,374450,0.9875088,0.0001
full,1,374500,374500,0.9869776,0.0001
full,1,374550,374550,0.987105,0.0001
full,1,374600,374600,0.9873887,0.0001
full,1,374650,374650,0.9873631,0.0001
full,1,374700,374700,0.987416,0.0001
full,1,374750,374750,0.9872057,0.0001
full,1,374800,374800,0.9874524,0.0001
full,1,374850,374850,0.9870269,0.0001
full,1,374900,374900,0.9874969,0.0001
full,1,374950,374950,0.9870307,0.0001
full,1,375000,375000,0.9874966,0.0001
full,1,375050,375050,0.987026,0.0001
full,1,375100,375100,0.9874942,0.0001
full,1,375150,375150,0.9873458,0.0001
full,1,375200,375200,0.9875192,0.0001
full,1,375250,375250,0.9876565,0.0001
full,1,375300,375300,0.9874828,0.0001
full,1,375350,375350,0.987285,0.0001
full,1,375400,375400,0.9873589,0.0001
full,1,375450,375450,0.9873078,0.0001
full,1,375500,375500,0.9871057,0.0001
full,1,375550,375550,0.9874422,0.0001
full,1,375600,375600,0.9874227,0.0001
full,1,375650,375650,0.9871336,0.0001
full,1,375700,375700,0.9871317,0.0001
full,1,375750,375750,0.9873873,0.0001
full,1,375800,375800,0.9873514,0.0001
full,1,375850,375850,0.9869855,0.0001
full,1,375900,375900,0.9875146,0.0001
full,1,375950,375950,0.9871289,0.0001
full,1,376000,376000,0.9875525,0.0001
full,1,376050,376050,0.9871811,0.0001
full,1,376100,376100,0.9873931,0.0001
full,1,376150,376150,0.9874094,0.0001
full,1,376200,376200,0.9872035,0.0001
full,1,376250,376250,0.9872152,0.0001
full,1,376300,376300,0.9872996,0.0001
full,1,376350,376350,0.9874732,0.0001
full,1,376400,376400,0.9872536,0.0001
full,1,376450,376450,0.9872811,0.0001
full,1,376500,376500,0.9868505,0.0001
full,1,376550,376550,0.9869362,0.0001
full,1,376600,376600,0.9873582,0.0001
full,1,376650,376650,0.9877445,0.0001
full,1,376700,376700,0.9873171,0.0001
full,1,376750,376750,0.9875333,0.0001
full,1,376800,376800,0.9868556,0.0001
full,1,376850,376850,0.9876897,0.0001
full,1,376900,376900,0.9873628,0.0001
full,1,376950,376950,0.987076,0.0001
full,1,377000,377000,0.9871693,0.0001
full,1,377050,377050,0.9870982,0.0001
full,1,377100,377100,0.9870497,0.0001
full,1,377150,377150,0.9872752,0.0001
full,1,377200,377200,0.9872061,0.0001
full,1,377250,377250,0.986914,0.0001
full,1,377300,377300,0.9873254,0.0001
full,1,377350,377350,0.98752,0.0001
full,1,377400,377400,0.9874097,0.0001
full,1,377450,377450,0.9875438,0.0001
full,1,377500,377500,0.9873947,0.0001
full,1,377550,377550,0.9873848,0.0001
full,1,377600,377600,0.9871579,0.0001
full,1,377650,377650,0.9873421,0.0001
full,1,377700,377700,0.9874501,0.0001
full,1,377750,377750,0.9874083,0.0001
full,1,377800,377800,0.9874931,0.0001
full,1,377850,377850,0.9869397,0.0001
full,1,377900,377900,0.9873053,0.0001
full,1,377950,377950,0.9876454,0.0001
full,1,378000,378000,0.9873996,0.0001
full,1,378050,378050,0.9875599,0.0001
full,1,378100,378100,0.9873246,0.0001
full,1,378150,378150,0.9876382,0.0001
full,1,378200,378200,0.987183,0.0001
full,1,378250,378250,0.9876623,0.0001
full,1,378300,378300,0.9871159,0.0001
full,1,378350,378350,0.9875571,0.0001
full,1,378400,378400,0.9870064,0.0001
full,1,378450,378450,0.9875919,0.0001
full,1,378500,378500,0.9875147,0.0001
full,1,378550,378550,0.987381,0.0001
full,1,378600,378600,0.98721,0.0001
full,1,378650,378650,0.9870225,0.0001
full,1,378700,378700,0.9874355,0.0001
full,1,378750,378750,0.9871721,0.0001
full,1,378800,378800,0.9874157,0.0001
full,1,378850,378850,0.9869276,0.0001
full,1,378900,378900,0.987243,0.0001
full,1,378950,378950,0.9873156,0.0001
full,1,379000,379000,0.9869997,0.0001
full,1,379050,379050,0.9872487,0.0001
full,1,379100,379100,0.9875686,0.0001
full,1,379150,379150,0.9868739,0.0001
full,1,379200,379200,0.9868907,0.0001
full,1,379250,379250,0.9871204,0.0001
full,1,379300,379300,0.9872348,0.0001
full,1,379350,379350,0.987196,0.0001
full,1,379400,379400,0.9870672,0.0001
full,1,379450,379450,0.9870269,0.0001
full,1,379500,379500,0.9872535,0.0001
full,1,379550,379550,0.9872555,0.0001
full,1,379600,379600,0.9872059,0.0001
full,1,379650,379650,0.9874841,0.0001
full,1,379700,379700,0.9874819,0.0001
full,1,379750,379750,0.9873408,0.0001
full,1,379800,379800,0.9874361,0.0001
full,1,379850,379850,0.9872308,0.0001
full,1,379900,379900,0.9877352,0.0001
full,1,379950,379950,0.9871726,0.0001
full,1,380000,380000,0.9871078,0.0001
full,1,380050,380050,0.9872655,0.0001
full,1,380100,380100,0.9871708,0.0001
full,1,380150,380150,0.9874771,0.0001
full,1,380200,380200,0.9872451,0.0001
full,1,380250,380250,0.9877073,0.0001
full,1,380300,380300,0.9873815,0.0001
full,1,380350,380350,0.9874876,0.0001
full,1,380400,380400,0.9873448,0.0001
full,1,380450,380450,0.98702,0.0001
full,1,380500,380500,0.987051,0.0001
full,1,380550,380550,0.98721,0.0001
full,1,380600,380600,0.9870203,0.0001
full,1,380650,380650,0.9867205,0.0001
full,1,380700,380700,0.9871393,0.0001
full,1,380750,380750,0.9873111,0.0001
full,1,380800,380800,0.9871322,0.0001
full,1,380850,380850,0.9869666,0.0001
full,1,380900,380900,0.9876503,0.0001
full,1,380950,380950,0.9871042,0.0001
full,1,381000,381000,0.9870449,0.0001
full,1,381050,381050,0.9871189,0.0001
full,1,381100,381100,0.987097,0.0001
full,1,381150,381150,0.9872468,0.0001
full,1,381200,381200,0.987456,0.0001
full,1,381250,381250,0.987066,0.0001
full,1,381300,381300,0.9874694,0.0001
full,1,381350,381350,0.9874439,0.0001
full,1,381400,381400,0.9872969,0.0001
full,1,381450,381450,0.9874941,0.0001
full,1,381500,381500,0.9873722,0.0001
full,1,381550,381550,0.9875178,0.0001
full,1,381600,381600,0.9873559,0.0001
full,1,381650,381650,0.9874342,0.0001
full,1,381700,381700,0.9875163,0.0001
full,1,381750,381750,0.9871585,0.0001
full,1,381800,381800,0.9870134,0.0001
full,1,381850,381850,0.9875446,0.0001
full,1,381900,381900,0.9873979,0.0001
full,1,381950,381950,0.9872259,0.0001
full,1,382000,382000,0.9874427,0.0001
full,1,382050,382050,0.9871999,0.0001
full,1,382100,382100,0.9880624,0.0001
full,1,382150,382150,0.9874138,0.0001
full,1,382200,382200,0.9872129,0.0001
full,1,382250,382250,0.9871339,0.0001
full,1,382300,382300,0.9872978,0.0001
full,1,382350,382350,0.9875727,0.0001
full,1,382400,382400,0.9872848,0.0001
full,1,382450,382450,0.9876606,0.0001
full,1,382500,382500,0.9873156,0.0001
full,1,382550,382550,0.9871617,0.0001
full,1,382600,382600,0.9874322,0.0001
full,1,382650,382650,0.9873658,0.0001
full,1,382700,382700,0.9874828,0.0001
full,1,382750,382750,0.9875425,0.0001
full,1,382800,382800,0.9871717,0.0001
full,1,382850,382850,0.9872426,0.0001
full,1,382900,382900,0.9874667,0.0001
full,1,382950,382950,0.9874511,0.0001
full,1,383000,383000,0.9872553,0.0001
full,1,383050,383050,0.987187,0.0001
full,1,383100,383100,0.9876462,0.0001
full,1,383150,383150,0.98723,0.0001
full,1,383200,383200,0.9873546,0.0001
full,1,383250,383250,0.9873105,0.0001
full,1,383300,383300,0.9871337,0.0001
full,1,383350,383350,0.9874024,0.0001
full,1,383400,383400,0.9872022,0.0001
full,1,383450,383450,0.9873996,0.0001
full,1,383500,383500,0.9873882,0.0001
full,1,383550,383550,0.9868242,0.0001
full,1,383600,383600,0.9876938,0.0001
full,1,383650,383650,0.9870985,0.0001
full,1,383700,383700,0.9872271,0.0001
full,1,383750,383750,0.9873633,0.0001
full,1,383800,383800,0.987406,0.0001
full,1,383850,383850,0.9876066,0.0001
full,1,383900,383900,0.9874905,0.0001
full,1,383950,383950,0.9875086,0.0001
full,1,384000,384000,0.9872558,0.0001
full,1,384050,384050,0.9874707,0.0001
full,1,384100,384100,0.9876028,0.0001
full,1,384150,384150,0.9871283,0.0001
full,1,384200,384200,0.9870623,0.0001
full,1,384250,384250,0.9872423,0.0001
full,1,384300,384300,0.9873979,0.0001
full,1,384350,384350,0.9871787,0.0001
full,1,384400,384400,0.9872042,0.0001
full,1,384450,384450,0.9873236,0.0001
full,1,384500,384500,0.9873717,0.0001
full,1,384550,384550,0.9874721,0.0001
full,1,384600,384600,0.987325,0.0001
full,1,384650,384650,0.9869452,0.0001
full,1,384700,384700,0.9873824,0.0001
full,1,384750,384750,0.9869784,0.0001
full,1,384800,384800,0.9873506,0.0001
full,1,384850,384850,0.9870661,0.0001
full,1,384900,384900,0.9874355,0.0001
full,1,384950,384950,0.9871454,0.0001
full,1,385000,385000,0.9871408,0.0001
full,1,385050,385050,0.9872434,0.0001
full,1,385100,385100,0.9877946,0.0001
full,1,385150,385150,0.9868917,0.0001
full,1,385200,385200,0.9869789,0.0001
full,1,385250,385250,0.9872472,0.0001
full,1,385300,385300,0.9871098,0.0001
full,1,385350,385350,0.9873165,0.0001
full,1,385400,385400,0.9872002,0.0001
full,1,385450,385450,0.9871756,0.0001
full,1,385500,385500,0.9870982,0.0001
full,1,385550,385550,0.9872085,0.0001
full,1,385600,385600,0.9873869,0.0001
full,1,385650,385650,0.9874904,0.0001
full,1,385700,385700,0.9875348,0.0001
full,1,385750,385750,0.9876605,0.0001
full,1,385800,385800,0.9871914,0.0001
full,1,385850,385850,0.9875507,0.0001
full,1,385900,385900,0.9873617,0.0001
full,1,385950,385950,0.9870579,0.0001
full,1,386000,386000,0.987211,0.0001
full,1,386050,386050,0.987086,0.0001
full,1,386100,386100,0.9875591,0.0001
full,1,386150,386150,0.9873697,0.0001
full,1,386200,386200,0.9870573,0.0001
full,1,386250,386250,0.9876685,0.0001
full,1,386300,386300,0.9875077,0.0001
full,1,386350,386350,0.9874341,0.0001
full,1,386400,386400,0.9871774,0.0001
full,1,386450,386450,0.987581,0.0001
full,1,386500,386500,0.9872906,0.0001
full,1,386550,386550,0.9873014,0.0001
full,1,386600,386600,0.9874856,0.0001
full,1,386650,386650,0.9873086,0.0001
full,1,386700,386700,0.9871674,0.0001
full,1,386750,386750,0.9871438,0.0001
full,1,386800,386800,0.9872618,0.0001
full,1,386850,386850,0.9871053,0.0001
full,1,386900,386900,0.9876539,0.0001
full,1,386950,386950,0.9871841,0.0001
full,1,387000,387000,0.987291,0.0001
full,1,387050,387050,0.9875789,0.0001
full,1,387100,387100,0.9869475,0.0001
full,1,387150,387150,0.9875695,0.0001
full,1,387200,387200,0.9872897,0.0001
full,1,387250,387250,0.9874157,0.0001
full,1,387300,387300,0.9874299,0.0001
full,1,387350,387350,0.9873737,0.0001
full,1,387400,387400,0.9871963,0.0001
full,1,387450,387450,0.9871933,0.0001
full,1,387500,387500,0.9870856,0.0001
full,1,387550,387550,0.9873066,0.0001
full,1,387600,387600,0.987132,0.0001
full,1,387650,387650,0.9873766,0.0001
full,1,387700,387700,0.9872979,0.0001
full,1,387750,387750,0.9875212,0.0001
full,1,387800,387800,0.987208,0.0001
full,1,387850,387850,0.9874323,0.0001
full,1,387900,387900,0.9874673,0.0001
full,1,387950,387950,0.9877574,0.0001
full,1,388000,388000,0.9873484,0.0001
full,1,388050,388050,0.9872831,0.0001
full,1,388100,388100,0.9873208,0.0001
full,1,388150,388150,0.9871857,0.0001
full,1,388200,388200,0.9875937,0.0001
full,1,388250,388250,0.9873214,0.0001
full,1,388300,388300,0.9871566,0.0001
full,1,388350,388350,0.9874331,0.0001
full,1,388400,388400,0.9872798,0.0001
full,1,388450,388450,0.987245,0.0001
full,1,388500,388500,0.9874037,0.0001
full,1,388550,388550,0.9871786,0.0001
full,1,388600,388600,0.9873686,0.0001
full,1,388650,388650,0.9868791,0.0001
full,1,388700,388700,0.9877704,0.0001
full,1,388750,388750,0.9875007,0.0001
full,1,388800,388800,0.9876204,0.0001
full,1,388850,388850,0.9874287,0.0001
full,1,388900,388900,0.9874614,0.0001
full,1,388950,388950,0.9877878,0.0001
full,1,389000,389000,0.9870816,0.0001
full,1,389050,389050,0.9870309,0.0001
full,1,389100,389100,0.9876139,0.0001
full,1,389150,389150,0.9870685,0.0001
full,1,389200,389200,0.9872863,0.0001
full,1,389250,389250,0.9872888,0.0001
full,1,389300,389300,0.9871072,0.0001
full,1,389350,389350,0.9868183,0.0001
full,1,389400,389400,0.9871714,0.0001
full,1,389450,389450,0.9867067,0.0001
full,1,389500,389500,0.987149,0.0001
full,1,389550,389550,0.9874465,0.0001
full,1,389600,389600,0.9871317,0.0001
full,1,389650,389650,0.987462,0.0001
full,1,389700,389700,0.9870803,0.0001
full,1,389750,389750,0.9876827,0.0001
full,1,389800,389800,0.9874378,0.0001
full,1,389850,389850,0.9871257,0.0001
full,1,389900,389900,0.987343,0.0001
full,1,389950,389950,0.9876087,0.0001
full,1,390000,390000,0.9870699,0.0001
full,1,390050,390050,0.9874651,0.0001
full,1,390100,390100,0.9875941,0.0001
full,1,390150,390150,0.9873236,0.0001
full,1,390200,390200,0.9870764,0.0001
full,1,390250,390250,0.986844,0.0001
full,1,390300,390300,0.9872919,0.0001
full,1,390350,390350,0.9876251,0.0001
full,1,390400,390400,0.9871432,0.0001
full,1,390450,390450,0.9874111,0.0001
full,1,390500,390500,0.9876108,0.0001
full,1,390550,390550,0.9868369,0.0001
full,1,390600,390600,0.9872653,0.0001
full,1,390650,390650,0.9873448,0.0001
full,1,390700,390700,0.9872655,0.0001
full,1,390750,390750,0.9871218,0.0001
full,1,390800,390800,0.9874119,0.0001
full,1,390850,390850,0.9876918,0.0001
full,1,390900,390900,0.9870118,0.0001
full,1,390950,390950,0.9872123,0.0001
full,1,391000,391000,0.9872148,0.0001
full,1,391050,391050,0.9874038,0.0001
full,1,391100,391100,0.987518,0.0001
full,1,391150,391150,0.9874883,0.0001
full,1,391200,391200,0.9870265,0.0001
full,1,391250,391250,0.9875152,0.0001
full,1,391300,391300,0.9869438,0.0001
full,1,391350,391350,0.987259,0.0001
full,1,391400,391400,0.9876087,0.0001
full,1,391450,391450,0.9871949,0.0001
full,1,391500,391500,0.9877208,0.0001
full,1,391550,391550,0.987395,0.0001
full,1,391600,391600,0.987507,0.0001
full,1,391650,391650,0.9869966,0.0001
full,1,391700,391700,0.9875506,0.0001
full,1,391750,391750,0.9872388,0.0001
full,1,391800,391800,0.9875475,0.0001
full,1,391850,391850,0.9872863,0.0001
full,1,391900,391900,0.9874458,0.0001
full,1,391950,391950,0.9874727,0.0001
full,1,392000,392000,0.987217,0.0001
full,1,392050,392050,0.9876425,0.0001
full,1,392100,392100,0.9874216,0.0001
full,1,392150,392150,0.9872426,0.0001
full,1,392200,392200,0.9872398,0.0001
full,1,392250,392250,0.9871539,0.0001
full,1,392300,392300,0.9876121,0.0001
full,1,392350,392350,0.9874073,0.0001
full,1,392400,392400,0.9874903,0.0001
full,1,392450,392450,0.9870741,0.0001
full,1,392500,392500,0.9871504,0.0001
full,1,392550,392550,0.987331,0.0001
full,1,392600,392600,0.9875186,0.0001
full,1,392650,392650,0.9874224,0.0001
full,1,392700,392700,0.9872276,0.0001
full,1,392750,392750,0.9876912,0.0001
full,1,392800,392800,0.9871503,0.0001
full,1,392850,392850,0.9870794,0.0001
full,1,392900,392900,0.98752,0.0001
full,1,392950,392950,0.9873925,0.0001
full,1,393000,393000,0.9873217,0.0001
full,1,393050,393050,0.987296,0.0001
full,1,393100,393100,0.9873716,0.0001
full,1,393150,393150,0.9866511,0.0001
full,1,393200,393200,0.986644,0.0001
full,1,393250,393250,0.9871205,0.0001
full,1,393300,393300,0.9872846,0.0001
full,1,393350,393350,0.9875094,0.0001
full,1,393400,393400,0.9874656,0.0001
full,1,393450,393450,0.9872568,0.0001
full,1,393500,393500,0.9874618,0.0001
full,1,393550,393550,0.987511,0.0001
full,1,393600,393600,0.987171,0.0001
full,1,393650,393650,0.9873765,0.0001
full,1,393700,393700,0.9870431,0.0001
full,1,393750,393750,0.9873713,0.0001
full,1,393800,393800,0.9871661,0.0001
full,1,393850,393850,0.9873734,0.0001
full,1,393900,393900,0.9872114,0.0001
full,1,393950,393950,0.9872285,0.0001
full,1,394000,394000,0.9876665,0.0001
full,1,394050,394050,0.9876285,0.0001
full,1,394100,394100,0.9870179,0.0001
full,1,394150,394150,0.9871927,0.0001
full,1,394200,394200,0.9871823,0.0001
full,1,394250,394250,0.9875863,0.0001
full,1,394300,394300,0.9872358,0.0001
full,1,394350,394350,0.9870994,0.0001
full,1,394400,394400,0.9872813,0.0001
full,1,394450,394450,0.9877432,0.0001
full,1,394500,394500,0.9876529,0.0001
full,1,394550,394550,0.9870656,0.0001
full,1,394600,394600,0.9873667,0.0001
full,1,394650,394650,0.9875057,0.0001
full,1,394700,394700,0.9871272,0.0001
full,1,394750,394750,0.9875633,0.0001
full,1,394800,394800,0.9874147,0.0001
full,1,394850,394850,0.9872753,0.0001
full,1,394900,394900,0.9867539,0.0001
full,1,394950,394950,0.9874364,0.0001
full,1,395000,395000,0.9871202,0.0001
full,1,395050,395050,0.9872058,0.0001
full,1,395100,395100,0.9872481,0.0001
full,1,395150,395150,0.9876781,0.0001
full,1,395200,395200,0.987684,0.0001
full,1,395250,395250,0.9874653,0.0001
full,1,395300,395300,0.9870961,0.0001
full,1,395350,395350,0.9875633,0.0001
full,1,395400,395400,0.9870098,0.0001
full,1,395450,395450,0.9876438,0.0001
full,1,395500,395500,0.9875528,0.0001
full,1,395550,395550,0.987007,0.0001
full,1,395600,395600,0.9873502,0.0001
full,1,395650,395650,0.9872475,0.0001
full,1,395700,395700,0.9871356,0.0001
full,1,395750,395750,0.9870897,0.0001
full,1,395800,395800,0.9876966,0.0001
full,1,395850,395850,0.9875705,0.0001
full,1,395900,395900,0.9870792,0.0001
full,1,395950,395950,0.9873129,0.0001
full,1,396000,396000,0.9872926,0.0001
full,1,396050,396050,0.9875778,0.0001
full,1,396100,396100,0.9867985,0.0001
full,1,396150,396150,0.9875429,0.0001
full,1,396200,396200,0.9875591,0.0001
full,1,396250,396250,0.9870456,0.0001
full,1,396300,396300,0.9873021,0.0001
full,1,396350,396350,0.9871342,0.0001
full,1,396400,396400,0.9873585,0.0001
full,1,396450,396450,0.9868707,0.0001
full,1,396500,396500,0.9876336,0.0001
full,1,396550,396550,0.9872353,0.0001
full,1,396600,396600,0.9878142,0.0001
full,1,396650,396650,0.9876258,0.0001
full,1,396700,396700,0.9872061,0.0001
full,1,396750,396750,0.9870206,0.0001
full,1,396800,396800,0.9871333,0.0001
full,1,396850,396850,0.987277,0.0001
full,1,396900,396900,0.987565,0.0001
full,1,396950,396950,0.987249,0.0001
full,1,397000,397000,0.9873855,0.0001
full,1,397050,397050,0.9869764,0.0001
full,1,397100,397100,0.9872265,0.0001
full,1,397150,397150,0.9874062,0.0001
full,1,397200,397200,0.9870323,0.0001
full,1,397250,397250,0.9872679,0.0001
full,1,397300,397300,0.9874074,0.0001
full,1,397350,397350,0.9874012,0.0001
full,1,397400,397400,0.987174,0.0001
full,1,397450,397450,0.9872227,0.0001
full,1,397500,397500,0.9871829,0.0001
full,1,397550,397550,0.9872764,0.0001
full,1,397600,397600,0.9874421,0.0001
full,1,397650,397650,0.9875274,0.0001
full,1,397700,397700,0.9872485,0.0001
full,1,397750,397750,0.986998,0.0001
full,1,397800,397800,0.9875048,0.0001
full,1,397850,397850,0.9874464,0.0001
full,1,397900,397900,0.9872592,0.0001
full,1,397950,397950,0.9876852,0.0001
full,1,398000,398000,0.9877476,0.0001
full,1,398050,398050,0.9870231,0.0001
full,1,398100,398100,0.9872386,0.0001
full,1,398150,398150,0.9873449,0.0001
full,1,398200,398200,0.9876907,0.0001
full,1,398250,398250,0.9873496,0.0001
full,1,398300,398300,0.9871615,0.0001
full,1,398350,398350,0.9875323,0.0001
full,1,398400,398400,0.9873484,0.0001
full,1,398450,398450,0.9872519,0.0001
full,1,398500,398500,0.9873706,0.0001
full,1,398550,398550,0.9874397,0.0001
full,1,398600,398600,0.9874086,0.0001
full,1,398650,398650,0.9875961,0.0001
full,1,398700,398700,0.9875882,0.0001
full,1,398750,398750,0.9875375,0.0001
full,1,398800,398800,0.9873906,0.0001
full,1,398850,398850,0.9873963,0.0001
full,1,398900,398900,0.9874704,0.0001
full,1,398950,398950,0.9874486,0.0001
full,1,399000,399000,0.9872085,0.0001
full,1,399050,399050,0.9874361,0.0001
full,1,399100,399100,0.9871098,0.0001
full,1,399150,399150,0.9871849,0.0001
full,1,399200,399200,0.9875285,0.0001
full,1,399250,399250,0.9871188,0.0001
full,1,399300,399300,0.987147,0.0001
full,1,399350,399350,0.9869398,0.0001
full,1,399400,399400,0.9874974,0.0001
full,1,399450,399450,0.987471,0.0001
full,1,399500,399500,0.9874815,0.0001
full,1,399550,399550,0.9874277,0.0001
full,1,399600,399600,0.9872372,0.0001
full,1,399650,399650,0.9871799,0.0001
full,1,399700,399700,0.9870449,0.0001
full,1,399750,399750,0.9874064,0.0001
full,1,399800,399800,0.9873602,0.0001
full,1,399850,399850,0.9869499,0.0001
full,1,399900,399900,0.9870647,0.0001
full,1,399950,399950,0.9870277,0.0001
full,2,400000,0,0.9938405,1e-07
full,2,400050,50,0.9931269,5.1e-06
full,2,400100,100,0.9913061,1.01e-05
full,2,400150,150,0.9896052,1.51e-05
full,2,400200,200,0.9883706,2.01e-05
full,2,400250,250,0.9875995,2.51e-05
full,2,400300,300,0.9872932,3.01e-05
full,2,400350,350,0.9873289,3.51e-05
full,2,400400,400,0.9870813,4.01e-05
full,2,400450,450,0.9875396,4.51e-05
full,2,400500,500,0.9869817,5e-05
full,2,400550,550,0.9872559,5.5e-05
full,2,400600,600,0.986895,6e-05
full,2,400650,650,0.9862791,6.5e-05
full,2,400700,700,0.9868879,7e-05
full,2,400750,750,0.9872594,7.5e-05
full,2,400800,800,0.9868252,8e-05
full,2,400850,850,0.9868044,8.5e-05
full,2,400900,900,0.9871075,9e-05
full,2,400950,950,0.9868822,9.5e-05
full,2,401000,1000,0.9866042,0.0001
full,2,401050,1050,0.9863866,0.0001
full,2,401100,1100,0.9862202,0.0001
full,2,401150,1150,0.9867433,0.0001
full,2,401200,1200,0.9864606,0.0001
full,2,401250,1250,0.9868691,0.0001
full,2,401300,1300,0.9869724,0.0001
full,2,401350,1350,0.9869214,0.0001
full,2,401400,1400,0.9866915,0.0001
full,2,401450,1450,0.9868731,0.0001
full,2,401500,1500,0.9869687,0.0001
full,2,401550,1550,0.9870647,0.0001
full,2,401600,1600,0.9868988,0.0001
full,2,401650,1650,0.9872944,0.0001
full,2,401700,1700,0.9866669,0.0001
full,2,401750,1750,0.9868599,0.0001
full,2,401800,1800,0.9866082,0.0001
full,2,401850,1850,0.9865457,0.0001
full,2,401900,1900,0.9866328,0.0001
full,2,401950,1950,0.9864992,0.0001
full,2,402000,2000,0.9868348,0.0001
full,2,402050,2050,0.9864936,0.0001
full,2,402100,2100,0.9865303,0.0001
full,2,402150,2150,0.9864617,0.0001
full,2,402200,2200,0.9868893,0.0001
full,2,402250,2250,0.9867269,0.0001
full,2,402300,2300,0.9869938,0.0001
full,2,402350,2350,0.986802,0.0001
full,2,402400,2400,0.9868315,0.0001
full,2,402450,2450,0.9866667,0.0001
full,2,402500,2500,0.9869946,0.0001
full,2,402550,2550,0.9866176,0.0001
full,2,402600,2600,0.9866905,0.0001
full,2,402650,2650,0.9867866,0.0001
full,2,402700,2700,0.9866557,0.0001
full,2,402750,2750,0.9867132,0.0001
full,2,402800,2800,0.9864699,0.0001
full,2,402850,2850,0.9871022,0.0001
full,2,402900,2900,0.9865524,0.0001
full,2,402950,2950,0.986555,0.0001
full,2,403000,3000,0.9867759,0.0001
full,2,403050,3050,0.9865963,0.0001
full,2,403100,3100,0.9862351,0.0001
full,2,403150,3150,0.9866652,0.0001
full,2,403200,3200,0.9868223,0.0001
full,2,403250,3250,0.9870879,0.0001
full,2,403300,3300,0.9870309,0.0001
full,2,403350,3350,0.986667,0.0001
full,2,403400,3400,0.986289,0.0001
full,2,403450,3450,0.9867239,0.0001
full,2,403500,3500,0.9868706,0.0001
full,2,403550,3550,0.9866549,0.0001
full,2,403600,3600,0.9868221,0.0001
full,2,403650,3650,0.9865956,0.0001
full,2,403700,3700,0.986809,0.0001
full,2,403750,3750,0.9867839,0.0001
full,2,403800,3800,0.9864913,0.0001
full,2,403850,3850,0.9868435,0.0001
full,2,403900,3900,0.9865236,0.0001
full,2,403950,3950,0.9870002,0.0001
full,2,404000,4000,0.9866074,0.0001
full,2,404050,4050,0.9868019,0.0001
full,2,404100,4100,0.986698,0.0001
full,2,404150,4150,0.9869647,0.0001
full,2,404200,4200,0.9866826,0.0001
full,2,404250,4250,0.9862187,0.0001
full,2,404300,4300,0.9865064,0.0001
full,2,404350,4350,0.9865492,0.0001
full,2,404400,4400,0.9865383,0.0001
full,2,404450,4450,0.9864046,0.0001
full,2,404500,4500,0.9864129,0.0001
full,2,404550,4550,0.986746,0.0001
full,2,404600,4600,0.9867862,0.0001
full,2,404650,4650,0.986604,0.0001
full,2,404700,4700,0.9870467,0.0001
full,2,404750,4750,0.9864342,0.0001
full,2,404800,4800,0.986697,0.0001
full,2,404850,4850,0.9864873,0.0001
full,2,404900,4900,0.986644,0.0001
full,2,404950,4950,0.9863857,0.0001
full,2,405000,5000,0.9862437,0.0001
full,2,405050,5050,0.9870834,0.0001
full,2,405100,5100,0.9863615,0.0001
full,2,405150,5150,0.9869201,0.0001
full,2,405200,5200,0.9867371,0.0001
full,2,405250,5250,0.9866192,0.0001
full,2,405300,5300,0.9868321,0.0001
full,2,405350,5350,0.9870337,0.0001
full,2,405400,5400,0.9863824,0.0001
full,2,405450,5450,0.9867075,0.0001
full,2,405500,5500,0.9867452,0.0001
full,2,405550,5550,0.9865562,0.0001
full,2,405600,5600,0.9864715,0.0001
full,2,405650,5650,0.9865548,0.0001
full,2,405700,5700,0.9867228,0.0001
full,2,405750,5750,0.9868092,0.0001
full,2,405800,5800,0.9869571,0.0001
full,2,405850,5850,0.9869941,0.0001
full,2,405900,5900,0.9868371,0.0001
full,2,405950,5950,0.9868265,0.0001
full,2,406000,6000,0.9868074,0.0001
full,2,406050,6050,0.9865301,0.0001
full,2,406100,6100,0.9868076,0.0001
full,2,406150,6150,0.9865488,0.0001
full,2,406200,6200,0.9865016,0.0001
full,2,406250,6250,0.9864521,0.0001
full,2,406300,6300,0.9866486,0.0001
full,2,406350,6350,0.9868083,0.0001
full,2,406400,6400,0.9864934,0.0001
full,2,406450,6450,0.9859961,0.0001
full,2,406500,6500,0.986672,0.0001
full,2,406550,6550,0.9871279,0.0001
full,2,406600,6600,0.9869376,0.0001
full,2,406650,6650,0.9871836,0.0001
full,2,406700,6700,0.9867615,0.0001
full,2,406750,6750,0.9868979,0.0001
full,2,406800,6800,0.9864958,0.0001
full,2,406850,6850,0.9865016,0.0001
full,2,406900,6900,0.9870397,0.0001
full,2,406950,6950,0.9863731,0.0001
full,2,407000,7000,0.9864396,0.0001
full,2,407050,7050,0.9866356,0.0001
full,2,407100,7100,0.986618,0.0001
full,2,407150,7150,0.987164,0.0001
full,2,407200,7200,0.9866887,0.0001
full,2,407250,7250,0.9865438,0.0001
full,2,407300,7300,0.9867921,0.0001
full,2,407350,7350,0.9865482,0.0001
full,2,407400,7400,0.9862018,0.0001
full,2,407450,7450,0.9864609,0.0001
full,2,407500,7500,0.9862802,0.0001
full,2,407550,7550,0.9866063,0.0001
full,2,407600,7600,0.9864671,0.0001
full,2,407650,7650,0.986647,0.0001
full,2,407700,7700,0.9867955,0.0001
full,2,407750,7750,0.9866153,0.0001
full,2,407800,7800,0.9868165,0.0001
full,2,407850,7850,0.986699,0.0001
full,2,407900,7900,0.9867487,0.0001
full,2,407950,7950,0.9865312,0.0001
full,2,408000,8000,0.9868203,0.0001
full,2,408050,8050,0.9869183,0.0001
full,2,408100,8100,0.9869429,0.0001
full,2,408150,8150,0.9864367,0.0001
full,2,408200,8200,0.9865721,0.0001
full,2,408250,8250,0.9869195,0.0001
full,2,408300,8300,0.9865249,0.0001
full,2,408350,8350,0.9868682,0.0001
full,2,408400,8400,0.9865189,0.0001
full,2,408450,8450,0.9869873,0.0001
full,2,408500,8500,0.9865676,0.0001
full,2,408550,8550,0.9868473,0.0001
full,2,408600,8600,0.9870437,0.0001
full,2,408650,8650,0.9866129,0.0001
full,2,408700,8700,0.9865146,0.0001
full,2,408750,8750,0.9870785,0.0001
full,2,408800,8800,0.9868056,0.0001
full,2,408850,8850,0.9867557,0.0001
full,2,408900,8900,0.9861495,0.0001
full,2,408950,8950,0.9870902,0.0001
full,2,409000,9000,0.9865045,0.0001
full,2,409050,9050,0.9862843,0.0001
full,2,409100,9100,0.9868549,0.0001
full,2,409150,9150,0.98677,0.0001
full,2,409200,9200,0.9866087,0.0001
full,2,409250,9250,0.9866859,0.0001
full,2,409300,9300,0.9862647,0.0001
full,2,409350,9350,0.9865816,0.0001
full,2,409400,9400,0.9863113,0.0001
full,2,409450,9450,0.98656,0.0001
full,2,409500,9500,0.9869285,0.0001
full,2,409550,9550,0.9868922,0.0001
full,2,409600,9600,0.9869683,0.0001
full,2,409650,9650,0.9865296,0.0001
full,2,409700,9700,0.986942,0.0001
full,2,409750,9750,0.9866742,0.0001
full,2,409800,9800,0.9862885,0.0001
full,2,409850,9850,0.9866189,0.0001
full,2,409900,9900,0.9866845,0.0001
full,2,409950,9950,0.9867322,0.0001
full,2,410000,10000,0.9867852,0.0001
full,2,410050,10050,0.9868165,0.0001
full,2,410100,10100,0.9864956,0.0001
full,2,410150,10150,0.9867855,0.0001
full,2,410200,10200,0.9868067,0.0001
full,2,410250,10250,0.9867573,0.0001
full,2,410300,10300,0.9864048,0.0001
full,2,410350,10350,0.9867301,0.0001
full,2,410400,10400,0.9865693,0.0001
full,2,410450,10450,0.9868132,0.0001
full,2,410500,10500,0.9871274,0.0001
full,2,410550,10550,0.9867254,0.0001
full,2,410600,10600,0.9865175,0.0001
full,2,410650,10650,0.9870189,0.0001
full,2,410700,10700,0.9864238,0.0001
full,2,410750,10750,0.9869078,0.0001
full,2,410800,10800,0.9866301,0.0001
full,2,410850,10850,0.986647,0.0001
full,2,410900,10900,0.9869266,0.0001
full,2,410950,10950,0.9860315,0.0001
full,2,411000,11000,0.9866903,0.0001
full,2,411050,11050,0.9866816,0.0001
full,2,411100,11100,0.9867539,0.0001
full,2,411150,11150,0.9869347,0.0001
full,2,411200,11200,0.9864619,0.0001
full,2,411250,11250,0.9867985,0.0001
full,2,411300,11300,0.9864792,0.0001
full,2,411350,11350,0.9864098,0.0001
full,2,411400,11400,0.9863334,0.0001
full,2,411450,11450,0.9863191,0.0001
full,2,411500,11500,0.9863966,0.0001
full,2,411550,11550,0.9865494,0.0001
full,2,411600,11600,0.9866268,0.0001
full,2,411650,11650,0.9865605,0.0001
full,2,411700,11700,0.9863942,0.0001
full,2,411750,11750,0.9867077,0.0001
full,2,411800,11800,0.9866068,0.0001
full,2,411850,11850,0.9865546,0.0001
full,2,411900,11900,0.9868512,0.0001
full,2,411950,11950,0.9867208,0.0001
full,2,412000,12000,0.9866968,0.0001
full,2,412050,12050,0.9868181,0.0001
full,2,412100,12100,0.9866539,0.0001
full,2,412150,12150,0.9864153,0.0001
full,2,412200,12200,0.9866922,0.0001
full,2,412250,12250,0.9867373,0.0001
full,2,412300,12300,0.9867274,0.0001
full,2,412350,12350,0.9866158,0.0001
full,2,412400,12400,0.9868026,0.0001
full,2,412450,12450,0.9866456,0.0001
full,2,412500,12500,0.986337,0.0001
full,2,412550,12550,0.9865497,0.0001
full,2,412600,12600,0.9864612,0.0001
full,2,412650,12650,0.9868249,0.0001
full,2,412700,12700,0.9865317,0.0001
full,2,412750,12750,0.9868025,0.0001
full,2,412800,12800,0.9865587,0.0001
full,2,412850,12850,0.9864345,0.0001
full,2,412900,12900,0.9867301,0.0001
full,2,412950,12950,0.9871339,0.0001
full,2,413000,13000,0.9864718,0.0001
full,2,413050,13050,0.9870035,0.0001
full,2,413100,13100,0.9864805,0.0001
full,2,413150,13150,0.9866003,0.0001
full,2,413200,13200,0.9865778,0.0001
full,2,413250,13250,0.9868777,0.0001
full,2,413300,13300,0.9868869,0.0001
full,2,413350,13350,0.9870313,0.0001
full,2,413400,13400,0.9862026,0.0001
full,2,413450,13450,0.9868228,0.0001
full,2,413500,13500,0.9868001,0.0001
full,2,413550,13550,0.9867155,0.0001
full,2,413600,13600,0.9872322,0.0001
full,2,413650,13650,0.9867072,0.0001
full,2,413700,13700,0.9866419,0.0001
full,2,413750,13750,0.986971,0.0001
full,2,413800,13800,0.9865746,0.0001
full,2,413850,13850,0.9869751,0.0001
full,2,413900,13900,0.9866149,0.0001
full,2,413950,13950,0.9865638,0.0001
full,2,414000,14000,0.9866633,0.0001
full,2,414050,14050,0.9867736,0.0001
full,2,414100,14100,0.9869263,0.0001
full,2,414150,14150,0.9864718,0.0001
full,2,414200,14200,0.9868098,0.0001
full,2,414250,14250,0.9864549,0.0001
full,2,414300,14300,0.9863876,0.0001
full,2,414350,14350,0.9868331,0.0001
full,2,414400,14400,0.9863985,0.0001
full,2,414450,14450,0.9864412,0.0001
full,2,414500,14500,0.9865225,0.0001
full,2,414550,14550,0.9867424,0.0001
full,2,414600,14600,0.9865295,0.0001
full,2,414650,14650,0.9867642,0.0001
full,2,414700,14700,0.9867451,0.0001
full,2,414750,14750,0.9868264,0.0001
full,2,414800,14800,0.986578,0.0001
full,2,414850,14850,0.9865106,0.0001
full,2,414900,14900,0.9869715,0.0001
full,2,414950,14950,0.9869573,0.0001
full,2,415000,15000,0.9861606,0.0001
full,2,415050,15050,0.986952,0.0001
full,2,415100,15100,0.9864075,0.0001
full,2,415150,15150,0.9864671,0.0001
full,2,415200,15200,0.9864859,0.0001
full,2,415250,15250,0.9861042,0.0001
full,2,415300,15300,0.9868042,0.0001
full,2,415350,15350,0.9866491,0.0001
full,2,415400,15400,0.9868988,0.0001
full,2,415450,15450,0.9867402,0.0001
full,2,415500,15500,0.986578,0.0001
full,2,415550,15550,0.9865779,0.0001
full,2,415600,15600,0.9867171,0.0001
full,2,415650,15650,0.9869936,0.0001
full,2,415700,15700,0.9868944,0.0001
full,2,415750,15750,0.9865268,0.0001
full,2,415800,15800,0.9866422,0.0001
full,2,415850,15850,0.9864981,0.0001
full,2,415900,15900,0.9864726,0.0001
full,2,415950,15950,0.9866435,0.0001
full,2,416000,16000,0.9866863,0.0001
full,2,416050,16050,0.9867126,0.0001
full,2,416100,16100,0.9865587,0.0001
full,2,416150,16150,0.986456,0.0001
full,2,416200,16200,0.9864072,0.0001
full,2,416250,16250,0.9866554,0.0001
full,2,416300,16300,0.9868258,0.0001
full,2,416350,16350,0.9868422,0.0001
full,2,416400,16400,0.9863306,0.0001
full,2,416450,16450,0.9870459,0.0001
full,2,416500,16500,0.9865203,0.0001
full,2,416550,16550,0.9867907,0.0001
full,2,416600,16600,0.9868312,0.0001
full,2,416650,16650,0.9867712,0.0001
full,2,416700,16700,0.9863583,0.0001
full,2,416750,16750,0.9866066,0.0001
full,2,416800,16800,0.986923,0.0001
full,2,416850,16850,0.9866543,0.0001
full,2,416900,16900,0.9866462,0.0001
full,2,416950,16950,0.9866844,0.0001
full,2,417000,17000,0.9866697,0.0001
full,2,417050,17050,0.9863203,0.0001
full,2,417100,17100,0.9869225,0.0001
full,2,417150,17150,0.9871631,0.0001
full,2,417200,17200,0.9868513,0.0001
full,2,417250,17250,0.9864465,0.0001
full,2,417300,17300,0.9866242,0.0001
full,2,417350,17350,0.9864135,0.0001
full,2,417400,17400,0.9867873,0.0001
full,2,417450,17450,0.9864766,0.0001
full,2,417500,17500,0.986662,0.0001
full,2,417550,17550,0.9864759,0.0001
full,2,417600,17600,0.9864535,0.0001
full,2,417650,17650,0.9869105,0.0001
full,2,417700,17700,0.9867883,0.0001
full,2,417750,17750,0.986985,0.0001
full,2,417800,17800,0.9865448,0.0001
full,2,417850,17850,0.986755,0.0001
full,2,417900,17900,0.9865453,0.0001
full,2,417950,17950,0.9866503,0.0001
full,2,418000,18000,0.9862583,0.0001
full,2,418050,18050,0.9869997,0.0001
full,2,418100,18100,0.9869443,0.0001
full,2,418150,18150,0.9866091,0.0001
full,2,418200,18200,0.9865581,0.0001
full,2,418250,18250,0.9867848,0.0001
full,2,418300,18300,0.9867617,0.0001
full,2,418350,18350,0.9863492,0.0001
full,2,418400,18400,0.9866697,0.0001
full,2,418450,18450,0.9865729,0.0001
full,2,418500,18500,0.9863457,0.0001
full,2,418550,18550,0.9867228,0.0001
full,2,418600,18600,0.9863377,0.0001
full,2,418650,18650,0.9866806,0.0001
full,2,418700,18700,0.9868872,0.0001
full,2,418750,18750,0.9863709,0.0001
full,2,418800,18800,0.9864799,0.0001
full,2,418850,18850,0.9866306,0.0001
full,2,418900,18900,0.9862674,0.0001
full,2,418950,18950,0.9870772,0.0001
full,2,419000,19000,0.9869187,0.0001
full,2,419050,19050,0.9866503,0.0001
full,2,419100,19100,0.9866522,0.0001
full,2,419150,19150,0.986528,0.0001
full,2,419200,19200,0.9866274,0.0001
full,2,419250,19250,0.9863904,0.0001
full,2,419300,19300,0.986824,0.0001
full,2,419350,19350,0.9865137,0.0001
full,2,419400,19400,0.9870039,0.0001
full,2,419450,19450,0.9865895,0.0001
full,2,419500,19500,0.9867195,0.0001
full,2,419550,19550,0.9868897,0.0001
full,2,419600,19600,0.9870619,0.0001
full,2,419650,19650,0.9867609,0.0001
full,2,419700,19700,0.9866408,0.0001
full,2,419750,19750,0.9868487,0.0001
full,2,419800,19800,0.9872662,0.0001
full,2,419850,19850,0.9867487,0.0001
full,2,419900,19900,0.9862922,0.0001
full,2,419950,19950,0.9865835,0.0001
full,2,420000,20000,0.9865626,0.0001
full,2,420050,20050,0.9865729,0.0001
full,2,420100,20100,0.986353,0.0001
full,2,420150,20150,0.9861999,0.0001
full,2,420200,20200,0.9866483,0.0001
full,2,420250,20250,0.9868053,0.0001
full,2,420300,20300,0.9872182,0.0001
full,2,420350,20350,0.986671,0.0001
full,2,420400,20400,0.9864821,0.0001
full,2,420450,20450,0.9866843,0.0001
full,2,420500,20500,0.9870265,0.0001
full,2,420550,20550,0.9867366,0.0001
full,2,420600,20600,0.986819,0.0001
full,2,420650,20650,0.9866682,0.0001
full,2,420700,20700,0.9865456,0.0001
full,2,420750,20750,0.9867288,0.0001
full,2,420800,20800,0.9869334,0.0001
full,2,420850,20850,0.9867844,0.0001
full,2,420900,20900,0.9868959,0.0001
full,2,420950,20950,0.9867552,0.0001
full,2,421000,21000,0.9871144,0.0001
full,2,421050,21050,0.9866118,0.0001
full,2,421100,21100,0.9870086,0.0001
full,2,421150,21150,0.9865835,0.0001
full,2,421200,21200,0.9866623,0.0001
full,2,421250,21250,0.9859762,0.0001
full,2,421300,21300,0.9867333,0.0001
full,2,421350,21350,0.9870135,0.0001
full,2,421400,21400,0.9867402,0.0001
full,2,421450,21450,0.9867074,0.0001
full,2,421500,21500,0.9862728,0.0001
full,2,421550,21550,0.9863391,0.0001
full,2,421600,21600,0.9867146,0.0001
full,2,421650,21650,0.986978,0.0001
full,2,421700,21700,0.986607,0.0001
full,2,421750,21750,0.9866291,0.0001
full,2,421800,21800,0.9865339,0.0001
full,2,421850,21850,0.986416,0.0001
full,2,421900,21900,0.9867579,0.0001
full,2,421950,21950,0.9866779,0.0001
full,2,422000,22000,0.9869615,0.0001
full,2,422050,22050,0.9863576,0.0001
full,2,422100,22100,0.9862687,0.0001
full,2,422150,22150,0.9862739,0.0001
full,2,422200,22200,0.9868335,0.0001
full,2,422250,22250,0.9871309,0.0001
full,2,422300,22300,0.9865236,0.0001
full,2,422350,22350,0.9866756,0.0001
full,2,422400,22400,0.9868218,0.0001
full,2,422450,22450,0.9868874,0.0001
full,2,422500,22500,0.9865313,0.0001
full,2,422550,22550,0.9866306,0.0001
full,2,422600,22600,0.9869369,0.0001
full,2,422650,22650,0.9865968,0.0001
full,2,422700,22700,0.9867727,0.0001
full,2,422750,22750,0.9859363,0.0001
full,2,422800,22800,0.9866206,0.0001
full,2,422850,22850,0.9862877,0.0001
full,2,422900,22900,0.9865288,0.0001
full,2,422950,22950,0.9870058,0.0001
full,2,423000,23000,0.9868023,0.0001
full,2,423050,23050,0.9867072,0.0001
full,2,423100,23100,0.9866335,0.0001
full,2,423150,23150,0.9865851,0.0001
full,2,423200,23200,0.9869398,0.0001
full,2,423250,23250,0.9867318,0.0001
full,2,423300,23300,0.9868125,0.0001
full,2,423350,23350,0.9867601,0.0001
full,2,423400,23400,0.9865962,0.0001
full,2,423450,23450,0.98656,0.0001
full,2,423500,23500,0.9865468,0.0001
full,2,423550,23550,0.9868371,0.0001
full,2,423600,23600,0.9867533,0.0001
full,2,423650,23650,0.9869233,0.0001
full,2,423700,23700,0.98641,0.0001
full,2,423750,23750,0.9867831,0.0001
full,2,423800,23800,0.9869757,0.0001
full,2,423850,23850,0.9862678,0.0001
full,2,423900,23900,0.9869606,0.0001
full,2,423950,23950,0.9864728,0.0001
full,2,424000,24000,0.9862609,0.0001
full,2,424050,24050,0.9862252,0.0001
full,2,424100,24100,0.9869649,0.0001
full,2,424150,24150,0.9866581,0.0001
full,2,424200,24200,0.9866754,0.0001
full,2,424250,24250,0.9867043,0.0001
full,2,424300,24300,0.9866285,0.0001
full,2,424350,24350,0.986787,0.0001
full,2,424400,24400,0.9869692,0.0001
full,2,424450,24450,0.9862844,0.0001
full,2,424500,24500,0.9864274,0.0001
full,2,424550,24550,0.9865138,0.0001
full,2,424600,24600,0.98669,0.0001
full,2,424650,24650,0.9866257,0.0001
full,2,424700,24700,0.9864847,0.0001
full,2,424750,24750,0.9867489,0.0001
full,2,424800,24800,0.9863641,0.0001
full,2,424850,24850,0.9862421,0.0001
full,2,424900,24900,0.9867122,0.0001
full,2,424950,24950,0.9868086,0.0001
full,2,425000,25000,0.9867011,0.0001
full,2,425050,25050,0.9865271,0.0001
full,2,425100,25100,0.9866649,0.0001
full,2,425150,25150,0.9865445,0.0001
full,2,425200,25200,0.9867769,0.0001
full,2,425250,25250,0.9865932,0.0001
full,2,425300,25300,0.9866939,0.0001
full,2,425350,25350,0.9865882,0.0001
full,2,425400,25400,0.9868446,0.0001
full,2,425450,25450,0.9864152,0.0001
full,2,425500,25500,0.9864289,0.0001
full,2,425550,25550,0.9866416,0.0001
full,2,425600,25600,0.9864009,0.0001
full,2,425650,25650,0.9866172,0.0001
full,2,425700,25700,0.9867912,0.0001
full,2,425750,25750,0.9867039,0.0001
full,2,425800,25800,0.9864575,0.0001
full,2,425850,25850,0.9865711,0.0001
full,2,425900,25900,0.9864013,0.0001
full,2,425950,25950,0.9863051,0.0001
full,2,426000,26000,0.9864767,0.0001
full,2,426050,26050,0.9868095,0.0001
full,2,426100,26100,0.9867837,0.0001
full,2,426150,26150,0.9866306,0.0001
full,2,426200,26200,0.9867336,0.0001
full,2,426250,26250,0.986968,0.0001
full,2,426300,26300,0.9864107,0.0001
full,2,426350,26350,0.9867495,0.0001
full,2,426400,26400,0.9861707,0.0001
full,2,426450,26450,0.9865794,0.0001
full,2,426500,26500,0.9866756,0.0001
full,2,426550,26550,0.9864908,0.0001
full,2,426600,26600,0.9868222,0.0001
full,2,426650,26650,0.9867123,0.0001
full,2,426700,26700,0.9866696,0.0001
full,2,426750,26750,0.9866525,0.0001
full,2,426800,26800,0.9863704,0.0001
full,2,426850,26850,0.9867459,0.0001
full,2,426900,26900,0.9866405,0.0001
full,2,426950,26950,0.9868609,0.0001
full,2,427000,27000,0.9866291,0.0001
full,2,427050,27050,0.987148,0.0001
full,2,427100,27100,0.9862108,0.0001
full,2,427150,27150,0.9866028,0.0001
full,2,427200,27200,0.9865808,0.0001
full,2,427250,27250,0.9865147,0.0001
full,2,427300,27300,0.9865002,0.0001
full,2,427350,27350,0.9861853,0.0001
full,2,427400,27400,0.9866411,0.0001
full,2,427450,27450,0.986665,0.0001
full,2,427500,27500,0.9864925,0.0001
full,2,427550,27550,0.9865606,0.0001
full,2,427600,27600,0.9870598,0.0001
full,2,427650,27650,0.9863727,0.0001
full,2,427700,27700,0.9868709,0.0001
full,2,427750,27750,0.9867153,0.0001
full,2,427800,27800,0.9866444,0.0001
full,2,427850,27850,0.9865841,0.0001
full,2,427900,27900,0.986272,0.0001
full,2,427950,27950,0.9866168,0.0001
full,2,428000,28000,0.9866089,0.0001
full,2,428050,28050,0.9863613,0.0001
full,2,428100,28100,0.9866782,0.0001
full,2,428150,28150,0.9866945,0.0001
full,2,428200,28200,0.9863546,0.0001
full,2,428250,28250,0.9863749,0.0001
full,2,428300,28300,0.986429,0.0001
full,2,428350,28350,0.9863086,0.0001
full,2,428400,28400,0.9867369,0.0001
full,2,428450,28450,0.9867597,0.0001
full,2,428500,28500,0.9868135,0.0001
full,2,428550,28550,0.986372,0.0001
full,2,428600,28600,0.9865501,0.0001
full,2,428650,28650,0.9867936,0.0001
full,2,428700,28700,0.9866935,0.0001
full,2,428750,28750,0.9865497,0.0001
full,2,428800,28800,0.9867015,0.0001
full,2,428850,28850,0.9867983,0.0001
full,2,428900,28900,0.9868412,0.0001
full,2,428950,28950,0.9868097,0.0001
full,2,429000,29000,0.9862294,0.0001
full,2,429050,29050,0.9869056,0.0001
full,2,429100,29100,0.9866393,0.0001
full,2,429150,29150,0.9863958,0.0001
full,2,429200,29200,0.987029,0.0001
full,2,429250,29250,0.9867081,0.0001
full,2,429300,29300,0.9865835,0.0001
full,2,429350,29350,0.9866302,0.0001
full,2,429400,29400,0.9861054,0.0001
full,2,429450,29450,0.9864339,0.0001
full,2,429500,29500,0.9866925,0.0001
full,2,429550,29550,0.9871449,0.0001
full,2,429600,29600,0.9869353,0.0001
full,2,429650,29650,0.9863802,0.0001
full,2,429700,29700,0.9868481,0.0001
full,2,429750,29750,0.9867955,0.0001
full,2,429800,29800,0.9863949,0.0001
full,2,429850,29850,0.9870698,0.0001
full,2,429900,29900,0.9867516,0.0001
full,2,429950,29950,0.9867423,0.0001
full,2,430000,30000,0.9864075,0.0001
full,2,430050,30050,0.9867107,0.0001
full,2,430100,30100,0.9867137,0.0001
full,2,430150,30150,0.986571,0.0001
full,2,430200,30200,0.9867077,0.0001
full,2,430250,30250,0.9866876,0.0001
full,2,430300,30300,0.9871287,0.0001
full,2,430350,30350,0.986801,0.0001
full,2,430400,30400,0.9860026,0.0001
full,2,430450,30450,0.9863361,0.0001
full,2,430500,30500,0.9870446,0.0001
full,2,430550,30550,0.9864029,0.0001
full,2,430600,30600,0.9868441,0.0001
full,2,430650,30650,0.9867628,0.0001
full,2,430700,30700,0.9869912,0.0001
full,2,430750,30750,0.9866402,0.0001
full,2,430800,30800,0.9868801,0.0001
full,2,430850,30850,0.9868359,0.0001
full,2,430900,30900,0.9871314,0.0001
full,2,430950,30950,0.9868599,0.0001
full,2,431000,31000,0.9865752,0.0001
full,2,431050,31050,0.9867751,0.0001
full,2,431100,31100,0.9865456,0.0001
full,2,431150,31150,0.9867288,0.0001
full,2,431200,31200,0.9867157,0.0001
full,2,431250,31250,0.986316,0.0001
full,2,431300,31300,0.9867852,0.0001
full,2,431350,31350,0.9868328,0.0001
full,2,431400,31400,0.9863985,0.0001
full,2,431450,31450,0.9865378,0.0001
full,2,431500,31500,0.9869435,0.0001
full,2,431550,31550,0.9865786,0.0001
full,2,431600,31600,0.9865096,0.0001
full,2,431650,31650,0.9866943,0.0001
full,2,431700,31700,0.9863788,0.0001
full,2,431750,31750,0.986677,0.0001
full,2,431800,31800,0.9866116,0.0001
full,2,431850,31850,0.9866626,0.0001
full,2,431900,31900,0.9868293,0.0001
full,2,431950,31950,0.9867612,0.0001
full,2,432000,32000,0.9865567,0.0001
full,2,432050,32050,0.9867857,0.0001
full,2,432100,32100,0.9867511,0.0001
full,2,432150,32150,0.9866179,0.0001
full,2,432200,32200,0.9864476,0.0001
full,2,432250,32250,0.9865955,0.0001
full,2,432300,32300,0.9864508,0.0001
full,2,432350,32350,0.9867405,0.0001
full,2,432400,32400,0.9864526,0.0001
full,2,432450,32450,0.9866135,0.0001
full,2,432500,32500,0.9863503,0.0001
full,2,432550,32550,0.9865409,0.0001
full,2,432600,32600,0.9867244,0.0001
full,2,432650,32650,0.9866855,0.0001
full,2,432700,32700,0.9864947,0.0001
full,2,432750,32750,0.9865605,0.0001
full,2,432800,32800,0.9863519,0.0001
full,2,432850,32850,0.9865631,0.0001
full,2,432900,32900,0.9868416,0.0001
full,2,432950,32950,0.9870645,0.0001
full,2,433000,33000,0.9864306,0.0001
full,2,433050,33050,0.9868181,0.0001
full,2,433100,33100,0.9868483,0.0001
full,2,433150,33150,0.9867107,0.0001
full,2,433200,33200,0.9867607,0.0001
full,2,433250,33250,0.9868808,0.0001
full,2,433300,33300,0.9868051,0.0001
full,2,433350,33350,0.9865726,0.0001
full,2,433400,33400,0.9864652,0.0001
full,2,433450,33450,0.9863542,0.0001
full,2,433500,33500,0.9864373,0.0001
full,2,433550,33550,0.9867198,0.0001
full,2,433600,33600,0.9866374,0.0001
full,2,433650,33650,0.9867363,0.0001
full,2,433700,33700,0.986542,0.0001
full,2,433750,33750,0.9868078,0.0001
full,2,433800,33800,0.9863147,0.0001
full,2,433850,33850,0.9866406,0.0001
full,2,433900,33900,0.9867584,0.0001
full,2,433950,33950,0.986231,0.0001
full,2,434000,34000,0.9862179,0.0001
full,2,434050,34050,0.9866197,0.0001
full,2,434100,34100,0.9868581,0.0001
full,2,434150,34150,0.9868015,0.0001
full,2,434200,34200,0.9866701,0.0001
full,2,434250,34250,0.9867874,0.0001
full,2,434300,34300,0.9868674,0.0001
full,2,434350,34350,0.986725,0.0001
full,2,434400,34400,0.9866066,0.0001
full,2,434450,34450,0.9868303,0.0001
full,2,434500,34500,0.9867072,0.0001
full,2,434550,34550,0.9869269,0.0001
full,2,434600,34600,0.9866314,0.0001
full,2,434650,34650,0.9864911,0.0001
full,2,434700,34700,0.9863923,0.0001
full,2,434750,34750,0.9865729,0.0001
full,2,434800,34800,0.9864854,0.0001
full,2,434850,34850,0.9866824,0.0001
full,2,434900,34900,0.9864725,0.0001
full,2,434950,34950,0.9870149,0.0001
full,2,435000,35000,0.9866811,0.0001
full,2,435050,35050,0.9864039,0.0001
full,2,435100,35100,0.9866443,0.0001
full,2,435150,35150,0.9869267,0.0001
full,2,435200,35200,0.9864164,0.0001
full,2,435250,35250,0.9866059,0.0001
full,2,435300,35300,0.9868028,0.0001
full,2,435350,35350,0.9864097,0.0001
full,2,435400,35400,0.9865841,0.0001
full,2,435450,35450,0.9862028,0.0001
full,2,435500,35500,0.9867432,0.0001
full,2,435550,35550,0.986468,0.0001
full,2,435600,35600,0.9868435,0.0001
full,2,435650,35650,0.9867503,0.0001
full,2,435700,35700,0.9862111,0.0001
full,2,435750,35750,0.9865167,0.0001
full,2,435800,35800,0.9865018,0.0001
full,2,435850,35850,0.9869285,0.0001
full,2,435900,35900,0.9867818,0.0001
full,2,435950,35950,0.9864023,0.0001
full,2,436000,36000,0.9866585,0.0001
full,2,436050,36050,0.9868148,0.0001
full,2,436100,36100,0.9865028,0.0001
full,2,436150,36150,0.9864939,0.0001
full,2,436200,36200,0.9865496,0.0001
full,2,436250,36250,0.9868799,0.0001
full,2,436300,36300,0.9866449,0.0001
full,2,436350,36350,0.9864167,0.0001
full,2,436400,36400,0.9870274,0.0001
full,2,436450,36450,0.9863536,0.0001
full,2,436500,36500,0.98654,0.0001
full,2,436550,36550,0.9864729,0.0001
full,2,436600,36600,0.986509,0.0001
full,2,436650,36650,0.9867698,0.0001
full,2,436700,36700,0.9865819,0.0001
full,2,436750,36750,0.9867499,0.0001
full,2,436800,36800,0.9861537,0.0001
full,2,436850,36850,0.9862725,0.0001
full,2,436900,36900,0.9863148,0.0001
full,2,436950,36950,0.9867244,0.0001
full,2,437000,37000,0.9859377,0.0001
full,2,437050,37050,0.9866524,0.0001
full,2,437100,37100,0.9863807,0.0001
full,2,437150,37150,0.9864887,0.0001
full,2,437200,37200,0.9869276,0.0001
full,2,437250,37250,0.9869097,0.0001
full,2,437300,37300,0.986655,0.0001
full,2,437350,37350,0.9863383,0.0001
full,2,437400,37400,0.9867879,0.0001
full,2,437450,37450,0.9868952,0.0001
full,2,437500,37500,0.9868754,0.0001
full,2,437550,37550,0.9864511,0.0001
full,2,437600,37600,0.986714,0.0001
full,2,437650,37650,0.9866099,0.0001
full,2,437700,37700,0.9866671,0.0001
full,2,437750,37750,0.9865884,0.0001
full,2,437800,37800,0.9870509,0.0001
full,2,437850,37850,0.9865777,0.0001
full,2,437900,37900,0.9866887,0.0001
full,2,437950,37950,0.9863826,0.0001
full,2,438000,38000,0.9863372,0.0001
full,2,438050,38050,0.9863953,0.0001
full,2,438100,38100,0.9867438,0.0001
full,2,438150,38150,0.9868388,0.0001
full,2,438200,38200,0.9866302,0.0001
full,2,438250,38250,0.9869756,0.0001
full,2,438300,38300,0.9870073,0.0001
full,2,438350,38350,0.9865691,0.0001
full,2,438400,38400,0.9867053,0.0001
full,2,438450,38450,0.9866555,0.0001
full,2,438500,38500,0.9869325,0.0001
full,2,438550,38550,0.9866255,0.0001
full,2,438600,38600,0.9864528,0.0001
full,2,438650,38650,0.986685,0.0001
full,2,438700,38700,0.9866977,0.0001
full,2,438750,38750,0.9871475,0.0001
full,2,438800,38800,0.9867148,0.0001
full,2,438850,38850,0.9866015,0.0001
full,2,438900,38900,0.9867225,0.0001
full,2,438950,38950,0.9863587,0.0001
full,2,439000,39000,0.9864194,0.0001
full,2,439050,39050,0.9862928,0.0001
full,2,439100,39100,0.9865236,0.0001
full,2,439150,39150,0.9865384,0.0001
full,2,439200,39200,0.9865888,0.0001
full,2,439250,39250,0.9868838,0.0001
full,2,439300,39300,0.9867802,0.0001
full,2,439350,39350,0.9866886,0.0001
full,2,439400,39400,0.9864303,0.0001
full,2,439450,39450,0.9863083,0.0001
full,2,439500,39500,0.9865777,0.0001
full,2,439550,39550,0.9867551,0.0001
full,2,439600,39600,0.9865463,0.0001
full,2,439650,39650,0.9866217,0.0001
full,2,439700,39700,0.9863889,0.0001
full,2,439750,39750,0.9866241,0.0001
full,2,439800,39800,0.9867138,0.0001
full,2,439850,39850,0.9870004,0.0001
full,2,439900,39900,0.9867244,0.0001
full,2,439950,39950,0.9868153,0.0001
full,2,440000,40000,0.9866673,0.0001
full,2,440050,40050,0.986399,0.0001
full,2,440100,40100,0.9864529,0.0001
full,2,440150,40150,0.9865311,0.0001
full,2,440200,40200,0.9865435,0.0001
full,2,440250,40250,0.9866853,0.0001
full,2,440300,40300,0.9870593,0.0001
full,2,440350,40350,0.9868911,0.0001
full,2,440400,40400,0.9866354,0.0001
full,2,440450,40450,0.9869071,0.0001
full,2,440500,40500,0.9870939,0.0001
full,2,440550,40550,0.9863937,0.0001
full,2,440600,40600,0.9867101,0.0001
full,2,440650,40650,0.9864603,0.0001
full,2,440700,40700,0.9866834,0.0001
full,2,440750,40750,0.9859788,0.0001
full,2,440800,40800,0.9868547,0.0001
full,2,440850,40850,0.986421,0.0001
full,2,440900,40900,0.9865362,0.0001
full,2,440950,40950,0.9864097,0.0001
full,2,441000,41000,0.9866552,0.0001
full,2,441050,41050,0.9867118,0.0001
full,2,441100,41100,0.9864543,0.0001
full,2,441150,41150,0.9867563,0.0001
full,2,441200,41200,0.9867766,0.0001
full,2,441250,41250,0.9870811,0.0001
full,2,441300,41300,0.9866669,0.0001
full,2,441350,41350,0.9871091,0.0001
full,2,441400,41400,0.9867153,0.0001
full,2,441450,41450,0.9864674,0.0001
full,2,441500,41500,0.9866922,0.0001
full,2,441550,41550,0.9866672,0.0001
full,2,441600,41600,0.9868135,0.0001
full,2,441650,41650,0.9868244,0.0001
full,2,441700,41700,0.9871165,0.0001
full,2,441750,41750,0.9868738,0.0001
full,2,441800,41800,0.9867439,0.0001
full,2,441850,41850,0.986904,0.0001
full,2,441900,41900,0.9868013,0.0001
full,2,441950,41950,0.9867864,0.0001
full,2,442000,42000,0.9867681,0.0001
full,2,442050,42050,0.9864762,0.0001
full,2,442100,42100,0.9869933,0.0001
full,2,442150,42150,0.9861682,0.0001
full,2,442200,42200,0.9866794,0.0001
full,2,442250,42250,0.9864845,0.0001
full,2,442300,42300,0.98661,0.0001
full,2,442350,42350,0.9866101,0.0001
full,2,442400,42400,0.9866676,0.0001
full,2,442450,42450,0.9869072,0.0001
full,2,442500,42500,0.9859481,0.0001
full,2,442550,42550,0.9862413,0.0001
full,2,442600,42600,0.9867142,0.0001
full,2,442650,42650,0.9862688,0.0001
full,2,442700,42700,0.9863259,0.0001
full,2,442750,42750,0.9864854,0.0001
full,2,442800,42800,0.9866821,0.0001
full,2,442850,42850,0.9857479,0.0001
full,2,442900,42900,0.9866399,0.0001
full,2,442950,42950,0.9866179,0.0001
full,2,443000,43000,0.9864796,0.0001
full,2,443050,43050,0.9867334,0.0001
full,2,443100,43100,0.9864864,0.0001
full,2,443150,43150,0.98668,0.0001
full,2,443200,43200,0.9865692,0.0001
full,2,443250,43250,0.9864416,0.0001
full,2,443300,43300,0.9864997,0.0001
full,2,443350,43350,0.986605,0.0001
full,2,443400,43400,0.9866986,0.0001
full,2,443450,43450,0.9867867,0.0001
full,2,443500,43500,0.9866612,0.0001
full,2,443550,43550,0.9868328,0.0001
full,2,443600,43600,0.9871354,0.0001
full,2,443650,43650,0.9865168,0.0001
full,2,443700,43700,0.9868602,0.0001
full,2,443750,43750,0.9867902,0.0001
full,2,443800,43800,0.9865152,0.0001
full,2,443850,43850,0.9869135,0.0001
full,2,443900,43900,0.9868288,0.0001
full,2,443950,43950,0.9868296,0.0001
full,2,444000,44000,0.9867091,0.0001
full,2,444050,44050,0.9865243,0.0001
full,2,444100,44100,0.9868228,0.0001
full,2,444150,44150,0.9863076,0.0001
full,2,444200,44200,0.9864976,0.0001
full,2,444250,44250,0.986296,0.0001
full,2,444300,44300,0.9868661,0.0001
full,2,444350,44350,0.9862733,0.0001
full,2,444400,44400,0.9866986,0.0001
full,2,444450,44450,0.9866592,0.0001
full,2,444500,44500,0.9864973,0.0001
full,2,444550,44550,0.9866817,0.0001
full,2,444600,44600,0.9860786,0.0001
full,2,444650,44650,0.9865658,0.0001
full,2,444700,44700,0.9868377,0.0001
full,2,444750,44750,0.986384,0.0001
full,2,444800,44800,0.9865448,0.0001
full,2,444850,44850,0.9870077,0.0001
full,2,444900,44900,0.9870564,0.0001
full,2,444950,44950,0.9867731,0.0001
full,2,445000,45000,0.9868982,0.0001
full,2,445050,45050,0.986608,0.0001
full,2,445100,45100,0.9866977,0.0001
full,2,445150,45150,0.9863164,0.0001
full,2,445200,45200,0.9861568,0.0001
full,2,445250,45250,0.9866487,0.0001
full,2,445300,45300,0.9865976,0.0001
full,2,445350,45350,0.9866528,0.0001
full,2,445400,45400,0.9863712,0.0001
full,2,445450,45450,0.9868661,0.0001
full,2,445500,45500,0.9865995,0.0001
full,2,445550,45550,0.9865083,0.0001
full,2,445600,45600,0.9866449,0.0001
full,2,445650,45650,0.9866562,0.0001
full,2,445700,45700,0.9865829,0.0001
full,2,445750,45750,0.9867939,0.0001
full,2,445800,45800,0.9865789,0.0001
full,2,445850,45850,0.9866285,0.0001
full,2,445900,45900,0.9861974,0.0001
full,2,445950,45950,0.9861882,0.0001
full,2,446000,46000,0.9867085,0.0001
full,2,446050,46050,0.9864069,0.0001
full,2,446100,46100,0.9866172,0.0001
full,2,446150,46150,0.9864323,0.0001
full,2,446200,46200,0.9866683,0.0001
full,2,446250,46250,0.9867488,0.0001
full,2,446300,46300,0.9862931,0.0001
full,2,446350,46350,0.9869099,0.0001
full,2,446400,46400,0.9869539,0.0001
full,2,446450,46450,0.9870457,0.0001
full,2,446500,46500,0.9865059,0.0001
full,2,446550,46550,0.9867097,0.0001
full,2,446600,46600,0.9863554,0.0001
full,2,446650,46650,0.9863955,0.0001
full,2,446700,46700,0.9867563,0.0001
full,2,446750,46750,0.9869107,0.0001
full,2,446800,46800,0.9866868,0.0001
full,2,446850,46850,0.9860582,0.0001
full,2,446900,46900,0.9867622,0.0001
full,2,446950,46950,0.9870254,0.0001
full,2,447000,47000,0.9863868,0.0001
full,2,447050,47050,0.986384,0.0001
full,2,447100,47100,0.9863641,0.0001
full,2,447150,47150,0.9865128,0.0001
full,2,447200,47200,0.9867694,0.0001
full,2,447250,47250,0.9866819,0.0001
full,2,447300,47300,0.9868,0.0001
full,2,447350,47350,0.9865509,0.0001
full,2,447400,47400,0.9866697,0.0001
full,2,447450,47450,0.9866945,0.0001
full,2,447500,47500,0.9865565,0.0001
full,2,447550,47550,0.9863344,0.0001
full,2,447600,47600,0.987105,0.0001
full,2,447650,47650,0.9862432,0.0001
full,2,447700,47700,0.9867675,0.0001
full,2,447750,47750,0.9864426,0.0001
full,2,447800,47800,0.986599,0.0001
full,2,447850,47850,0.9866342,0.0001
full,2,447900,47900,0.9867169,0.0001
full,2,447950,47950,0.9862253,0.0001
full,2,448000,48000,0.986832,0.0001
full,2,448050,48050,0.986522,0.0001
full,2,448100,48100,0.9864167,0.0001
full,2,448150,48150,0.9864044,0.0001
full,2,448200,48200,0.9866836,0.0001
full,2,448250,48250,0.9863438,0.0001
full,2,448300,48300,0.9866366,0.0001
full,2,448350,48350,0.9864554,0.0001
full,2,448400,48400,0.9867895,0.0001
full,2,448450,48450,0.986246,0.0001
full,2,448500,48500,0.9864172,0.0001
full,2,448550,48550,0.9865949,0.0001
full,2,448600,48600,0.9866359,0.0001
full,2,448650,48650,0.9864655,0.0001
full,2,448700,48700,0.9862146,0.0001
full,2,448750,48750,0.9867188,0.0001
full,2,448800,48800,0.9863668,0.0001
full,2,448850,48850,0.9870947,0.0001
full,2,448900,48900,0.9861633,0.0001
full,2,448950,48950,0.9868281,0.0001
full,2,449000,49000,0.98669,0.0001
full,2,449050,49050,0.9866255,0.0001
full,2,449100,49100,0.9866023,0.0001
full,2,449150,49150,0.9862254,0.0001
full,2,449200,49200,0.9860984,0.0001
full,2,449250,49250,0.986832,0.0001
full,2,449300,49300,0.9869253,0.0001
full,2,449350,49350,0.9868149,0.0001
full,2,449400,49400,0.9866246,0.0001
full,2,449450,49450,0.9869827,0.0001
full,2,449500,49500,0.9862273,0.0001
full,2,449550,49550,0.9862288,0.0001
full,2,449600,49600,0.9865876,0.0001
full,2,449650,49650,0.9869996,0.0001
full,2,449700,49700,0.986837,0.0001
full,2,449750,49750,0.9863685,0.0001
full,2,449800,49800,0.9865924,0.0001
full,2,449850,49850,0.9868344,0.0001
full,2,449900,49900,0.9864789,0.0001
full,2,449950,49950,0.9866232,0.0001
full,2,450000,50000,0.9870452,0.0001
full,2,450050,50050,0.9866457,0.0001
full,2,450100,50100,0.9865283,0.0001
full,2,450150,50150,0.9867033,0.0001
full,2,450200,50200,0.9864784,0.0001
full,2,450250,50250,0.9868417,0.0001
full,2,450300,50300,0.9864787,0.0001
full,2,450350,50350,0.9866791,0.0001
full,2,450400,50400,0.9867911,0.0001
full,2,450450,50450,0.9865239,0.0001
full,2,450500,50500,0.9866229,0.0001
full,2,450550,50550,0.9869083,0.0001
full,2,450600,50600,0.9866361,0.0001
full,2,450650,50650,0.9862857,0.0001
full,2,450700,50700,0.9866534,0.0001
full,2,450750,50750,0.9864306,0.0001
full,2,450800,50800,0.9864887,0.0001
full,2,450850,50850,0.9866742,0.0001
full,2,450900,50900,0.9865108,0.0001
full,2,450950,50950,0.9867135,0.0001
full,2,451000,51000,0.9869117,0.0001
full,2,451050,51050,0.9865131,0.0001
full,2,451100,51100,0.9866064,0.0001
full,2,451150,51150,0.9865881,0.0001
full,2,451200,51200,0.9864393,0.0001
full,2,451250,51250,0.9863776,0.0001
full,2,451300,51300,0.9866428,0.0001
full,2,451350,51350,0.9867302,0.0001
full,2,451400,51400,0.9863206,0.0001
full,2,451450,51450,0.9863319,0.0001
full,2,451500,51500,0.9864519,0.0001
full,2,451550,51550,0.9866822,0.0001
full,2,451600,51600,0.9866647,0.0001
full,2,451650,51650,0.9866777,0.0001
full,2,451700,51700,0.9860767,0.0001
full,2,451750,51750,0.9869174,0.0001
full,2,451800,51800,0.9869676,0.0001
full,2,451850,51850,0.9863932,0.0001
full,2,451900,51900,0.986544,0.0001
full,2,451950,51950,0.9867997,0.0001
full,2,452000,52000,0.9861826,0.0001
full,2,452050,52050,0.9866906,0.0001
full,2,452100,52100,0.9866437,0.0001
full,2,452150,52150,0.9869191,0.0001
full,2,452200,52200,0.9866281,0.0001
full,2,452250,52250,0.986333,0.0001
full,2,452300,52300,0.986553,0.0001
full,2,452350,52350,0.9861265,0.0001
full,2,452400,52400,0.9867985,0.0001
full,2,452450,52450,0.9869066,0.0001
full,2,452500,52500,0.9867176,0.0001
full,2,452550,52550,0.9867516,0.0001
full,2,452600,52600,0.9865311,0.0001
full,2,452650,52650,0.9873136,0.0001
full,2,452700,52700,0.9863629,0.0001
full,2,452750,52750,0.9866582,0.0001
full,2,452800,52800,0.9866271,0.0001
full,2,452850,52850,0.9867939,0.0001
full,2,452900,52900,0.9863055,0.0001
full,2,452950,52950,0.9864522,0.0001
full,2,453000,53000,0.9866105,0.0001
full,2,453050,53050,0.986478,0.0001
full,2,453100,53100,0.987069,0.0001
full,2,453150,53150,0.9867179,0.0001
full,2,453200,53200,0.9865268,0.0001
full,2,453250,53250,0.986846,0.0001
full,2,453300,53300,0.9863495,0.0001
full,2,453350,53350,0.9864532,0.0001
full,2,453400,53400,0.9865672,0.0001
full,2,453450,53450,0.9866668,0.0001
full,2,453500,53500,0.9869376,0.0001
full,2,453550,53550,0.9865602,0.0001
full,2,453600,53600,0.9863721,0.0001
full,2,453650,53650,0.9867327,0.0001
full,2,453700,53700,0.98651,0.0001
full,2,453750,53750,0.9867266,0.0001
full,2,453800,53800,0.9864801,0.0001
full,2,453850,53850,0.9863501,0.0001
full,2,453900,53900,0.9862396,0.0001
full,2,453950,53950,0.9864833,0.0001
full,2,454000,54000,0.9864017,0.0001
full,2,454050,54050,0.9867986,0.0001
full,2,454100,54100,0.9864137,0.0001
full,2,454150,54150,0.9868588,0.0001
full,2,454200,54200,0.9866841,0.0001
full,2,454250,54250,0.9864318,0.0001
full,2,454300,54300,0.9866753,0.0001
full,2,454350,54350,0.9864647,0.0001
full,2,454400,54400,0.9865852,0.0001
full,2,454450,54450,0.986667,0.0001
full,2,454500,54500,0.9865183,0.0001
full,2,454550,54550,0.9863099,0.0001
full,2,454600,54600,0.9864708,0.0001
full,2,454650,54650,0.9866167,0.0001
full,2,454700,54700,0.9867388,0.0001
full,2,454750,54750,0.9866965,0.0001
full,2,454800,54800,0.9865638,0.0001
full,2,454850,54850,0.9863502,0.0001
full,2,454900,54900,0.9863969,0.0001
full,2,454950,54950,0.9870971,0.0001
full,2,455000,55000,0.9865868,0.0001
full,2,455050,55050,0.9865176,0.0001
full,2,455100,55100,0.9864939,0.0001
full,2,455150,55150,0.9867029,0.0001
full,2,455200,55200,0.9867979,0.0001
full,2,455250,55250,0.9865312,0.0001
full,2,455300,55300,0.9865025,0.0001
full,2,455350,55350,0.9864095,0.0001
full,2,455400,55400,0.9867887,0.0001
full,2,455450,55450,0.986604,0.0001
full,2,455500,55500,0.9867527,0.0001
full,2,455550,55550,0.9869806,0.0001
full,2,455600,55600,0.9868074,0.0001
full,2,455650,55650,0.9865799,0.0001
full,2,455700,55700,0.9865947,0.0001
full,2,455750,55750,0.9865018,0.0001
full,2,455800,55800,0.9862942,0.0001
full,2,455850,55850,0.987045,0.0001
full,2,455900,55900,0.9863844,0.0001
full,2,455950,55950,0.9867053,0.0001
full,2,456000,56000,0.9866457,0.0001
full,2,456050,56050,0.9870097,0.0001
full,2,456100,56100,0.9868575,0.0001
full,2,456150,56150,0.9866762,0.0001
full,2,456200,56200,0.9866663,0.0001
full,2,456250,56250,0.9868329,0.0001
full,2,456300,56300,0.9869314,0.0001
full,2,456350,56350,0.9863526,0.0001
full,2,456400,56400,0.9865993,0.0001
full,2,456450,56450,0.9868628,0.0001
full,2,456500,56500,0.9868889,0.0001
full,2,456550,56550,0.9867633,0.0001
full,2,456600,56600,0.9863664,0.0001
full,2,456650,56650,0.9866067,0.0001
full,2,456700,56700,0.9869173,0.0001
full,2,456750,56750,0.9861768,0.0001
full,2,456800,56800,0.9866165,0.0001
full,2,456850,56850,0.9867215,0.0001
full,2,456900,56900,0.9866124,0.0001
full,2,456950,56950,0.9865369,0.0001
full,2,457000,57000,0.9865088,0.0001
full,2,457050,57050,0.986741,0.0001
full,2,457100,57100,0.9865813,0.0001
full,2,457150,57150,0.9868184,0.0001
full,2,457200,57200,0.9869379,0.0001
full,2,457250,57250,0.9868138,0.0001
full,2,457300,57300,0.9867638,0.0001
full,2,457350,57350,0.9864293,0.0001
full,2,457400,57400,0.9866655,0.0001
full,2,457450,57450,0.986594,0.0001
full,2,457500,57500,0.9862822,0.0001
full,2,457550,57550,0.9861736,0.0001
full,2,457600,57600,0.9865288,0.0001
full,2,457650,57650,0.9867187,0.0001
full,2,457700,57700,0.986707,0.0001
full,2,457750,57750,0.9867187,0.0001
full,2,457800,57800,0.9871953,0.0001
full,2,457850,57850,0.9867339,0.0001
full,2,457900,57900,0.9867197,0.0001
full,2,457950,57950,0.9865152,0.0001
full,2,458000,58000,0.986599,0.0001
full,2,458050,58050,0.9860465,0.0001
full,2,458100,58100,0.9867933,0.0001
full,2,458150,58150,0.986406,0.0001
full,2,458200,58200,0.9867377,0.0001
full,2,458250,58250,0.9863406,0.0001
full,2,458300,58300,0.9866878,0.0001
full,2,458350,58350,0.9860206,0.0001
full,2,458400,58400,0.9866337,0.0001
full,2,458450,58450,0.9867612,0.0001
full,2,458500,58500,0.986519,0.0001
full,2,458550,58550,0.9868686,0.0001
full,2,458600,58600,0.986536,0.0001
full,2,458650,58650,0.9867526,0.0001
full,2,458700,58700,0.986623,0.0001
full,2,458750,58750,0.9865344,0.0001
full,2,458800,58800,0.9865052,0.0001
full,2,458850,58850,0.9859541,0.0001
full,2,458900,58900,0.9870868,0.0001
full,2,458950,58950,0.9864153,0.0001
full,2,459000,59000,0.9865285,0.0001
full,2,459050,59050,0.9867698,0.0001
full,2,459100,59100,0.9868669,0.0001
full,2,459150,59150,0.9866867,0.0001
full,2,459200,59200,0.9869288,0.0001
full,2,459250,59250,0.9865086,0.0001
full,2,459300,59300,0.9869043,0.0001
full,2,459350,59350,0.9864419,0.0001
full,2,459400,59400,0.9868205,0.0001
full,2,459450,59450,0.9865915,0.0001
full,2,459500,59500,0.986728,0.0001
full,2,459550,59550,0.9866325,0.0001
full,2,459600,59600,0.98684,0.0001
full,2,459650,59650,0.98674,0.0001
full,2,459700,59700,0.9865056,0.0001
full,2,459750,59750,0.9866617,0.0001
full,2,459800,59800,0.9865652,0.0001
full,2,459850,59850,0.9864784,0.0001
full,2,459900,59900,0.9864037,0.0001
full,2,459950,59950,0.9865952,0.0001
full,2,460000,60000,0.9863402,0.0001
full,2,460050,60050,0.986405,0.0001
full,2,460100,60100,0.9867552,0.0001
full,2,460150,60150,0.9863235,0.0001
full,2,460200,60200,0.9867117,0.0001
full,2,460250,60250,0.9865775,0.0001
full,2,460300,60300,0.9865634,0.0001
full,2,460350,60350,0.9866601,0.0001
full,2,460400,60400,0.9865912,0.0001
full,2,460450,60450,0.9865825,0.0001
full,2,460500,60500,0.9861965,0.0001
full,2,460550,60550,0.9871463,0.0001
full,2,460600,60600,0.9865581,0.0001
full,2,460650,60650,0.98678,0.0001
full,2,460700,60700,0.9865822,0.0001
full,2,460750,60750,0.9864903,0.0001
full,2,460800,60800,0.9866201,0.0001
full,2,460850,60850,0.986456,0.0001
full,2,460900,60900,0.9864098,0.0001
full,2,460950,60950,0.9863029,0.0001
full,2,461000,61000,0.9866289,0.0001
full,2,461050,61050,0.9864935,0.0001
full,2,461100,61100,0.9867882,0.0001
full,2,461150,61150,0.9864562,0.0001
full,2,461200,61200,0.986887,0.0001
full,2,461250,61250,0.9868585,0.0001
full,2,461300,61300,0.986323,0.0001
full,2,461350,61350,0.9862602,0.0001
full,2,461400,61400,0.985942,0.0001
full,2,461450,61450,0.9866838,0.0001
full,2,461500,61500,0.9866936,0.0001
full,2,461550,61550,0.9868031,0.0001
full,2,461600,61600,0.986561,0.0001
full,2,461650,61650,0.9867906,0.0001
full,2,461700,61700,0.9869037,0.0001
full,2,461750,61750,0.9867342,0.0001
full,2,461800,61800,0.9868553,0.0001
full,2,461850,61850,0.9862952,0.0001
full,2,461900,61900,0.9870761,0.0001
full,2,461950,61950,0.9865947,0.0001
full,2,462000,62000,0.98677,0.0001
full,2,462050,62050,0.9867703,0.0001
full,2,462100,62100,0.9864103,0.0001
full,2,462150,62150,0.9865894,0.0001
full,2,462200,62200,0.9863159,0.0001
full,2,462250,62250,0.9866411,0.0001
full,2,462300,62300,0.9867132,0.0001
full,2,462350,62350,0.9865257,0.0001
full,2,462400,62400,0.986598,0.0001
full,2,462450,62450,0.9865618,0.0001
full,2,462500,62500,0.9864206,0.0001
full,2,462550,62550,0.9868905,0.0001
full,2,462600,62600,0.9865692,0.0001
full,2,462650,62650,0.9868888,0.0001
full,2,462700,62700,0.9864154,0.0001
full,2,462750,62750,0.9865026,0.0001
full,2,462800,62800,0.9863167,0.0001
full,2,462850,62850,0.9871054,0.0001
full,2,462900,62900,0.9869016,0.0001
full,2,462950,62950,0.9862818,0.0001
full,2,463000,63000,0.9866198,0.0001
full,2,463050,63050,0.986761,0.0001
full,2,463100,63100,0.9865844,0.0001
full,2,463150,63150,0.9863884,0.0001
full,2,463200,63200,0.9867297,0.0001
full,2,463250,63250,0.9866561,0.0001
full,2,463300,63300,0.9865773,0.0001
full,2,463350,63350,0.9864876,0.0001
full,2,463400,63400,0.9868131,0.0001
full,2,463450,63450,0.9865832,0.0001
full,2,463500,63500,0.9866403,0.0001
full,2,463550,63550,0.9867797,0.0001
full,2,463600,63600,0.9866219,0.0001
full,2,463650,63650,0.9866053,0.0001
full,2,463700,63700,0.9869421,0.0001
full,2,463750,63750,0.9865093,0.0001
full,2,463800,63800,0.9866093,0.0001
full,2,463850,63850,0.9865354,0.0001
full,2,463900,63900,0.98671,0.0001
full,2,463950,63950,0.9865194,0.0001
full,2,464000,64000,0.98678,0.0001
full,2,464050,64050,0.9870315,0.0001
full,2,464100,64100,0.9867014,0.0001
full,2,464150,64150,0.9867237,0.0001
full,2,464200,64200,0.986387,0.0001
full,2,464250,64250,0.9865324,0.0001
full,2,464300,64300,0.9867351,0.0001
full,2,464350,64350,0.9868437,0.0001
full,2,464400,64400,0.9865359,0.0001
full,2,464450,64450,0.9866309,0.0001
full,2,464500,64500,0.986829,0.0001
full,2,464550,64550,0.9863802,0.0001
full,2,464600,64600,0.9861494,0.0001
full,2,464650,64650,0.9862366,0.0001
full,2,464700,64700,0.9863511,0.0001
full,2,464750,64750,0.9865614,0.0001
full,2,464800,64800,0.9861786,0.0001
full,2,464850,64850,0.9865249,0.0001
full,2,464900,64900,0.9869156,0.0001
full,2,464950,64950,0.98659,0.0001
full,2,465000,65000,0.9863656,0.0001
full,2,465050,65050,0.9869046,0.0001
full,2,465100,65100,0.9867819,0.0001
full,2,465150,65150,0.986365,0.0001
full,2,465200,65200,0.9865905,0.0001
full,2,465250,65250,0.9867618,0.0001
full,2,465300,65300,0.9862994,0.0001
full,2,465350,65350,0.9867568,0.0001
full,2,465400,65400,0.9866477,0.0001
full,2,465450,65450,0.9869054,0.0001
full,2,465500,65500,0.9861327,0.0001
full,2,465550,65550,0.9863607,0.0001
full,2,465600,65600,0.986495,0.0001
full,2,465650,65650,0.9860794,0.0001
full,2,465700,65700,0.9864601,0.0001
full,2,465750,65750,0.9867341,0.0001
full,2,465800,65800,0.986866,0.0001
full,2,465850,65850,0.9863161,0.0001
full,2,465900,65900,0.986325,0.0001
full,2,465950,65950,0.986643,0.0001
full,2,466000,66000,0.9869974,0.0001
full,2,466050,66050,0.987042,0.0001
full,2,466100,66100,0.9865252,0.0001
full,2,466150,66150,0.9867258,0.0001
full,2,466200,66200,0.9865456,0.0001
full,2,466250,66250,0.9864138,0.0001
full,2,466300,66300,0.9867446,0.0001
full,2,466350,66350,0.9864962,0.0001
full,2,466400,66400,0.9870661,0.0001
full,2,466450,66450,0.9866892,0.0001
full,2,466500,66500,0.9866111,0.0001
full,2,466550,66550,0.9868962,0.0001
full,2,466600,66600,0.986825,0.0001
full,2,466650,66650,0.9865374,0.0001
full,2,466700,66700,0.986793,0.0001
full,2,466750,66750,0.9864876,0.0001
full,2,466800,66800,0.9869465,0.0001
full,2,466850,66850,0.9871621,0.0001
full,2,466900,66900,0.9869182,0.0001
full,2,466950,66950,0.9865776,0.0001
full,2,467000,67000,0.9867377,0.0001
full,2,467050,67050,0.9868597,0.0001
full,2,467100,67100,0.9866389,0.0001
full,2,467150,67150,0.9866059,0.0001
full,2,467200,67200,0.9866176,0.0001
full,2,467250,67250,0.9866917,0.0001
full,2,467300,67300,0.9863119,0.0001
full,2,467350,67350,0.9868513,0.0001
full,2,467400,67400,0.9868331,0.0001
full,2,467450,67450,0.9865418,0.0001
full,2,467500,67500,0.9862276,0.0001
full,2,467550,67550,0.9861216,0.0001
full,2,467600,67600,0.9869717,0.0001
full,2,467650,67650,0.9864312,0.0001
full,2,467700,67700,0.9868953,0.0001
full,2,467750,67750,0.9869148,0.0001
full,2,467800,67800,0.9867942,0.0001
full,2,467850,67850,0.9862318,0.0001
full,2,467900,67900,0.9865094,0.0001
full,2,467950,67950,0.9867377,0.0001
full,2,468000,68000,0.9865909,0.0001
full,2,468050,68050,0.9865043,0.0001
full,2,468100,68100,0.9863874,0.0001
full,2,468150,68150,0.9865219,0.0001
full,2,468200,68200,0.9866462,0.0001
full,2,468250,68250,0.9864137,0.0001
full,2,468300,68300,0.9861873,0.0001
full,2,468350,68350,0.9866037,0.0001
full,2,468400,68400,0.9862747,0.0001
full,2,468450,68450,0.9863982,0.0001
full,2,468500,68500,0.9865056,0.0001
full,2,468550,68550,0.98659,0.0001
full,2,468600,68600,0.9863073,0.0001
full,2,468650,68650,0.986737,0.0001
full,2,468700,68700,0.9864951,0.0001
full,2,468750,68750,0.986411,0.0001
full,2,468800,68800,0.9866356,0.0001
full,2,468850,68850,0.986205,0.0001
full,2,468900,68900,0.9870322,0.0001
full,2,468950,68950,0.9865987,0.0001
full,2,469000,69000,0.9869133,0.0001
full,2,469050,69050,0.9866085,0.0001
full,2,469100,69100,0.9867268,0.0001
full,2,469150,69150,0.9863786,0.0001
full,2,469200,69200,0.9866933,0.0001
full,2,469250,69250,0.9863582,0.0001
full,2,469300,69300,0.9868146,0.0001
full,2,469350,69350,0.9867735,0.0001
full,2,469400,69400,0.9866971,0.0001
full,2,469450,69450,0.9869028,0.0001
full,2,469500,69500,0.9866,0.0001
full,2,469550,69550,0.9868572,0.0001
full,2,469600,69600,0.9868702,0.0001
full,2,469650,69650,0.9862764,0.0001
full,2,469700,69700,0.986407,0.0001
full,2,469750,69750,0.9864606,0.0001
full,2,469800,69800,0.9867334,0.0001
full,2,469850,69850,0.9866051,0.0001
full,2,469900,69900,0.9863845,0.0001
full,2,469950,69950,0.986461,0.0001
full,2,470000,70000,0.9867169,0.0001
full,2,470050,70050,0.9864137,0.0001
full,2,470100,70100,0.9868225,0.0001
full,2,470150,70150,0.9869344,0.0001
full,2,470200,70200,0.9861661,0.0001
full,2,470250,70250,0.9865186,0.0001
full,2,470300,70300,0.9862494,0.0001
full,2,470350,70350,0.9866024,0.0001
full,2,470400,70400,0.9864468,0.0001
full,2,470450,70450,0.9870551,0.0001
full,2,470500,70500,0.9865075,0.0001
full,2,470550,70550,0.9866841,0.0001
full,2,470600,70600,0.9870653,0.0001
full,2,470650,70650,0.9867121,0.0001
full,2,470700,70700,0.9863909,0.0001
full,2,470750,70750,0.9866826,0.0001
full,2,470800,70800,0.9867856,0.0001
full,2,470850,70850,0.9866176,0.0001
full,2,470900,70900,0.9868513,0.0001
full,2,470950,70950,0.98646,0.0001
full,2,471000,71000,0.9863076,0.0001
full,2,471050,71050,0.9863909,0.0001
full,2,471100,71100,0.9864973,0.0001
full,2,471150,71150,0.9871563,0.0001
full,2,471200,71200,0.9866516,0.0001
full,2,471250,71250,0.9864751,0.0001
full,2,471300,71300,0.9866956,0.0001
full,2,471350,71350,0.9867881,0.0001
full,2,471400,71400,0.9864769,0.0001
full,2,471450,71450,0.9868756,0.0001
full,2,471500,71500,0.9868271,0.0001
full,2,471550,71550,0.9867119,0.0001
full,2,471600,71600,0.9869775,0.0001
full,2,471650,71650,0.9865492,0.0001
full,2,471700,71700,0.9864036,0.0001
full,2,471750,71750,0.9862009,0.0001
full,2,471800,71800,0.9865595,0.0001
full,2,471850,71850,0.9866364,0.0001
full,2,471900,71900,0.9866607,0.0001
full,2,471950,71950,0.9854482,0.0001
full,2,472000,72000,0.986374,0.0001
full,2,472050,72050,0.9867715,0.0001
full,2,472100,72100,0.9866238,0.0001
full,2,472150,72150,0.9868217,0.0001
full,2,472200,72200,0.9865728,0.0001
full,2,472250,72250,0.9860449,0.0001
full,2,472300,72300,0.9857244,0.0001
full,2,472350,72350,0.9862968,0.0001
full,2,472400,72400,0.9865541,0.0001
full,2,472450,72450,0.9866568,0.0001
full,2,472500,72500,0.9867364,0.0001
full,2,472550,72550,0.9860438,0.0001
full,2,472600,72600,0.9866495,0.0001
full,2,472650,72650,0.9865805,0.0001
full,2,472700,72700,0.986726,0.0001
full,2,472750,72750,0.986596,0.0001
full,2,472800,72800,0.9863293,0.0001
full,2,472850,72850,0.9867211,0.0001
full,2,472900,72900,0.9867096,0.0001
full,2,472950,72950,0.986572,0.0001
full,2,473000,73000,0.9866735,0.0001
full,2,473050,73050,0.9866957,0.0001
full,2,473100,73100,0.9868788,0.0001
full,2,473150,73150,0.9862282,0.0001
full,2,473200,73200,0.9869731,0.0001
full,2,473250,73250,0.9867285,0.0001
full,2,473300,73300,0.9868029,0.0001
full,2,473350,73350,0.9864762,0.0001
full,2,473400,73400,0.9869589,0.0001
full,2,473450,73450,0.9865076,0.0001
full,2,473500,73500,0.9862538,0.0001
full,2,473550,73550,0.9865152,0.0001
full,2,473600,73600,0.9865952,0.0001
full,2,473650,73650,0.9870562,0.0001
full,2,473700,73700,0.9866756,0.0001
full,2,473750,73750,0.9867116,0.0001
full,2,473800,73800,0.9865395,0.0001
full,2,473850,73850,0.986528,0.0001
full,2,473900,73900,0.9864991,0.0001
full,2,473950,73950,0.9866945,0.0001
full,2,474000,74000,0.9870078,0.0001
full,2,474050,74050,0.9863051,0.0001
full,2,474100,74100,0.9866571,0.0001
full,2,474150,74150,0.9865603,0.0001
full,2,474200,74200,0.9865012,0.0001
full,2,474250,74250,0.9867171,0.0001
full,2,474300,74300,0.986706,0.0001
full,2,474350,74350,0.9865849,0.0001
full,2,474400,74400,0.9870198,0.0001
full,2,474450,74450,0.986346,0.0001
full,2,474500,74500,0.9870503,0.0001
full,2,474550,74550,0.9864385,0.0001
full,2,474600,74600,0.9860589,0.0001
full,2,474650,74650,0.9866326,0.0001
full,2,474700,74700,0.9869465,0.0001
full,2,474750,74750,0.9865838,0.0001
full,2,474800,74800,0.9867165,0.0001
full,2,474850,74850,0.9869299,0.0001
full,2,474900,74900,0.9867427,0.0001
full,2,474950,74950,0.9865659,0.0001
full,2,475000,75000,0.9867715,0.0001
full,2,475050,75050,0.9866204,0.0001
full,2,475100,75100,0.9862871,0.0001
full,2,475150,75150,0.9867268,0.0001
full,2,475200,75200,0.9865566,0.0001
full,2,475250,75250,0.9866627,0.0001
full,2,475300,75300,0.9862148,0.0001
full,2,475350,75350,0.986626,0.0001
full,2,475400,75400,0.9864612,0.0001
full,2,475450,75450,0.9864446,0.0001
full,2,475500,75500,0.9862013,0.0001
full,2,475550,75550,0.9864603,0.0001
full,2,475600,75600,0.9865407,0.0001
full,2,475650,75650,0.9864854,0.0001
full,2,475700,75700,0.9866835,0.0001
full,2,475750,75750,0.9866049,0.0001
full,2,475800,75800,0.9868524,0.0001
full,2,475850,75850,0.9868818,0.0001
full,2,475900,75900,0.986619,0.0001
full,2,475950,75950,0.9864705,0.0001
full,2,476000,76000,0.9860557,0.0001
full,2,476050,76050,0.9866127,0.0001
full,2,476100,76100,0.9869195,0.0001
full,2,476150,76150,0.9864435,0.0001
full,2,476200,76200,0.9866251,0.0001
full,2,476250,76250,0.98651,0.0001
full,2,476300,76300,0.9866301,0.0001
full,2,476350,76350,0.9865361,0.0001
full,2,476400,76400,0.9867396,0.0001
full,2,476450,76450,0.9865672,0.0001
full,2,476500,76500,0.9864878,0.0001
full,2,476550,76550,0.9867721,0.0001
full,2,476600,76600,0.9866208,0.0001
full,2,476650,76650,0.9864165,0.0001
full,2,476700,76700,0.9865648,0.0001
full,2,476750,76750,0.9868072,0.0001
full,2,476800,76800,0.986929,0.0001
full,2,476850,76850,0.9868778,0.0001
full,2,476900,76900,0.986607,0.0001
full,2,476950,76950,0.9863417,0.0001
full,2,477000,77000,0.986231,0.0001
full,2,477050,77050,0.9863588,0.0001
full,2,477100,77100,0.9865928,0.0001
full,2,477150,77150,0.9861554,0.0001
full,2,477200,77200,0.9864576,0.0001
full,2,477250,77250,0.9868075,0.0001
full,2,477300,77300,0.9867609,0.0001
full,2,477350,77350,0.9869418,0.0001
full,2,477400,77400,0.9865158,0.0001
full,2,477450,77450,0.9865012,0.0001
full,2,477500,77500,0.9864625,0.0001
full,2,477550,77550,0.9862416,0.0001
full,2,477600,77600,0.9865184,0.0001
full,2,477650,77650,0.9864814,0.0001
full,2,477700,77700,0.9864026,0.0001
full,2,477750,77750,0.9865043,0.0001
full,2,477800,77800,0.9864841,0.0001
full,2,477850,77850,0.9865672,0.0001
full,2,477900,77900,0.9863148,0.0001
full,2,477950,77950,0.9866728,0.0001
full,2,478000,78000,0.9863139,0.0001
full,2,478050,78050,0.9869024,0.0001
full,2,478100,78100,0.9867456,0.0001
full,2,478150,78150,0.9868647,0.0001
full,2,478200,78200,0.9862912,0.0001
full,2,478250,78250,0.9866928,0.0001
full,2,478300,78300,0.9867443,0.0001
full,2,478350,78350,0.9867408,0.0001
full,2,478400,78400,0.9868264,0.0001
full,2,478450,78450,0.9866836,0.0001
full,2,478500,78500,0.9870715,0.0001
full,2,478550,78550,0.9863667,0.0001
full,2,478600,78600,0.9866388,0.0001
full,2,478650,78650,0.9865419,0.0001
full,2,478700,78700,0.9864601,0.0001
full,2,478750,78750,0.9866166,0.0001
full,2,478800,78800,0.9864969,0.0001
full,2,478850,78850,0.9864238,0.0001
full,2,478900,78900,0.986324,0.0001
full,2,478950,78950,0.9865543,0.0001
full,2,479000,79000,0.9867664,0.0001
full,2,479050,79050,0.9867136,0.0001
full,2,479100,79100,0.9866856,0.0001
full,2,479150,79150,0.9865151,0.0001
full,2,479200,79200,0.9867306,0.0001
full,2,479250,79250,0.9866067,0.0001
full,2,479300,79300,0.9866446,0.0001
full,2,479350,79350,0.9867894,0.0001
full,2,479400,79400,0.9865559,0.0001
full,2,479450,79450,0.9869167,0.0001
full,2,479500,79500,0.986644,0.0001
full,2,479550,79550,0.9867383,0.0001
full,2,479600,79600,0.9862524,0.0001
full,2,479650,79650,0.9866146,0.0001
full,2,479700,79700,0.9864743,0.0001
full,2,479750,79750,0.9867427,0.0001
full,2,479800,79800,0.9864783,0.0001
full,2,479850,79850,0.9870077,0.0001
full,2,479900,79900,0.9865384,0.0001
full,2,479950,79950,0.986655,0.0001
full,2,480000,80000,0.9862674,0.0001
full,2,480050,80050,0.9866213,0.0001
full,2,480100,80100,0.9864858,0.0001
full,2,480150,80150,0.9864876,0.0001
full,2,480200,80200,0.9863026,0.0001
full,2,480250,80250,0.9868129,0.0001
full,2,480300,80300,0.9859635,0.0001
full,2,480350,80350,0.9865043,0.0001
full,2,480400,80400,0.986577,0.0001
full,2,480450,80450,0.9861839,0.0001
full,2,480500,80500,0.9866361,0.0001
full,2,480550,80550,0.9862583,0.0001
full,2,480600,80600,0.9864084,0.0001
full,2,480650,80650,0.9868781,0.0001
full,2,480700,80700,0.9863323,0.0001
full,2,480750,80750,0.986667,0.0001
full,2,480800,80800,0.9871057,0.0001
full,2,480850,80850,0.9863806,0.0001
full,2,480900,80900,0.9867274,0.0001
full,2,480950,80950,0.9867857,0.0001
full,2,481000,81000,0.9866472,0.0001
full,2,481050,81050,0.9870555,0.0001
full,2,481100,81100,0.9864824,0.0001
full,2,481150,81150,0.9864308,0.0001
full,2,481200,81200,0.9864277,0.0001
full,2,481250,81250,0.9862107,0.0001
full,2,481300,81300,0.986433,0.0001
full,2,481350,81350,0.9862856,0.0001
full,2,481400,81400,0.9867174,0.0001
full,2,481450,81450,0.9868823,0.0001
full,2,481500,81500,0.9868456,0.0001
full,2,481550,81550,0.9866571,0.0001
full,2,481600,81600,0.9864042,0.0001
full,2,481650,81650,0.9862464,0.0001
full,2,481700,81700,0.9865386,0.0001
full,2,481750,81750,0.986614,0.0001
full,2,481800,81800,0.9867134,0.0001
full,2,481850,81850,0.9867241,0.0001
full,2,481900,81900,0.9867762,0.0001
full,2,481950,81950,0.9866231,0.0001
full,2,482000,82000,0.9868582,0.0001
full,2,482050,82050,0.98652,0.0001
full,2,482100,82100,0.9864036,0.0001
full,2,482150,82150,0.9869626,0.0001
full,2,482200,82200,0.9867197,0.0001
full,2,482250,82250,0.9869465,0.0001
full,2,482300,82300,0.9867429,0.0001
full,2,482350,82350,0.9870278,0.0001
full,2,482400,82400,0.9865078,0.0001
full,2,482450,82450,0.9869968,0.0001
full,2,482500,82500,0.9861869,0.0001
full,2,482550,82550,0.9865993,0.0001
full,2,482600,82600,0.9870864,0.0001
full,2,482650,82650,0.98662,0.0001
full,2,482700,82700,0.9865052,0.0001
full,2,482750,82750,0.9863824,0.0001
full,2,482800,82800,0.9865674,0.0001
full,2,482850,82850,0.9865449,0.0001
full,2,482900,82900,0.9864276,0.0001
full,2,482950,82950,0.9861094,0.0001
full,2,483000,83000,0.9868413,0.0001
full,2,483050,83050,0.986862,0.0001
full,2,483100,83100,0.9865892,0.0001
full,2,483150,83150,0.9865689,0.0001
full,2,483200,83200,0.9866926,0.0001
full,2,483250,83250,0.9865892,0.0001
full,2,483300,83300,0.9862655,0.0001
full,2,483350,83350,0.9866562,0.0001
full,2,483400,83400,0.9865009,0.0001
full,2,483450,83450,0.9864923,0.0001
full,2,483500,83500,0.9866607,0.0001
full,2,483550,83550,0.9862611,0.0001
full,2,483600,83600,0.9863059,0.0001
full,2,483650,83650,0.9867951,0.0001
full,2,483700,83700,0.9861418,0.0001
full,2,483750,83750,0.9864585,0.0001
full,2,483800,83800,0.9867923,0.0001
full,2,483850,83850,0.9868968,0.0001
full,2,483900,83900,0.9864444,0.0001
full,2,483950,83950,0.9865257,0.0001
full,2,484000,84000,0.9861864,0.0001
full,2,484050,84050,0.9870346,0.0001
full,2,484100,84100,0.986393,0.0001
full,2,484150,84150,0.9868476,0.0001
full,2,484200,84200,0.9866848,0.0001
full,2,484250,84250,0.9862846,0.0001
full,2,484300,84300,0.9865415,0.0001
full,2,484350,84350,0.9861922,0.0001
full,2,484400,84400,0.9866209,0.0001
full,2,484450,84450,0.9867723,0.0001
full,2,484500,84500,0.9865484,0.0001
full,2,484550,84550,0.9861061,0.0001
full,2,484600,84600,0.9868081,0.0001
full,2,484650,84650,0.9865708,0.0001
full,2,484700,84700,0.9865209,0.0001
full,2,484750,84750,0.9867899,0.0001
full,2,484800,84800,0.9868581,0.0001
full,2,484850,84850,0.9864472,0.0001
full,2,484900,84900,0.9863821,0.0001
full,2,484950,84950,0.986095,0.0001
full,2,485000,85000,0.9864401,0.0001
full,2,485050,85050,0.986666,0.0001
full,2,485100,85100,0.9865469,0.0001
full,2,485150,85150,0.9861484,0.0001
full,2,485200,85200,0.9864982,0.0001
full,2,485250,85250,0.9861056,0.0001
full,2,485300,85300,0.9864232,0.0001
full,2,485350,85350,0.9863662,0.0001
full,2,485400,85400,0.9863634,0.0001
full,2,485450,85450,0.9865642,0.0001
full,2,485500,85500,0.9864713,0.0001
full,2,485550,85550,0.9860772,0.0001
full,2,485600,85600,0.9873928,0.0001
full,2,485650,85650,0.9864761,0.0001
full,2,485700,85700,0.9866781,0.0001
full,2,485750,85750,0.9866182,0.0001
full,2,485800,85800,0.9867438,0.0001
full,2,485850,85850,0.9865702,0.0001
full,2,485900,85900,0.9868047,0.0001
full,2,485950,85950,0.9866542,0.0001
full,2,486000,86000,0.9863525,0.0001
full,2,486050,86050,0.9864096,0.0001
full,2,486100,86100,0.9864647,0.0001
full,2,486150,86150,0.9864914,0.0001
full,2,486200,86200,0.9866784,0.0001
full,2,486250,86250,0.9865009,0.0001
full,2,486300,86300,0.9866966,0.0001
full,2,486350,86350,0.9865977,0.0001
full,2,486400,86400,0.9866567,0.0001
full,2,486450,86450,0.9868691,0.0001
full,2,486500,86500,0.986586,0.0001
full,2,486550,86550,0.9866034,0.0001
full,2,486600,86600,0.9864481,0.0001
full,2,486650,86650,0.9866967,0.0001
full,2,486700,86700,0.9865151,0.0001
full,2,486750,86750,0.9863814,0.0001
full,2,486800,86800,0.9866116,0.0001
full,2,486850,86850,0.9862963,0.0001
full,2,486900,86900,0.9865199,0.0001
full,2,486950,86950,0.9866042,0.0001
full,2,487000,87000,0.9868026,0.0001
full,2,487050,87050,0.9868429,0.0001
full,2,487100,87100,0.9867689,0.0001
full,2,487150,87150,0.9864451,0.0001
full,2,487200,87200,0.9867628,0.0001
full,2,487250,87250,0.9865442,0.0001
full,2,487300,87300,0.9864945,0.0001
full,2,487350,87350,0.9863678,0.0001
full,2,487400,87400,0.986754,0.0001
full,2,487450,87450,0.9867101,0.0001
full,2,487500,87500,0.9867464,0.0001
full,2,487550,87550,0.9865767,0.0001
full,2,487600,87600,0.9864283,0.0001
full,2,487650,87650,0.9859381,0.0001
full,2,487700,87700,0.986644,0.0001
full,2,487750,87750,0.9865919,0.0001
full,2,487800,87800,0.9863932,0.0001
full,2,487850,87850,0.9866256,0.0001
full,2,487900,87900,0.9864908,0.0001
full,2,487950,87950,0.9868997,0.0001
full,2,488000,88000,0.9864818,0.0001
full,2,488050,88050,0.9867275,0.0001
full,2,488100,88100,0.9858944,0.0001
full,2,488150,88150,0.9867276,0.0001
full,2,488200,88200,0.9863272,0.0001
full,2,488250,88250,0.986853,0.0001
full,2,488300,88300,0.9867921,0.0001
full,2,488350,88350,0.9866132,0.0001
full,2,488400,88400,0.9863093,0.0001
full,2,488450,88450,0.9866849,0.0001
full,2,488500,88500,0.9868467,0.0001
full,2,488550,88550,0.9865797,0.0001
full,2,488600,88600,0.9868454,0.0001
full,2,488650,88650,0.9865254,0.0001
full,2,488700,88700,0.9868943,0.0001
full,2,488750,88750,0.9863826,0.0001
full,2,488800,88800,0.9864355,0.0001
full,2,488850,88850,0.9864081,0.0001
full,2,488900,88900,0.9864246,0.0001
full,2,488950,88950,0.9864433,0.0001
full,2,489000,89000,0.9864137,0.0001
full,2,489050,89050,0.986465,0.0001
full,2,489100,89100,0.986828,0.0001
full,2,489150,89150,0.9869015,0.0001
full,2,489200,89200,0.9864627,0.0001
full,2,489250,89250,0.9862255,0.0001
full,2,489300,89300,0.9865133,0.0001
full,2,489350,89350,0.9867045,0.0001
full,2,489400,89400,0.9867076,0.0001
full,2,489450,89450,0.9868993,0.0001
full,2,489500,89500,0.9864568,0.0001
full,2,489550,89550,0.986842,0.0001
full,2,489600,89600,0.9867026,0.0001
full,2,489650,89650,0.9863371,0.0001
full,2,489700,89700,0.986827,0.0001
full,2,489750,89750,0.9868827,0.0001
full,2,489800,89800,0.986951,0.0001
full,2,489850,89850,0.9865358,0.0001
full,2,489900,89900,0.9866852,0.0001
full,2,489950,89950,0.9867192,0.0001
full,2,490000,90000,0.9866644,0.0001
full,2,490050,90050,0.986745,0.0001
full,2,490100,90100,0.9866828,0.0001
full,2,490150,90150,0.9864598,0.0001
full,2,490200,90200,0.9861581,0.0001
full,2,490250,90250,0.9864925,0.0001
full,2,490300,90300,0.9866271,0.0001
full,2,490350,90350,0.9866881,0.0001
full,2,490400,90400,0.9865811,0.0001
full,2,490450,90450,0.9867494,0.0001
full,2,490500,90500,0.9866513,0.0001
full,2,490550,90550,0.9862969,0.0001
full,2,490600,90600,0.9862723,0.0001
full,2,490650,90650,0.9864542,0.0001
full,2,490700,90700,0.986922,0.0001
full,2,490750,90750,0.9862159,0.0001
full,2,490800,90800,0.9870559,0.0001
full,2,490850,90850,0.9866956,0.0001
full,2,490900,90900,0.9868771,0.0001
full,2,490950,90950,0.9866161,0.0001
full,2,491000,91000,0.9870647,0.0001
full,2,491050,91050,0.9862891,0.0001
full,2,491100,91100,0.9865673,0.0001
full,2,491150,91150,0.9866198,0.0001
full,2,491200,91200,0.9863288,0.0001
full,2,491250,91250,0.9863883,0.0001
full,2,491300,91300,0.9861732,0.0001
full,2,491350,91350,0.986416,0.0001
full,2,491400,91400,0.9865457,0.0001
full,2,491450,91450,0.986145,0.0001
full,2,491500,91500,0.986849,0.0001
full,2,491550,91550,0.986623,0.0001
full,2,491600,91600,0.98668,0.0001
full,2,491650,91650,0.9863579,0.0001
full,2,491700,91700,0.9867077,0.0001
full,2,491750,91750,0.98653,0.0001
full,2,491800,91800,0.9865118,0.0001
full,2,491850,91850,0.9864892,0.0001
full,2,491900,91900,0.9865835,0.0001
full,2,491950,91950,0.9866895,0.0001
full,2,492000,92000,0.9864279,0.0001
full,2,492050,92050,0.986551,0.0001
full,2,492100,92100,0.9861595,0.0001
full,2,492150,92150,0.9862081,0.0001
full,2,492200,92200,0.9865839,0.0001
full,2,492250,92250,0.9865007,0.0001
full,2,492300,92300,0.9867187,0.0001
full,2,492350,92350,0.9864619,0.0001
full,2,492400,92400,0.9867001,0.0001
full,2,492450,92450,0.9862355,0.0001
full,2,492500,92500,0.9862701,0.0001
full,2,492550,92550,0.9867181,0.0001
full,2,492600,92600,0.9865355,0.0001
full,2,492650,92650,0.9862901,0.0001
full,2,492700,92700,0.9866878,0.0001
full,2,492750,92750,0.9863014,0.0001
full,2,492800,92800,0.986639,0.0001
full,2,492850,92850,0.985953,0.0001
full,2,492900,92900,0.9868597,0.0001
full,2,492950,92950,0.9865835,0.0001
full,2,493000,93000,0.9861782,0.0001
full,2,493050,93050,0.9869946,0.0001
full,2,493100,93100,0.9864216,0.0001
full,2,493150,93150,0.9867587,0.0001
full,2,493200,93200,0.9869094,0.0001
full,2,493250,93250,0.9867797,0.0001
full,2,493300,93300,0.9864274,0.0001
full,2,493350,93350,0.9870073,0.0001
full,2,493400,93400,0.9865974,0.0001
full,2,493450,93450,0.986562,0.0001
full,2,493500,93500,0.986525,0.0001
full,2,493550,93550,0.9864551,0.0001
full,2,493600,93600,0.9868633,0.0001
full,2,493650,93650,0.9868495,0.0001
full,2,493700,93700,0.9863436,0.0001
full,2,493750,93750,0.9866241,0.0001
full,2,493800,93800,0.9864143,0.0001
full,2,493850,93850,0.9866424,0.0001
full,2,493900,93900,0.9865124,0.0001
full,2,493950,93950,0.9869413,0.0001
full,2,494000,94000,0.9868023,0.0001
full,2,494050,94050,0.9866064,0.0001
full,2,494100,94100,0.9864084,0.0001
full,2,494150,94150,0.9859803,0.0001
full,2,494200,94200,0.9862329,0.0001
full,2,494250,94250,0.9861237,0.0001
full,2,494300,94300,0.9869009,0.0001
full,2,494350,94350,0.9869056,0.0001
full,2,494400,94400,0.986369,0.0001
full,2,494450,94450,0.9867419,0.0001
full,2,494500,94500,0.9866851,0.0001
full,2,494550,94550,0.9864876,0.0001
full,2,494600,94600,0.986368,0.0001
full,2,494650,94650,0.986416,0.0001
full,2,494700,94700,0.9869102,0.0001
full,2,494750,94750,0.9867119,0.0001
full,2,494800,94800,0.9866641,0.0001
full,2,494850,94850,0.9869947,0.0001
full,2,494900,94900,0.9864015,0.0001
full,2,494950,94950,0.9863135,0.0001
full,2,495000,95000,0.9867856,0.0001
full,2,495050,95050,0.9866186,0.0001
full,2,495100,95100,0.9868738,0.0001
full,2,495150,95150,0.9868541,0.0001
full,2,495200,95200,0.986486,0.0001
full,2,495250,95250,0.986119,0.0001
full,2,495300,95300,0.9861137,0.0001
full,2,495350,95350,0.98629,0.0001
full,2,495400,95400,0.9867927,0.0001
full,2,495450,95450,0.9863977,0.0001
full,2,495500,95500,0.9865338,0.0001
full,2,495550,95550,0.9865729,0.0001
full,2,495600,95600,0.986796,0.0001
full,2,495650,95650,0.9860327,0.0001
full,2,495700,95700,0.9862352,0.0001
full,2,495750,95750,0.9864424,0.0001
full,2,495800,95800,0.9866622,0.0001
full,2,495850,95850,0.986432,0.0001
full,2,495900,95900,0.9866176,0.0001
full,2,495950,95950,0.9868443,0.0001
full,2,496000,96000,0.986649,0.0001
full,2,496050,96050,0.9868301,0.0001
full,2,496100,96100,0.986531,0.0001
full,2,496150,96150,0.9864942,0.0001
full,2,496200,96200,0.9863298,0.0001
full,2,496250,96250,0.9863467,0.0001
full,2,496300,96300,0.9864082,0.0001
full,2,496350,96350,0.9867792,0.0001
full,2,496400,96400,0.9864027,0.0001
full,2,496450,96450,0.9867985,0.0001
full,2,496500,96500,0.9865903,0.0001
full,2,496550,96550,0.9862471,0.0001
full,2,496600,96600,0.9864108,0.0001
full,2,496650,96650,0.9866547,0.0001
full,2,496700,96700,0.9865078,0.0001
full,2,496750,96750,0.9866021,0.0001
full,2,496800,96800,0.9864686,0.0001
full,2,496850,96850,0.9869931,0.0001
full,2,496900,96900,0.9864823,0.0001
full,2,496950,96950,0.9865075,0.0001
full,2,497000,97000,0.986639,0.0001
full,2,497050,97050,0.9865991,0.0001
full,2,497100,97100,0.9866034,0.0001
full,2,497150,97150,0.9867826,0.0001
full,2,497200,97200,0.9864795,0.0001
full,2,497250,97250,0.9867352,0.0001
full,2,497300,97300,0.9867475,0.0001
full,2,497350,97350,0.9865953,0.0001
full,2,497400,97400,0.9863968,0.0001
full,2,497450,97450,0.9867257,0.0001
full,2,497500,97500,0.9862595,0.0001
full,2,497550,97550,0.9866712,0.0001
full,2,497600,97600,0.9865279,0.0001
full,2,497650,97650,0.9863753,0.0001
full,2,497700,97700,0.986596,0.0001
full,2,497750,97750,0.9869421,0.0001
full,2,497800,97800,0.9867078,0.0001
full,2,497850,97850,0.9865702,0.0001
full,2,497900,97900,0.9865496,0.0001
full,2,497950,97950,0.9863593,0.0001
full,2,498000,98000,0.9862241,0.0001
full,2,498050,98050,0.9866039,0.0001
full,2,498100,98100,0.9867773,0.0001
full,2,498150,98150,0.9860833,0.0001
full,2,498200,98200,0.9866159,0.0001
full,2,498250,98250,0.9865687,0.0001
full,2,498300,98300,0.9866571,0.0001
full,2,498350,98350,0.9861903,0.0001
full,2,498400,98400,0.9867433,0.0001
full,2,498450,98450,0.9863399,0.0001
full,2,498500,98500,0.9866394,0.0001
full,2,498550,98550,0.9868559,0.0001
full,2,498600,98600,0.9862539,0.0001
full,2,498650,98650,0.9866841,0.0001
full,2,498700,98700,0.9866943,0.0001
full,2,498750,98750,0.9866389,0.0001
full,2,498800,98800,0.9867584,0.0001
full,2,498850,98850,0.9860965,0.0001
full,2,498900,98900,0.986632,0.0001
full,2,498950,98950,0.9863285,0.0001
full,2,499000,99000,0.9867984,0.0001
full,2,499050,99050,0.9868274,0.0001
full,2,499100,99100,0.9865074,0.0001
full,2,499150,99150,0.9866636,0.0001
full,2,499200,99200,0.9865982,0.0001
full,2,499250,99250,0.9866127,0.0001
full,2,499300,99300,0.9865336,0.0001
full,2,499350,99350,0.9864513,0.0001
full,2,499400,99400,0.9860693,0.0001
full,2,499450,99450,0.9862386,0.0001
full,2,499500,99500,0.9865982,0.0001
full,2,499550,99550,0.9870051,0.0001
full,2,499600,99600,0.98664,0.0001
full,2,499650,99650,0.9866281,0.0001
full,2,499700,99700,0.9866279,0.0001
full,2,499750,99750,0.986754,0.0001
full,2,499800,99800,0.9864159,0.0001
full,2,499850,99850,0.9862537,0.0001
full,2,499900,99900,0.986596,0.0001
full,2,499950,99950,0.9867901,0.0001
full,2,500000,100000,0.9866767,0.0001
full,2,500050,100050,0.9868967,0.0001
full,2,500100,100100,0.9865466,0.0001
full,2,500150,100150,0.9864459,0.0001
full,2,500200,100200,0.9867944,0.0001
full,2,500250,100250,0.9862639,0.0001
full,2,500300,100300,0.986875,0.0001
full,2,500350,100350,0.9861416,0.0001
full,2,500400,100400,0.9866314,0.0001
full,2,500450,100450,0.9869931,0.0001
full,2,500500,100500,0.9860953,0.0001
full,2,500550,100550,0.9866433,0.0001
full,2,500600,100600,0.9863069,0.0001
full,2,500650,100650,0.9862869,0.0001
full,2,500700,100700,0.9866964,0.0001
full,2,500750,100750,0.9867939,0.0001
full,2,500800,100800,0.9867865,0.0001
full,2,500850,100850,0.9865781,0.0001
full,2,500900,100900,0.9870477,0.0001
full,2,500950,100950,0.9867332,0.0001
full,2,501000,101000,0.98658,0.0001
full,2,501050,101050,0.9865252,0.0001
full,2,501100,101100,0.9864979,0.0001
full,2,501150,101150,0.9866659,0.0001
full,2,501200,101200,0.9865175,0.0001
full,2,501250,101250,0.9866275,0.0001
full,2,501300,101300,0.9863887,0.0001
full,2,501350,101350,0.9867344,0.0001
full,2,501400,101400,0.9865705,0.0001
full,2,501450,101450,0.9866765,0.0001
full,2,501500,101500,0.9865584,0.0001
full,2,501550,101550,0.9864914,0.0001
full,2,501600,101600,0.9867803,0.0001
full,2,501650,101650,0.9862983,0.0001
full,2,501700,101700,0.9861889,0.0001
full,2,501750,101750,0.9865897,0.0001
full,2,501800,101800,0.9860718,0.0001
full,2,501850,101850,0.9864189,0.0001
full,2,501900,101900,0.9866498,0.0001
full,2,501950,101950,0.9867127,0.0001
full,2,502000,102000,0.9869328,0.0001
full,2,502050,102050,0.9868652,0.0001
full,2,502100,102100,0.9861987,0.0001
full,2,502150,102150,0.9865572,0.0001
full,2,502200,102200,0.9867967,0.0001
full,2,502250,102250,0.9860888,0.0001
full,2,502300,102300,0.9868249,0.0001
full,2,502350,102350,0.9866506,0.0001
full,2,502400,102400,0.9869885,0.0001
full,2,502450,102450,0.9860619,0.0001
full,2,502500,102500,0.9864804,0.0001
full,2,502550,102550,0.9861407,0.0001
full,2,502600,102600,0.9867944,0.0001
full,2,502650,102650,0.9866048,0.0001
full,2,502700,102700,0.9868306,0.0001
full,2,502750,102750,0.9868317,0.0001
full,2,502800,102800,0.9866046,0.0001
full,2,502850,102850,0.9868678,0.0001
full,2,502900,102900,0.9862508,0.0001
full,2,502950,102950,0.986842,0.0001
full,2,503000,103000,0.9864435,0.0001
full,2,503050,103050,0.9867871,0.0001
full,2,503100,103100,0.9864631,0.0001
full,2,503150,103150,0.9863237,0.0001
full,2,503200,103200,0.9867349,0.0001
full,2,503250,103250,0.9864732,0.0001
full,2,503300,103300,0.9863821,0.0001
full,2,503350,103350,0.9868502,0.0001
full,2,503400,103400,0.9864177,0.0001
full,2,503450,103450,0.9864405,0.0001
full,2,503500,103500,0.9866652,0.0001
full,2,503550,103550,0.9864837,0.0001
full,2,503600,103600,0.9863536,0.0001
full,2,503650,103650,0.9862199,0.0001
full,2,503700,103700,0.986448,0.0001
full,2,503750,103750,0.9863454,0.0001
full,2,503800,103800,0.9867827,0.0001
full,2,503850,103850,0.9867644,0.0001
full,2,503900,103900,0.9866803,0.0001
full,2,503950,103950,0.9864301,0.0001
full,2,504000,104000,0.9866799,0.0001
full,2,504050,104050,0.9865571,0.0001
full,2,504100,104100,0.9868009,0.0001
full,2,504150,104150,0.9855144,0.0001
full,2,504200,104200,0.986414,0.0001
full,2,504250,104250,0.9869269,0.0001
full,2,504300,104300,0.9864618,0.0001
full,2,504350,104350,0.9865971,0.0001
full,2,504400,104400,0.9865174,0.0001
full,2,504450,104450,0.9867478,0.0001
full,2,504500,104500,0.9865456,0.0001
full,2,504550,104550,0.9864238,0.0001
full,2,504600,104600,0.9868347,0.0001
full,2,504650,104650,0.9864751,0.0001
full,2,504700,104700,0.9869541,0.0001
full,2,504750,104750,0.9860641,0.0001
full,2,504800,104800,0.9864767,0.0001
full,2,504850,104850,0.9865828,0.0001
full,2,504900,104900,0.986734,0.0001
full,2,504950,104950,0.9863886,0.0001
full,2,505000,105000,0.9865928,0.0001
full,2,505050,105050,0.9867325,0.0001
full,2,505100,105100,0.9865886,0.0001
full,2,505150,105150,0.986671,0.0001
full,2,505200,105200,0.9868361,0.0001
full,2,505250,105250,0.98656,0.0001
full,2,505300,105300,0.9865939,0.0001
full,2,505350,105350,0.9863987,0.0001
full,2,505400,105400,0.9864754,0.0001
full,2,505450,105450,0.9865366,0.0001
full,2,505500,105500,0.9868448,0.0001
full,2,505550,105550,0.986407,0.0001
full,2,505600,105600,0.986662,0.0001
full,2,505650,105650,0.9863777,0.0001
full,2,505700,105700,0.9865376,0.0001
full,2,505750,105750,0.9863818,0.0001
full,2,505800,105800,0.9867324,0.0001
full,2,505850,105850,0.9865333,0.0001
full,2,505900,105900,0.9864803,0.0001
full,2,505950,105950,0.9862847,0.0001
full,2,506000,106000,0.986672,0.0001
full,2,506050,106050,0.9869052,0.0001
full,2,506100,106100,0.9865323,0.0001
full,2,506150,106150,0.9865234,0.0001
full,2,506200,106200,0.9867097,0.0001
full,2,506250,106250,0.9870652,0.0001
full,2,506300,106300,0.9869181,0.0001
full,2,506350,106350,0.9871796,0.0001
full,2,506400,106400,0.9862484,0.0001
full,2,506450,106450,0.9865381,0.0001
full,2,506500,106500,0.9864347,0.0001
full,2,506550,106550,0.9863457,0.0001
full,2,506600,106600,0.9864413,0.0001
full,2,506650,106650,0.986564,0.0001
full,2,506700,106700,0.986254,0.0001
full,2,506750,106750,0.9862249,0.0001
full,2,506800,106800,0.9868329,0.0001
full,2,506850,106850,0.9865895,0.0001
full,2,506900,106900,0.9864572,0.0001
full,2,506950,106950,0.9863135,0.0001
full,2,507000,107000,0.9863365,0.0001
full,2,507050,107050,0.9860004,0.0001
full,2,507100,107100,0.9869372,0.0001
full,2,507150,107150,0.986217,0.0001
full,2,507200,107200,0.986917,0.0001
full,2,507250,107250,0.9867327,0.0001
full,2,507300,107300,0.9869152,0.0001
full,2,507350,107350,0.9867808,0.0001
full,2,507400,107400,0.9864603,0.0001
full,2,507450,107450,0.9864389,0.0001
full,2,507500,107500,0.9863062,0.0001
full,2,507550,107550,0.9864655,0.0001
full,2,507600,107600,0.9867977,0.0001
full,2,507650,107650,0.9865437,0.0001
full,2,507700,107700,0.9862938,0.0001
full,2,507750,107750,0.9862509,0.0001
full,2,507800,107800,0.9865941,0.0001
full,2,507850,107850,0.9863742,0.0001
full,2,507900,107900,0.9865619,0.0001
full,2,507950,107950,0.9865582,0.0001
full,2,508000,108000,0.9865979,0.0001
full,2,508050,108050,0.9867923,0.0001
full,2,508100,108100,0.9863987,0.0001
full,2,508150,108150,0.9860529,0.0001
full,2,508200,108200,0.9864247,0.0001
full,2,508250,108250,0.9867293,0.0001
full,2,508300,108300,0.9857844,0.0001
full,2,508350,108350,0.9866923,0.0001
full,2,508400,108400,0.986205,0.0001
full,2,508450,108450,0.9865803,0.0001
full,2,508500,108500,0.9863616,0.0001
full,2,508550,108550,0.9863428,0.0001
full,2,508600,108600,0.986537,0.0001
full,2,508650,108650,0.9871222,0.0001
full,2,508700,108700,0.9864181,0.0001
full,2,508750,108750,0.9868615,0.0001
full,2,508800,108800,0.9867284,0.0001
full,2,508850,108850,0.9861816,0.0001
full,2,508900,108900,0.9864313,0.0001
full,2,508950,108950,0.9866067,0.0001
full,2,509000,109000,0.9868232,0.0001
full,2,509050,109050,0.9867328,0.0001
full,2,509100,109100,0.986608,0.0001
full,2,509150,109150,0.9867693,0.0001
full,2,509200,109200,0.986337,0.0001
full,2,509250,109250,0.9868185,0.0001
full,2,509300,109300,0.9867365,0.0001
full,2,509350,109350,0.9864795,0.0001
full,2,509400,109400,0.9864537,0.0001
full,2,509450,109450,0.9860793,0.0001
full,2,509500,109500,0.9868064,0.0001
full,2,509550,109550,0.9865547,0.0001
full,2,509600,109600,0.9865205,0.0001
full,2,509650,109650,0.9865614,0.0001
full,2,509700,109700,0.986598,0.0001
full,2,509750,109750,0.9867529,0.0001
full,2,509800,109800,0.9864957,0.0001
full,2,509850,109850,0.986884,0.0001
full,2,509900,109900,0.9867164,0.0001
full,2,509950,109950,0.9861631,0.0001
full,2,510000,110000,0.9865222,0.0001
full,2,510050,110050,0.9866295,0.0001
full,2,510100,110100,0.9868584,0.0001
full,2,510150,110150,0.9864686,0.0001
full,2,510200,110200,0.9868805,0.0001
full,2,510250,110250,0.9863372,0.0001
full,2,510300,110300,0.9866141,0.0001
full,2,510350,110350,0.9863158,0.0001
full,2,510400,110400,0.9863942,0.0001
full,2,510450,110450,0.9864946,0.0001
full,2,510500,110500,0.9868769,0.0001
full,2,510550,110550,0.9864598,0.0001
full,2,510600,110600,0.9866991,0.0001
full,2,510650,110650,0.9864489,0.0001
full,2,510700,110700,0.9866105,0.0001
full,2,510750,110750,0.9866166,0.0001
full,2,510800,110800,0.986411,0.0001
full,2,510850,110850,0.9866205,0.0001
full,2,510900,110900,0.9868487,0.0001
full,2,510950,110950,0.9864286,0.0001
full,2,511000,111000,0.9866268,0.0001
full,2,511050,111050,0.986513,0.0001
full,2,511100,111100,0.986798,0.0001
full,2,511150,111150,0.9865547,0.0001
full,2,511200,111200,0.9866391,0.0001
full,2,511250,111250,0.9863612,0.0001
full,2,511300,111300,0.9865118,0.0001
full,2,511350,111350,0.9865409,0.0001
full,2,511400,111400,0.9865947,0.0001
full,2,511450,111450,0.9863032,0.0001
full,2,511500,111500,0.9863066,0.0001
full,2,511550,111550,0.9863867,0.0001
full,2,511600,111600,0.9864755,0.0001
full,2,511650,111650,0.986584,0.0001
full,2,511700,111700,0.9864888,0.0001
full,2,511750,111750,0.98641,0.0001
full,2,511800,111800,0.9865794,0.0001
full,2,511850,111850,0.9867732,0.0001
full,2,511900,111900,0.9864679,0.0001
full,2,511950,111950,0.9864268,0.0001
full,2,512000,112000,0.9869678,0.0001
full,2,512050,112050,0.9867128,0.0001
full,2,512100,112100,0.9863843,0.0001
full,2,512150,112150,0.986075,0.0001
full,2,512200,112200,0.9866881,0.0001
full,2,512250,112250,0.9867697,0.0001
full,2,512300,112300,0.9859366,0.0001
full,2,512350,112350,0.9865939,0.0001
full,2,512400,112400,0.9865752,0.0001
full,2,512450,112450,0.9863604,0.0001
full,2,512500,112500,0.9862693,0.0001
full,2,512550,112550,0.9865797,0.0001
full,2,512600,112600,0.9865807,0.0001
full,2,512650,112650,0.9863606,0.0001
full,2,512700,112700,0.9864053,0.0001
full,2,512750,112750,0.9867119,0.0001
full,2,512800,112800,0.9860818,0.0001
full,2,512850,112850,0.9866025,0.0001
full,2,512900,112900,0.9865484,0.0001
full,2,512950,112950,0.986622,0.0001
full,2,513000,113000,0.9866352,0.0001
full,2,513050,113050,0.9863921,0.0001
full,2,513100,113100,0.9865229,0.0001
full,2,513150,113150,0.9866547,0.0001
full,2,513200,113200,0.9864668,0.0001
full,2,513250,113250,0.9866307,0.0001
full,2,513300,113300,0.9866922,0.0001
full,2,513350,113350,0.9866149,0.0001
full,2,513400,113400,0.986767,0.0001
full,2,513450,113450,0.986293,0.0001
full,2,513500,113500,0.9866773,0.0001
full,2,513550,113550,0.9866247,0.0001
full,2,513600,113600,0.9868118,0.0001
full,2,513650,113650,0.9866048,0.0001
full,2,513700,113700,0.9865482,0.0001
full,2,513750,113750,0.9869787,0.0001
full,2,513800,113800,0.9862551,0.0001
full,2,513850,113850,0.9864628,0.0001
full,2,513900,113900,0.9865685,0.0001
full,2,513950,113950,0.9863726,0.0001
full,2,514000,114000,0.9866626,0.0001
full,2,514050,114050,0.9867258,0.0001
full,2,514100,114100,0.9864879,0.0001
full,2,514150,114150,0.9868261,0.0001
full,2,514200,114200,0.9868498,0.0001
full,2,514250,114250,0.9869435,0.0001
full,2,514300,114300,0.9864753,0.0001
full,2,514350,114350,0.98673,0.0001
full,2,514400,114400,0.9862283,0.0001
full,2,514450,114450,0.9864665,0.0001
full,2,514500,114500,0.9869865,0.0001
full,2,514550,114550,0.9866187,0.0001
full,2,514600,114600,0.986729,0.0001
full,2,514650,114650,0.9865593,0.0001
full,2,514700,114700,0.9865633,0.0001
full,2,514750,114750,0.9865699,0.0001
full,2,514800,114800,0.9861215,0.0001
full,2,514850,114850,0.9863868,0.0001
full,2,514900,114900,0.9869121,0.0001
full,2,514950,114950,0.9863765,0.0001
full,2,515000,115000,0.9863495,0.0001
full,2,515050,115050,0.9864904,0.0001
full,2,515100,115100,0.98691,0.0001
full,2,515150,115150,0.9865024,0.0001
full,2,515200,115200,0.9865091,0.0001
full,2,515250,115250,0.9865593,0.0001
full,2,515300,115300,0.9865705,0.0001
full,2,515350,115350,0.9865792,0.0001
full,2,515400,115400,0.9865099,0.0001
full,2,515450,115450,0.9863017,0.0001
full,2,515500,115500,0.9860974,0.0001
full,2,515550,115550,0.9864401,0.0001
full,2,515600,115600,0.9863551,0.0001
full,2,515650,115650,0.9867384,0.0001
full,2,515700,115700,0.9865168,0.0001
full,2,515750,115750,0.9862452,0.0001
full,2,515800,115800,0.9867519,0.0001
full,2,515850,115850,0.9866134,0.0001
full,2,515900,115900,0.9865044,0.0001
full,2,515950,115950,0.9864672,0.0001
full,2,516000,116000,0.9867113,0.0001
full,2,516050,116050,0.9867876,0.0001
full,2,516100,116100,0.9861361,0.0001
full,2,516150,116150,0.986284,0.0001
full,2,516200,116200,0.9864249,0.0001
full,2,516250,116250,0.9864821,0.0001
full,2,516300,116300,0.9866189,0.0001
full,2,516350,116350,0.9862915,0.0001
full,2,516400,116400,0.9865629,0.0001
full,2,516450,116450,0.9863231,0.0001
full,2,516500,116500,0.9862375,0.0001
full,2,516550,116550,0.9871874,0.0001
full,2,516600,116600,0.9866151,0.0001
full,2,516650,116650,0.9862687,0.0001
full,2,516700,116700,0.9865502,0.0001
full,2,516750,116750,0.986741,0.0001
full,2,516800,116800,0.9863012,0.0001
full,2,516850,116850,0.9867682,0.0001
full,2,516900,116900,0.9866002,0.0001
full,2,516950,116950,0.9863336,0.0001
full,2,517000,117000,0.9866614,0.0001
full,2,517050,117050,0.9865366,0.0001
full,2,517100,117100,0.9858345,0.0001
full,2,517150,117150,0.9865261,0.0001
full,2,517200,117200,0.9863006,0.0001
full,2,517250,117250,0.9864895,0.0001
full,2,517300,117300,0.9863432,0.0001
full,2,517350,117350,0.9865445,0.0001
full,2,517400,117400,0.9865338,0.0001
full,2,517450,117450,0.9866316,0.0001
full,2,517500,117500,0.9861175,0.0001
full,2,517550,117550,0.9865469,0.0001
full,2,517600,117600,0.986714,0.0001
full,2,517650,117650,0.9868031,0.0001
full,2,517700,117700,0.986842,0.0001
full,2,517750,117750,0.9866761,0.0001
full,2,517800,117800,0.9860514,0.0001
full,2,517850,117850,0.9867325,0.0001
full,2,517900,117900,0.9861929,0.0001
full,2,517950,117950,0.9864339,0.0001
full,2,518000,118000,0.9862478,0.0001
full,2,518050,118050,0.9861194,0.0001
full,2,518100,118100,0.9867352,0.0001
full,2,518150,118150,0.9866593,0.0001
full,2,518200,118200,0.9864629,0.0001
full,2,518250,118250,0.9868788,0.0001
full,2,518300,118300,0.9866635,0.0001
full,2,518350,118350,0.9861673,0.0001
full,2,518400,118400,0.9862489,0.0001
full,2,518450,118450,0.9864458,0.0001
full,2,518500,118500,0.9868342,0.0001
full,2,518550,118550,0.9867263,0.0001
full,2,518600,118600,0.9865232,0.0001
full,2,518650,118650,0.9869276,0.0001
full,2,518700,118700,0.986356,0.0001
full,2,518750,118750,0.9862322,0.0001
full,2,518800,118800,0.9868497,0.0001
full,2,518850,118850,0.986587,0.0001
full,2,518900,118900,0.986737,0.0001
full,2,518950,118950,0.9867407,0.0001
full,2,519000,119000,0.9867049,0.0001
full,2,519050,119050,0.9867369,0.0001
full,2,519100,119100,0.9861791,0.0001
full,2,519150,119150,0.9865279,0.0001
full,2,519200,119200,0.9864029,0.0001
full,2,519250,119250,0.9869584,0.0001
full,2,519300,119300,0.9866753,0.0001
full,2,519350,119350,0.9866328,0.0001
full,2,519400,119400,0.9863298,0.0001
full,2,519450,119450,0.9866543,0.0001
full,2,519500,119500,0.9864352,0.0001
full,2,519550,119550,0.9865483,0.0001
full,2,519600,119600,0.9867318,0.0001
full,2,519650,119650,0.9864825,0.0001
full,2,519700,119700,0.9868841,0.0001
full,2,519750,119750,0.986801,0.0001
full,2,519800,119800,0.9865189,0.0001
full,2,519850,119850,0.9863431,0.0001
full,2,519900,119900,0.9864766,0.0001
full,2,519950,119950,0.986265,0.0001
full,2,520000,120000,0.9866309,0.0001
full,2,520050,120050,0.986559,0.0001
full,2,520100,120100,0.9862887,0.0001
full,2,520150,120150,0.9865236,0.0001
full,2,520200,120200,0.9863607,0.0001
full,2,520250,120250,0.9867424,0.0001
full,2,520300,120300,0.9865679,0.0001
full,2,520350,120350,0.9861096,0.0001
full,2,520400,120400,0.9864936,0.0001
full,2,520450,120450,0.9863582,0.0001
full,2,520500,120500,0.9863311,0.0001
full,2,520550,120550,0.9867119,0.0001
full,2,520600,120600,0.9867662,0.0001
full,2,520650,120650,0.9869138,0.0001
full,2,520700,120700,0.9868448,0.0001
full,2,520750,120750,0.9861823,0.0001
full,2,520800,120800,0.9863697,0.0001
full,2,520850,120850,0.9868945,0.0001
full,2,520900,120900,0.9863597,0.0001
full,2,520950,120950,0.9864976,0.0001
full,2,521000,121000,0.9864309,0.0001
full,2,521050,121050,0.9861246,0.0001
full,2,521100,121100,0.9864972,0.0001
full,2,521150,121150,0.9865015,0.0001
full,2,521200,121200,0.9860768,0.0001
full,2,521250,121250,0.9863336,0.0001
full,2,521300,121300,0.9863738,0.0001
full,2,521350,121350,0.9867344,0.0001
full,2,521400,121400,0.9867759,0.0001
full,2,521450,121450,0.9865874,0.0001
full,2,521500,121500,0.9866336,0.0001
full,2,521550,121550,0.9864267,0.0001
full,2,521600,121600,0.9864214,0.0001
full,2,521650,121650,0.9865615,0.0001
full,2,521700,121700,0.9868453,0.0001
full,2,521750,121750,0.9868691,0.0001
full,2,521800,121800,0.9863963,0.0001
full,2,521850,121850,0.9866581,0.0001
full,2,521900,121900,0.9863484,0.0001
full,2,521950,121950,0.9861803,0.0001
full,2,522000,122000,0.9868789,0.0001
full,2,522050,122050,0.9862431,0.0001
full,2,522100,122100,0.986448,0.0001
full,2,522150,122150,0.9861426,0.0001
full,2,522200,122200,0.9867772,0.0001
full,2,522250,122250,0.9868011,0.0001
full,2,522300,122300,0.9871979,0.0001
full,2,522350,122350,0.9862655,0.0001
full,2,522400,122400,0.9864637,0.0001
full,2,522450,122450,0.9868018,0.0001
full,2,522500,122500,0.9865214,0.0001
full,2,522550,122550,0.9866617,0.0001
full,2,522600,122600,0.9863378,0.0001
full,2,522650,122650,0.9865276,0.0001
full,2,522700,122700,0.986575,0.0001
full,2,522750,122750,0.9867672,0.0001
full,2,522800,122800,0.986637,0.0001
full,2,522850,122850,0.9863569,0.0001
full,2,522900,122900,0.9864734,0.0001
full,2,522950,122950,0.9867458,0.0001
full,2,523000,123000,0.9865372,0.0001
full,2,523050,123050,0.9865907,0.0001
full,2,523100,123100,0.9865238,0.0001
full,2,523150,123150,0.986374,0.0001
full,2,523200,123200,0.9866449,0.0001
full,2,523250,123250,0.9866917,0.0001
full,2,523300,123300,0.9868608,0.0001
full,2,523350,123350,0.9864184,0.0001
full,2,523400,123400,0.9868522,0.0001
full,2,523450,123450,0.9866019,0.0001
full,2,523500,123500,0.9868397,0.0001
full,2,523550,123550,0.9867445,0.0001
full,2,523600,123600,0.9858667,0.0001
full,2,523650,123650,0.9861309,0.0001
full,2,523700,123700,0.9862666,0.0001
full,2,523750,123750,0.9869329,0.0001
full,2,523800,123800,0.9863514,0.0001
full,2,523850,123850,0.986526,0.0001
full,2,523900,123900,0.9869696,0.0001
full,2,523950,123950,0.9867261,0.0001
full,2,524000,124000,0.9863209,0.0001
full,2,524050,124050,0.9865152,0.0001
full,2,524100,124100,0.9869428,0.0001
full,2,524150,124150,0.9865333,0.0001
full,2,524200,124200,0.986833,0.0001
full,2,524250,124250,0.9867644,0.0001
full,2,524300,124300,0.9865135,0.0001
full,2,524350,124350,0.9865146,0.0001
full,2,524400,124400,0.9865377,0.0001
full,2,524450,124450,0.9865912,0.0001
full,2,524500,124500,0.9864182,0.0001
full,2,524550,124550,0.9862148,0.0001
full,2,524600,124600,0.987105,0.0001
full,2,524650,124650,0.9863318,0.0001
full,2,524700,124700,0.9868833,0.0001
full,2,524750,124750,0.9866363,0.0001
full,2,524800,124800,0.9868475,0.0001
full,2,524850,124850,0.9861442,0.0001
full,2,524900,124900,0.9869205,0.0001
full,2,524950,124950,0.9867824,0.0001
full,2,525000,125000,0.9861972,0.0001
full,2,525050,125050,0.9864486,0.0001
full,2,525100,125100,0.9862853,0.0001
full,2,525150,125150,0.9866151,0.0001
full,2,525200,125200,0.9864995,0.0001
full,2,525250,125250,0.986823,0.0001
full,2,525300,125300,0.9863384,0.0001
full,2,525350,125350,0.9866205,0.0001
full,2,525400,125400,0.9865956,0.0001
full,2,525450,125450,0.9867382,0.0001
full,2,525500,125500,0.9867949,0.0001
full,2,525550,125550,0.986581,0.0001
full,2,525600,125600,0.9867617,0.0001
full,2,525650,125650,0.9867938,0.0001
full,2,525700,125700,0.9864636,0.0001
full,2,525750,125750,0.9868175,0.0001
full,2,525800,125800,0.9865859,0.0001
full,2,525850,125850,0.986634,0.0001
full,2,525900,125900,0.9866191,0.0001
full,2,525950,125950,0.9869833,0.0001
full,2,526000,126000,0.9866424,0.0001
full,2,526050,126050,0.9865244,0.0001
full,2,526100,126100,0.9866297,0.0001
full,2,526150,126150,0.9866835,0.0001
full,2,526200,126200,0.9864682,0.0001
full,2,526250,126250,0.9861606,0.0001
full,2,526300,126300,0.9866576,0.0001
full,2,526350,126350,0.9860909,0.0001
full,2,526400,126400,0.986865,0.0001
full,2,526450,126450,0.9868854,0.0001
full,2,526500,126500,0.9863132,0.0001
full,2,526550,126550,0.9869307,0.0001
full,2,526600,126600,0.986344,0.0001
full,2,526650,126650,0.9864099,0.0001
full,2,526700,126700,0.9860556,0.0001
full,2,526750,126750,0.9864904,0.0001
full,2,526800,126800,0.9863819,0.0001
full,2,526850,126850,0.9863099,0.0001
full,2,526900,126900,0.9869235,0.0001
full,2,526950,126950,0.98653,0.0001
full,2,527000,127000,0.9866195,0.0001
full,2,527050,127050,0.9870912,0.0001
full,2,527100,127100,0.9866734,0.0001
full,2,527150,127150,0.9860982,0.0001
full,2,527200,127200,0.986601,0.0001
full,2,527250,127250,0.9862301,0.0001
full,2,527300,127300,0.9866958,0.0001
full,2,527350,127350,0.9860967,0.0001
full,2,527400,127400,0.9867365,0.0001
full,2,527450,127450,0.9866026,0.0001
full,2,527500,127500,0.9868179,0.0001
full,2,527550,127550,0.9864525,0.0001
full,2,527600,127600,0.9866462,0.0001
full,2,527650,127650,0.9863772,0.0001
full,2,527700,127700,0.9864339,0.0001
full,2,527750,127750,0.986616,0.0001
full,2,527800,127800,0.9861181,0.0001
full,2,527850,127850,0.986393,0.0001
full,2,527900,127900,0.9867691,0.0001
full,2,527950,127950,0.9867873,0.0001
full,2,528000,128000,0.9865608,0.0001
full,2,528050,128050,0.9864393,0.0001
full,2,528100,128100,0.9866386,0.0001
full,2,528150,128150,0.9866429,0.0001
full,2,528200,128200,0.9863641,0.0001
full,2,528250,128250,0.9865465,0.0001
full,2,528300,128300,0.9863001,0.0001
full,2,528350,128350,0.9865732,0.0001
full,2,528400,128400,0.9864405,0.0001
full,2,528450,128450,0.9867539,0.0001
full,2,528500,128500,0.9863495,0.0001
full,2,528550,128550,0.9871069,0.0001
full,2,528600,128600,0.9864922,0.0001
full,2,528650,128650,0.9870044,0.0001
full,2,528700,128700,0.9866787,0.0001
full,2,528750,128750,0.9867173,0.0001
full,2,528800,128800,0.9868331,0.0001
full,2,528850,128850,0.9861712,0.0001
full,2,528900,128900,0.9869777,0.0001
full,2,528950,128950,0.9863438,0.0001
full,2,529000,129000,0.986278,0.0001
full,2,529050,129050,0.9866636,0.0001
full,2,529100,129100,0.9865971,0.0001
full,2,529150,129150,0.9859996,0.0001
full,2,529200,129200,0.9864606,0.0001
full,2,529250,129250,0.9865059,0.0001
full,2,529300,129300,0.9861885,0.0001
full,2,529350,129350,0.9865513,0.0001
full,2,529400,129400,0.9862534,0.0001
full,2,529450,129450,0.9866982,0.0001
full,2,529500,129500,0.9864544,0.0001
full,2,529550,129550,0.9862701,0.0001
full,2,529600,129600,0.9862159,0.0001
full,2,529650,129650,0.9869955,0.0001
full,2,529700,129700,0.986526,0.0001
full,2,529750,129750,0.9865873,0.0001
full,2,529800,129800,0.9866472,0.0001
full,2,529850,129850,0.9866031,0.0001
full,2,529900,129900,0.9867113,0.0001
full,2,529950,129950,0.9866318,0.0001
full,2,530000,130000,0.9867685,0.0001
full,2,530050,130050,0.9865163,0.0001
full,2,530100,130100,0.9865319,0.0001
full,2,530150,130150,0.9865472,0.0001
full,2,530200,130200,0.9866593,0.0001
full,2,530250,130250,0.9864317,0.0001
full,2,530300,130300,0.9862451,0.0001
full,2,530350,130350,0.987129,0.0001
full,2,530400,130400,0.9861081,0.0001
full,2,530450,130450,0.9865384,0.0001
full,2,530500,130500,0.9867956,0.0001
full,2,530550,130550,0.9862323,0.0001
full,2,530600,130600,0.9867504,0.0001
full,2,530650,130650,0.9864037,0.0001
full,2,530700,130700,0.9865361,0.0001
full,2,530750,130750,0.9865336,0.0001
full,2,530800,130800,0.9867102,0.0001
full,2,530850,130850,0.986739,0.0001
full,2,530900,130900,0.986383,0.0001
full,2,530950,130950,0.986666,0.0001
full,2,531000,131000,0.9861369,0.0001
full,2,531050,131050,0.9864269,0.0001
full,2,531100,131100,0.9868525,0.0001
full,2,531150,131150,0.9870614,0.0001
full,2,531200,131200,0.9863832,0.0001
full,2,531250,131250,0.9865091,0.0001
full,2,531300,131300,0.9864825,0.0001
full,2,531350,131350,0.9864711,0.0001
full,2,531400,131400,0.9867775,0.0001
full,2,531450,131450,0.9866817,0.0001
full,2,531500,131500,0.9865799,0.0001
full,2,531550,131550,0.9866439,0.0001
full,2,531600,131600,0.9866208,0.0001
full,2,531650,131650,0.9865559,0.0001
full,2,531700,131700,0.986901,0.0001
full,2,531750,131750,0.9860753,0.0001
full,2,531800,131800,0.9865213,0.0001
full,2,531850,131850,0.9865509,0.0001
full,2,531900,131900,0.9869121,0.0001
full,2,531950,131950,0.9864905,0.0001
full,2,532000,132000,0.9865304,0.0001
full,2,532050,132050,0.9862159,0.0001
full,2,532100,132100,0.9864179,0.0001
full,2,532150,132150,0.9865142,0.0001
full,2,532200,132200,0.9862524,0.0001
full,2,532250,132250,0.9868349,0.0001
full,2,532300,132300,0.9870458,0.0001
full,2,532350,132350,0.9866304,0.0001
full,2,532400,132400,0.9864031,0.0001
full,2,532450,132450,0.9866294,0.0001
full,2,532500,132500,0.9867269,0.0001
full,2,532550,132550,0.9873979,0.0001
full,2,532600,132600,0.9867609,0.0001
full,2,532650,132650,0.9867089,0.0001
full,2,532700,132700,0.9862555,0.0001
full,2,532750,132750,0.9865797,0.0001
full,2,532800,132800,0.9867584,0.0001
full,2,532850,132850,0.9863179,0.0001
full,2,532900,132900,0.9868008,0.0001
full,2,532950,132950,0.9864303,0.0001
full,2,533000,133000,0.9863244,0.0001
full,2,533050,133050,0.9869282,0.0001
full,2,533100,133100,0.9864234,0.0001
full,2,533150,133150,0.9870359,0.0001
full,2,533200,133200,0.9865372,0.0001
full,2,533250,133250,0.9863017,0.0001
full,2,533300,133300,0.9867815,0.0001
full,2,533350,133350,0.9861949,0.0001
full,2,533400,133400,0.9867353,0.0001
full,2,533450,133450,0.9866628,0.0001
full,2,533500,133500,0.9869373,0.0001
full,2,533550,133550,0.986591,0.0001
full,2,533600,133600,0.9863356,0.0001
full,2,533650,133650,0.9865752,0.0001
full,2,533700,133700,0.9868764,0.0001
full,2,533750,133750,0.986811,0.0001
full,2,533800,133800,0.9862941,0.0001
full,2,533850,133850,0.9863536,0.0001
full,2,533900,133900,0.9860732,0.0001
full,2,533950,133950,0.9866817,0.0001
full,2,534000,134000,0.9864097,0.0001
full,2,534050,134050,0.9863653,0.0001
full,2,534100,134100,0.9866515,0.0001
full,2,534150,134150,0.9862363,0.0001
full,2,534200,134200,0.9861889,0.0001
full,2,534250,134250,0.9867813,0.0001
full,2,534300,134300,0.9864439,0.0001
full,2,534350,134350,0.9864065,0.0001
full,2,534400,134400,0.9864631,0.0001
full,2,534450,134450,0.9861374,0.0001
full,2,534500,134500,0.98642,0.0001
full,2,534550,134550,0.9868754,0.0001
full,2,534600,134600,0.98669,0.0001
full,2,534650,134650,0.9864894,0.0001
full,2,534700,134700,0.9864836,0.0001
full,2,534750,134750,0.9866694,0.0001
full,2,534800,134800,0.9866338,0.0001
full,2,534850,134850,0.985974,0.0001
full,2,534900,134900,0.9864539,0.0001
full,2,534950,134950,0.9862799,0.0001
full,2,535000,135000,0.9869234,0.0001
full,2,535050,135050,0.9868177,0.0001
full,2,535100,135100,0.9862574,0.0001
full,2,535150,135150,0.9864473,0.0001
full,2,535200,135200,0.9865925,0.0001
full,2,535250,135250,0.986656,0.0001
full,2,535300,135300,0.9869707,0.0001
full,2,535350,135350,0.9866021,0.0001
full,2,535400,135400,0.9867004,0.0001
full,2,535450,135450,0.9864197,0.0001
full,2,535500,135500,0.9862338,0.0001
full,2,535550,135550,0.9863216,0.0001
full,2,535600,135600,0.9864413,0.0001
full,2,535650,135650,0.9869176,0.0001
full,2,535700,135700,0.9865499,0.0001
full,2,535750,135750,0.9864672,0.0001
full,2,535800,135800,0.9866715,0.0001
full,2,535850,135850,0.9866856,0.0001
full,2,535900,135900,0.9867942,0.0001
full,2,535950,135950,0.9867226,0.0001
full,2,536000,136000,0.9867061,0.0001
full,2,536050,136050,0.9861943,0.0001
full,2,536100,136100,0.9862509,0.0001
full,2,536150,136150,0.9865317,0.0001
full,2,536200,136200,0.9869014,0.0001
full,2,536250,136250,0.9863217,0.0001
full,2,536300,136300,0.9865819,0.0001
full,2,536350,136350,0.9863168,0.0001
full,2,536400,136400,0.9867393,0.0001
full,2,536450,136450,0.986508,0.0001
full,2,536500,136500,0.986283,0.0001
full,2,536550,136550,0.9863365,0.0001
full,2,536600,136600,0.9865018,0.0001
full,2,536650,136650,0.9866029,0.0001
full,2,536700,136700,0.9865712,0.0001
full,2,536750,136750,0.9866354,0.0001
full,2,536800,136800,0.9869533,0.0001
full,2,536850,136850,0.9866192,0.0001
full,2,536900,136900,0.9862664,0.0001
full,2,536950,136950,0.9862301,0.0001
full,2,537000,137000,0.9867279,0.0001
full,2,537050,137050,0.9858263,0.0001
full,2,537100,137100,0.9872846,0.0001
full,2,537150,137150,0.9864001,0.0001
full,2,537200,137200,0.9868495,0.0001
full,2,537250,137250,0.9866456,0.0001
full,2,537300,137300,0.9863707,0.0001
full,2,537350,137350,0.9864931,0.0001
full,2,537400,137400,0.9867187,0.0001
full,2,537450,137450,0.9862852,0.0001
full,2,537500,137500,0.9866333,0.0001
full,2,537550,137550,0.9864069,0.0001
full,2,537600,137600,0.9864483,0.0001
full,2,537650,137650,0.9860373,0.0001
full,2,537700,137700,0.9864169,0.0001
full,2,537750,137750,0.9868197,0.0001
full,2,537800,137800,0.9867617,0.0001
full,2,537850,137850,0.9868726,0.0001
full,2,537900,137900,0.9867179,0.0001
full,2,537950,137950,0.9859723,0.0001
full,2,538000,138000,0.9865837,0.0001
full,2,538050,138050,0.9862465,0.0001
full,2,538100,138100,0.9861873,0.0001
full,2,538150,138150,0.9866297,0.0001
full,2,538200,138200,0.9864199,0.0001
full,2,538250,138250,0.9866331,0.0001
full,2,538300,138300,0.9863165,0.0001
full,2,538350,138350,0.9864076,0.0001
full,2,538400,138400,0.9868435,0.0001
full,2,538450,138450,0.9865858,0.0001
full,2,538500,138500,0.986697,0.0001
full,2,538550,138550,0.9868819,0.0001
full,2,538600,138600,0.9863998,0.0001
full,2,538650,138650,0.9868432,0.0001
full,2,538700,138700,0.9867024,0.0001
full,2,538750,138750,0.9865623,0.0001
full,2,538800,138800,0.9867535,0.0001
full,2,538850,138850,0.9864417,0.0001
full,2,538900,138900,0.9865372,0.0001
full,2,538950,138950,0.9864612,0.0001
full,2,539000,139000,0.986519,0.0001
full,2,539050,139050,0.986751,0.0001
full,2,539100,139100,0.9865195,0.0001
full,2,539150,139150,0.9868026,0.0001
full,2,539200,139200,0.986843,0.0001
full,2,539250,139250,0.986647,0.0001
full,2,539300,139300,0.9866421,0.0001
full,2,539350,139350,0.9866727,0.0001
full,2,539400,139400,0.9864833,0.0001
full,2,539450,139450,0.986405,0.0001
full,2,539500,139500,0.9863312,0.0001
full,2,539550,139550,0.9865367,0.0001
full,2,539600,139600,0.9868797,0.0001
full,2,539650,139650,0.9863232,0.0001
full,2,539700,139700,0.9864033,0.0001
full,2,539750,139750,0.9866379,0.0001
full,2,539800,139800,0.9868582,0.0001
full,2,539850,139850,0.9865276,0.0001
full,2,539900,139900,0.986405,0.0001
full,2,539950,139950,0.9865579,0.0001
full,2,540000,140000,0.9867203,0.0001
full,2,540050,140050,0.9866517,0.0001
full,2,540100,140100,0.9866424,0.0001
full,2,540150,140150,0.9862801,0.0001
full,2,540200,140200,0.9866372,0.0001
full,2,540250,140250,0.9866269,0.0001
full,2,540300,140300,0.9867025,0.0001
full,2,540350,140350,0.9864725,0.0001
full,2,540400,140400,0.9866845,0.0001
full,2,540450,140450,0.986401,0.0001
full,2,540500,140500,0.9865153,0.0001
full,2,540550,140550,0.9867183,0.0001
full,2,540600,140600,0.9866565,0.0001
full,2,540650,140650,0.9868792,0.0001
full,2,540700,140700,0.9863443,0.0001
full,2,540750,140750,0.9865347,0.0001
full,2,540800,140800,0.9864472,0.0001
full,2,540850,140850,0.9864311,0.0001
full,2,540900,140900,0.9863745,0.0001
full,2,540950,140950,0.9864843,0.0001
full,2,541000,141000,0.9865909,0.0001
full,2,541050,141050,0.9864933,0.0001
full,2,541100,141100,0.9864665,0.0001
full,2,541150,141150,0.9866817,0.0001
full,2,541200,141200,0.9868947,0.0001
full,2,541250,141250,0.9865755,0.0001
full,2,541300,141300,0.9865853,0.0001
full,2,541350,141350,0.9867646,0.0001
full,2,541400,141400,0.9868318,0.0001
full,2,541450,141450,0.9867148,0.0001
full,2,541500,141500,0.986147,0.0001
full,2,541550,141550,0.9862013,0.0001
full,2,541600,141600,0.986187,0.0001
full,2,541650,141650,0.9865399,0.0001
full,2,541700,141700,0.9865845,0.0001
full,2,541750,141750,0.9865415,0.0001
full,2,541800,141800,0.9864591,0.0001
full,2,541850,141850,0.9862263,0.0001
full,2,541900,141900,0.9863996,0.0001
full,2,541950,141950,0.9864755,0.0001
full,2,542000,142000,0.9867818,0.0001
full,2,542050,142050,0.986842,0.0001
full,2,542100,142100,0.986861,0.0001
full,2,542150,142150,0.9860614,0.0001
full,2,542200,142200,0.9868426,0.0001
full,2,542250,142250,0.9862269,0.0001
full,2,542300,142300,0.9868348,0.0001
full,2,542350,142350,0.9865094,0.0001
full,2,542400,142400,0.9864404,0.0001
full,2,542450,142450,0.9860021,0.0001
full,2,542500,142500,0.9863924,0.0001
full,2,542550,142550,0.9865288,0.0001
full,2,542600,142600,0.9867581,0.0001
full,2,542650,142650,0.986957,0.0001
full,2,542700,142700,0.9865985,0.0001
full,2,542750,142750,0.9860898,0.0001
full,2,542800,142800,0.986101,0.0001
full,2,542850,142850,0.9865238,0.0001
full,2,542900,142900,0.9868042,0.0001
full,2,542950,142950,0.9862116,0.0001
full,2,543000,143000,0.9865004,0.0001
full,2,543050,143050,0.9864617,0.0001
full,2,543100,143100,0.9865186,0.0001
full,2,543150,143150,0.9864535,0.0001
full,2,543200,143200,0.9866082,0.0001
full,2,543250,143250,0.9864048,0.0001
full,2,543300,143300,0.9869198,0.0001
full,2,543350,143350,0.9865807,0.0001
full,2,543400,143400,0.9865317,0.0001
full,2,543450,143450,0.9865837,0.0001
full,2,543500,143500,0.9868386,0.0001
full,2,543550,143550,0.9862387,0.0001
full,2,543600,143600,0.9861867,0.0001
full,2,543650,143650,0.9864055,0.0001
full,2,543700,143700,0.986689,0.0001
full,2,543750,143750,0.9862015,0.0001
full,2,543800,143800,0.9863909,0.0001
full,2,543850,143850,0.9867767,0.0001
full,2,543900,143900,0.9862415,0.0001
full,2,543950,143950,0.9864354,0.0001
full,2,544000,144000,0.9867838,0.0001
full,2,544050,144050,0.9863365,0.0001
full,2,544100,144100,0.9863659,0.0001
full,2,544150,144150,0.986617,0.0001
full,2,544200,144200,0.9863483,0.0001
full,2,544250,144250,0.986662,0.0001
full,2,544300,144300,0.9864677,0.0001
full,2,544350,144350,0.9866794,0.0001
full,2,544400,144400,0.9864873,0.0001
full,2,544450,144450,0.9871578,0.0001
full,2,544500,144500,0.9867687,0.0001
full,2,544550,144550,0.9864935,0.0001
full,2,544600,144600,0.9865281,0.0001
full,2,544650,144650,0.986368,0.0001
full,2,544700,144700,0.986249,0.0001
full,2,544750,144750,0.9865232,0.0001
full,2,544800,144800,0.9865726,0.0001
full,2,544850,144850,0.9867489,0.0001
full,2,544900,144900,0.986946,0.0001
full,2,544950,144950,0.9868575,0.0001
full,2,545000,145000,0.9857671,0.0001
full,2,545050,145050,0.9862064,0.0001
full,2,545100,145100,0.9860528,0.0001
full,2,545150,145150,0.9862098,0.0001
full,2,545200,145200,0.9864572,0.0001
full,2,545250,145250,0.986659,0.0001
full,2,545300,145300,0.9866495,0.0001
full,2,545350,145350,0.9862897,0.0001
full,2,545400,145400,0.986584,0.0001
full,2,545450,145450,0.9862217,0.0001
full,2,545500,145500,0.9867694,0.0001
full,2,545550,145550,0.9867608,0.0001
full,2,545600,145600,0.9864439,0.0001
full,2,545650,145650,0.9864374,0.0001
full,2,545700,145700,0.9868277,0.0001
full,2,545750,145750,0.9866495,0.0001
full,2,545800,145800,0.9867511,0.0001
full,2,545850,145850,0.9864162,0.0001
full,2,545900,145900,0.9867862,0.0001
full,2,545950,145950,0.9868128,0.0001
full,2,546000,146000,0.9866644,0.0001
full,2,546050,146050,0.9866028,0.0001
full,2,546100,146100,0.9864961,0.0001
full,2,546150,146150,0.9870683,0.0001
full,2,546200,146200,0.9866039,0.0001
full,2,546250,146250,0.9865485,0.0001
full,2,546300,146300,0.9869615,0.0001
full,2,546350,146350,0.9864752,0.0001
full,2,546400,146400,0.9868285,0.0001
full,2,546450,146450,0.9859585,0.0001
full,2,546500,146500,0.9863684,0.0001
full,2,546550,146550,0.9865522,0.0001
full,2,546600,146600,0.9863495,0.0001
full,2,546650,146650,0.9866756,0.0001
full,2,546700,146700,0.9863658,0.0001
full,2,546750,146750,0.9863164,0.0001
full,2,546800,146800,0.986334,0.0001
full,2,546850,146850,0.9864792,0.0001
full,2,546900,146900,0.9865683,0.0001
full,2,546950,146950,0.9868859,0.0001
full,2,547000,147000,0.9866739,0.0001
full,2,547050,147050,0.9864342,0.0001
full,2,547100,147100,0.9867222,0.0001
full,2,547150,147150,0.986359,0.0001
full,2,547200,147200,0.9863724,0.0001
full,2,547250,147250,0.9863244,0.0001
full,2,547300,147300,0.9863611,0.0001
full,2,547350,147350,0.9868197,0.0001
full,2,547400,147400,0.9860278,0.0001
full,2,547450,147450,0.9865345,0.0001
full,2,547500,147500,0.9865086,0.0001
full,2,547550,147550,0.9866916,0.0001
full,2,547600,147600,0.9873773,0.0001
full,2,547650,147650,0.9866555,0.0001
full,2,547700,147700,0.9864013,0.0001
full,2,547750,147750,0.9866338,0.0001
full,2,547800,147800,0.9866539,0.0001
full,2,547850,147850,0.9865667,0.0001
full,2,547900,147900,0.9868704,0.0001
full,2,547950,147950,0.98656,0.0001
full,2,548000,148000,0.9869687,0.0001
full,2,548050,148050,0.9863201,0.0001
full,2,548100,148100,0.9865571,0.0001
full,2,548150,148150,0.986585,0.0001
full,2,548200,148200,0.9860393,0.0001
full,2,548250,148250,0.9864197,0.0001
full,2,548300,148300,0.9868523,0.0001
full,2,548350,148350,0.9867461,0.0001
full,2,548400,148400,0.986428,0.0001
full,2,548450,148450,0.9866626,0.0001
full,2,548500,148500,0.9866994,0.0001
full,2,548550,148550,0.986306,0.0001
full,2,548600,148600,0.9860441,0.0001
full,2,548650,148650,0.9866524,0.0001
full,2,548700,148700,0.9865762,0.0001
full,2,548750,148750,0.9862179,0.0001
full,2,548800,148800,0.9867236,0.0001
full,2,548850,148850,0.9862757,0.0001
full,2,548900,148900,0.9862306,0.0001
full,2,548950,148950,0.98639,0.0001
full,2,549000,149000,0.9863552,0.0001
full,2,549050,149050,0.9865623,0.0001
full,2,549100,149100,0.9864917,0.0001
full,2,549150,149150,0.986486,0.0001
full,2,549200,149200,0.9866676,0.0001
full,2,549250,149250,0.9868709,0.0001
full,2,549300,149300,0.9861539,0.0001
full,2,549350,149350,0.985599,0.0001
full,2,549400,149400,0.9865394,0.0001
full,2,549450,149450,0.9863237,0.0001
full,2,549500,149500,0.9863419,0.0001
full,2,549550,149550,0.9864725,0.0001
full,2,549600,149600,0.9866748,0.0001
full,2,549650,149650,0.9866732,0.0001
full,2,549700,149700,0.9864311,0.0001
full,2,549750,149750,0.9865947,0.0001
full,2,549800,149800,0.9869108,0.0001
full,2,549850,149850,0.9864357,0.0001
full,2,549900,149900,0.9863514,0.0001
full,2,549950,149950,0.9865195,0.0001
full,2,550000,150000,0.9865966,0.0001
full,2,550050,150050,0.9871058,0.0001
full,2,550100,150100,0.986483,0.0001
full,2,550150,150150,0.9864037,0.0001
full,2,550200,150200,0.9865192,0.0001
full,2,550250,150250,0.9868421,0.0001
full,2,550300,150300,0.9864762,0.0001
full,2,550350,150350,0.9870183,0.0001
full,2,550400,150400,0.9864268,0.0001
full,2,550450,150450,0.9867023,0.0001
full,2,550500,150500,0.9863287,0.0001
full,2,550550,150550,0.9865397,0.0001
full,2,550600,150600,0.9865592,0.0001
full,2,550650,150650,0.9862351,0.0001
full,2,550700,150700,0.9865617,0.0001
full,2,550750,150750,0.9864893,0.0001
full,2,550800,150800,0.9868734,0.0001
full,2,550850,150850,0.9866006,0.0001
full,2,550900,150900,0.9867703,0.0001
full,2,550950,150950,0.9864786,0.0001
full,2,551000,151000,0.9865581,0.0001
full,2,551050,151050,0.9866479,0.0001
full,2,551100,151100,0.9866542,0.0001
full,2,551150,151150,0.9861381,0.0001
full,2,551200,151200,0.9865882,0.0001
full,2,551250,151250,0.9865453,0.0001
full,2,551300,151300,0.9868203,0.0001
full,2,551350,151350,0.9864517,0.0001
full,2,551400,151400,0.9865276,0.0001
full,2,551450,151450,0.9865386,0.0001
full,2,551500,151500,0.9867122,0.0001
full,2,551550,151550,0.9862805,0.0001
full,2,551600,151600,0.986214,0.0001
full,2,551650,151650,0.9865738,0.0001
full,2,551700,151700,0.9864988,0.0001
full,2,551750,151750,0.9864576,0.0001
full,2,551800,151800,0.9863759,0.0001
full,2,551850,151850,0.9868257,0.0001
full,2,551900,151900,0.9865598,0.0001
full,2,551950,151950,0.9866614,0.0001
full,2,552000,152000,0.986462,0.0001
full,2,552050,152050,0.9867617,0.0001
full,2,552100,152100,0.986442,0.0001
full,2,552150,152150,0.9868976,0.0001
full,2,552200,152200,0.9865756,0.0001
full,2,552250,152250,0.9863856,0.0001
full,2,552300,152300,0.9866217,0.0001
full,2,552350,152350,0.9865081,0.0001
full,2,552400,152400,0.9862669,0.0001
full,2,552450,152450,0.9868432,0.0001
full,2,552500,152500,0.9865737,0.0001
full,2,552550,152550,0.9869482,0.0001
full,2,552600,152600,0.9866726,0.0001
full,2,552650,152650,0.9866903,0.0001
full,2,552700,152700,0.9864587,0.0001
full,2,552750,152750,0.9869108,0.0001
full,2,552800,152800,0.9867046,0.0001
full,2,552850,152850,0.986025,0.0001
full,2,552900,152900,0.986479,0.0001
full,2,552950,152950,0.9862154,0.0001
full,2,553000,153000,0.9865577,0.0001
full,2,553050,153050,0.9867573,0.0001
full,2,553100,153100,0.9869618,0.0001
full,2,553150,153150,0.9862629,0.0001
full,2,553200,153200,0.9864131,0.0001
full,2,553250,153250,0.9865,0.0001
full,2,553300,153300,0.9864292,0.0001
full,2,553350,153350,0.9865639,0.0001
full,2,553400,153400,0.986376,0.0001
full,2,553450,153450,0.9866489,0.0001
full,2,553500,153500,0.9866014,0.0001
full,2,553550,153550,0.9862652,0.0001
full,2,553600,153600,0.986538,0.0001
full,2,553650,153650,0.9866222,0.0001
full,2,553700,153700,0.9865135,0.0001
full,2,553750,153750,0.9868867,0.0001
full,2,553800,153800,0.9865777,0.0001
full,2,553850,153850,0.9863453,0.0001
full,2,553900,153900,0.9861577,0.0001
full,2,553950,153950,0.9866636,0.0001
full,2,554000,154000,0.9863312,0.0001
full,2,554050,154050,0.9867187,0.0001
full,2,554100,154100,0.9866107,0.0001
full,2,554150,154150,0.9865352,0.0001
full,2,554200,154200,0.9865886,0.0001
full,2,554250,154250,0.9865137,0.0001
full,2,554300,154300,0.986633,0.0001
full,2,554350,154350,0.9863996,0.0001
full,2,554400,154400,0.9862922,0.0001
full,2,554450,154450,0.9868122,0.0001
full,2,554500,154500,0.9862511,0.0001
full,2,554550,154550,0.9861766,0.0001
full,2,554600,154600,0.9867441,0.0001
full,2,554650,154650,0.9866993,0.0001
full,2,554700,154700,0.9865367,0.0001
full,2,554750,154750,0.9864407,0.0001
full,2,554800,154800,0.9865631,0.0001
full,2,554850,154850,0.9868126,0.0001
full,2,554900,154900,0.9868164,0.0001
full,2,554950,154950,0.9865739,0.0001
full,2,555000,155000,0.9863402,0.0001
full,2,555050,155050,0.986751,0.0001
full,2,555100,155100,0.9864374,0.0001
full,2,555150,155150,0.9866357,0.0001
full,2,555200,155200,0.9867557,0.0001
full,2,555250,155250,0.9866862,0.0001
full,2,555300,155300,0.986716,0.0001
full,2,555350,155350,0.9864975,0.0001
full,2,555400,155400,0.9866391,0.0001
full,2,555450,155450,0.9860637,0.0001
full,2,555500,155500,0.9862816,0.0001
full,2,555550,155550,0.9861985,0.0001
full,2,555600,155600,0.9864998,0.0001
full,2,555650,155650,0.9867257,0.0001
full,2,555700,155700,0.9863955,0.0001
full,2,555750,155750,0.9853528,0.0001
full,2,555800,155800,0.9865794,0.0001
full,2,555850,155850,0.9865673,0.0001
full,2,555900,155900,0.986762,0.0001
full,2,555950,155950,0.9864908,0.0001
full,2,556000,156000,0.9866878,0.0001
full,2,556050,156050,0.9863746,0.0001
full,2,556100,156100,0.986584,0.0001
full,2,556150,156150,0.9866312,0.0001
full,2,556200,156200,0.9866347,0.0001
full,2,556250,156250,0.98664,0.0001
full,2,556300,156300,0.986365,0.0001
full,2,556350,156350,0.9863896,0.0001
full,2,556400,156400,0.9867947,0.0001
full,2,556450,156450,0.9866554,0.0001
full,2,556500,156500,0.9868464,0.0001
full,2,556550,156550,0.9865525,0.0001
full,2,556600,156600,0.9863927,0.0001
full,2,556650,156650,0.9866806,0.0001
full,2,556700,156700,0.9863265,0.0001
full,2,556750,156750,0.9863302,0.0001
full,2,556800,156800,0.9859164,0.0001
full,2,556850,156850,0.9862923,0.0001
full,2,556900,156900,0.9866897,0.0001
full,2,556950,156950,0.9863353,0.0001
full,2,557000,157000,0.9865873,0.0001
full,2,557050,157050,0.9859502,0.0001
full,2,557100,157100,0.9862469,0.0001
full,2,557150,157150,0.9867685,0.0001
full,2,557200,157200,0.9865972,0.0001
full,2,557250,157250,0.986456,0.0001
full,2,557300,157300,0.986304,0.0001
full,2,557350,157350,0.986398,0.0001
full,2,557400,157400,0.9865168,0.0001
full,2,557450,157450,0.9867905,0.0001
full,2,557500,157500,0.9866462,0.0001
full,2,557550,157550,0.9865606,0.0001
full,2,557600,157600,0.9864554,0.0001
full,2,557650,157650,0.9867901,0.0001
full,2,557700,157700,0.9866521,0.0001
full,2,557750,157750,0.9866982,0.0001
full,2,557800,157800,0.9865917,0.0001
full,2,557850,157850,0.9863483,0.0001
full,2,557900,157900,0.9867885,0.0001
full,2,557950,157950,0.986325,0.0001
full,2,558000,158000,0.9864026,0.0001
full,2,558050,158050,0.9863044,0.0001
full,2,558100,158100,0.9863037,0.0001
full,2,558150,158150,0.9865941,0.0001
full,2,558200,158200,0.9866044,0.0001
full,2,558250,158250,0.9867849,0.0001
full,2,558300,158300,0.9864699,0.0001
full,2,558350,158350,0.9864149,0.0001
full,2,558400,158400,0.986572,0.0001
full,2,558450,158450,0.9864767,0.0001
full,2,558500,158500,0.9868055,0.0001
full,2,558550,158550,0.9862362,0.0001
full,2,558600,158600,0.9861688,0.0001
full,2,558650,158650,0.9865623,0.0001
full,2,558700,158700,0.9863439,0.0001
full,2,558750,158750,0.9861894,0.0001
full,2,558800,158800,0.9870768,0.0001
full,2,558850,158850,0.9865282,0.0001
full,2,558900,158900,0.9863478,0.0001
full,2,558950,158950,0.9865519,0.0001
full,2,559000,159000,0.986814,0.0001
full,2,559050,159050,0.9868107,0.0001
full,2,559100,159100,0.9862697,0.0001
full,2,559150,159150,0.9862565,0.0001
full,2,559200,159200,0.9864638,0.0001
full,2,559250,159250,0.9865683,0.0001
full,2,559300,159300,0.9862528,0.0001
full,2,559350,159350,0.9867991,0.0001
full,2,559400,159400,0.9864956,0.0001
full,2,559450,159450,0.9866456,0.0001
full,2,559500,159500,0.9865593,0.0001
full,2,559550,159550,0.9865481,0.0001
full,2,559600,159600,0.9862086,0.0001
full,2,559650,159650,0.987018,0.0001
full,2,559700,159700,0.986604,0.0001
full,2,559750,159750,0.9866716,0.0001
full,2,559800,159800,0.9865505,0.0001
full,2,559850,159850,0.9868596,0.0001
full,2,559900,159900,0.9865386,0.0001
full,2,559950,159950,0.9866505,0.0001
full,2,560000,160000,0.9866363,0.0001
full,2,560050,160050,0.9867082,0.0001
full,2,560100,160100,0.9865889,0.0001
full,2,560150,160150,0.9863715,0.0001
full,2,560200,160200,0.9864046,0.0001
full,2,560250,160250,0.9863546,0.0001
full,2,560300,160300,0.986015,0.0001
full,2,560350,160350,0.9863407,0.0001
full,2,560400,160400,0.9865281,0.0001
full,2,560450,160450,0.9865878,0.0001
full,2,560500,160500,0.9870858,0.0001
full,2,560550,160550,0.9864039,0.0001
full,2,560600,160600,0.9864271,0.0001
full,2,560650,160650,0.9862746,0.0001
full,2,560700,160700,0.9865121,0.0001
full,2,560750,160750,0.9859951,0.0001
full,2,560800,160800,0.9862712,0.0001
full,2,560850,160850,0.9866446,0.0001
full,2,560900,160900,0.9864901,0.0001
full,2,560950,160950,0.9865957,0.0001
full,2,561000,161000,0.9863328,0.0001
full,2,561050,161050,0.986562,0.0001
full,2,561100,161100,0.9861359,0.0001
full,2,561150,161150,0.9861625,0.0001
full,2,561200,161200,0.9864358,0.0001
full,2,561250,161250,0.9868829,0.0001
full,2,561300,161300,0.9867865,0.0001
full,2,561350,161350,0.9864768,0.0001
full,2,561400,161400,0.9863935,0.0001
full,2,561450,161450,0.9865735,0.0001
full,2,561500,161500,0.9865757,0.0001
full,2,561550,161550,0.9865375,0.0001
full,2,561600,161600,0.9863811,0.0001
full,2,561650,161650,0.9863685,0.0001
full,2,561700,161700,0.9864115,0.0001
full,2,561750,161750,0.9863567,0.0001
full,2,561800,161800,0.9863121,0.0001
full,2,561850,161850,0.9865909,0.0001
full,2,561900,161900,0.9864753,0.0001
full,2,561950,161950,0.986501,0.0001
full,2,562000,162000,0.9865775,0.0001
full,2,562050,162050,0.9863546,0.0001
full,2,562100,162100,0.986406,0.0001
full,2,562150,162150,0.9865379,0.0001
full,2,562200,162200,0.9862787,0.0001
full,2,562250,162250,0.9867042,0.0001
full,2,562300,162300,0.9863502,0.0001
full,2,562350,162350,0.9863389,0.0001
full,2,562400,162400,0.9864038,0.0001
full,2,562450,162450,0.9864257,0.0001
full,2,562500,162500,0.9861336,0.0001
full,2,562550,162550,0.9865695,0.0001
full,2,562600,162600,0.9864285,0.0001
full,2,562650,162650,0.986371,0.0001
full,2,562700,162700,0.9865469,0.0001
full,2,562750,162750,0.9863039,0.0001
full,2,562800,162800,0.9865791,0.0001
full,2,562850,162850,0.9862314,0.0001
full,2,562900,162900,0.9862977,0.0001
full,2,562950,162950,0.9865886,0.0001
full,2,563000,163000,0.986735,0.0001
full,2,563050,163050,0.9866661,0.0001
full,2,563100,163100,0.9866946,0.0001
full,2,563150,163150,0.9866371,0.0001
full,2,563200,163200,0.98677,0.0001
full,2,563250,163250,0.9869233,0.0001
full,2,563300,163300,0.9863819,0.0001
full,2,563350,163350,0.9859498,0.0001
full,2,563400,163400,0.9868467,0.0001
full,2,563450,163450,0.9864462,0.0001
full,2,563500,163500,0.9866253,0.0001
full,2,563550,163550,0.9863953,0.0001
full,2,563600,163600,0.9864053,0.0001
full,2,563650,163650,0.9864756,0.0001
full,2,563700,163700,0.9861446,0.0001
full,2,563750,163750,0.9863238,0.0001
full,2,563800,163800,0.9865602,0.0001
full,2,563850,163850,0.9864509,0.0001
full,2,563900,163900,0.9860113,0.0001
full,2,563950,163950,0.9863813,0.0001
full,2,564000,164000,0.9865541,0.0001
full,2,564050,164050,0.986326,0.0001
full,2,564100,164100,0.9865656,0.0001
full,2,564150,164150,0.9867966,0.0001
full,2,564200,164200,0.9865407,0.0001
full,2,564250,164250,0.9865985,0.0001
full,2,564300,164300,0.9869126,0.0001
full,2,564350,164350,0.9866543,0.0001
full,2,564400,164400,0.986402,0.0001
full,2,564450,164450,0.9864825,0.0001
full,2,564500,164500,0.9865394,0.0001
full,2,564550,164550,0.9864416,0.0001
full,2,564600,164600,0.9863085,0.0001
full,2,564650,164650,0.9866598,0.0001
full,2,564700,164700,0.9865831,0.0001
full,2,564750,164750,0.9868379,0.0001
full,2,564800,164800,0.9867134,0.0001
full,2,564850,164850,0.9864039,0.0001
full,2,564900,164900,0.9865047,0.0001
full,2,564950,164950,0.9866344,0.0001
full,2,565000,165000,0.9866912,0.0001
full,2,565050,165050,0.9860572,0.0001
full,2,565100,165100,0.9863459,0.0001
full,2,565150,165150,0.9865732,0.0001
full,2,565200,165200,0.9867396,0.0001
full,2,565250,165250,0.9866273,0.0001
full,2,565300,165300,0.9864274,0.0001
full,2,565350,165350,0.9864426,0.0001
full,2,565400,165400,0.9863405,0.0001
full,2,565450,165450,0.9867216,0.0001
full,2,565500,165500,0.9866912,0.0001
full,2,565550,165550,0.9863431,0.0001
full,2,565600,165600,0.9866154,0.0001
full,2,565650,165650,0.986324,0.0001
full,2,565700,165700,0.9864729,0.0001
full,2,565750,165750,0.9864434,0.0001
full,2,565800,165800,0.9862875,0.0001
full,2,565850,165850,0.9867145,0.0001
full,2,565900,165900,0.9864217,0.0001
full,2,565950,165950,0.9862535,0.0001
full,2,566000,166000,0.9869757,0.0001
full,2,566050,166050,0.9866007,0.0001
full,2,566100,166100,0.9867279,0.0001
full,2,566150,166150,0.9867126,0.0001
full,2,566200,166200,0.9865628,0.0001
full,2,566250,166250,0.9863666,0.0001
full,2,566300,166300,0.9868852,0.0001
full,2,566350,166350,0.9861757,0.0001
full,2,566400,166400,0.986434,0.0001
full,2,566450,166450,0.9861566,0.0001
full,2,566500,166500,0.986747,0.0001
full,2,566550,166550,0.9866672,0.0001
full,2,566600,166600,0.9863706,0.0001
full,2,566650,166650,0.9867333,0.0001
full,2,566700,166700,0.986716,0.0001
full,2,566750,166750,0.986487,0.0001
full,2,566800,166800,0.9865497,0.0001
full,2,566850,166850,0.9861697,0.0001
full,2,566900,166900,0.9871868,0.0001
full,2,566950,166950,0.9863245,0.0001
full,2,567000,167000,0.9866509,0.0001
full,2,567050,167050,0.9861476,0.0001
full,2,567100,167100,0.9867461,0.0001
full,2,567150,167150,0.9866718,0.0001
full,2,567200,167200,0.9864762,0.0001
full,2,567250,167250,0.9865907,0.0001
full,2,567300,167300,0.9866075,0.0001
full,2,567350,167350,0.9865456,0.0001
full,2,567400,167400,0.9866086,0.0001
full,2,567450,167450,0.9864274,0.0001
full,2,567500,167500,0.9866742,0.0001
full,2,567550,167550,0.9863827,0.0001
full,2,567600,167600,0.9865171,0.0001
full,2,567650,167650,0.9863408,0.0001
full,2,567700,167700,0.9864873,0.0001
full,2,567750,167750,0.986563,0.0001
full,2,567800,167800,0.9862671,0.0001
full,2,567850,167850,0.9864901,0.0001
full,2,567900,167900,0.9866026,0.0001
full,2,567950,167950,0.9863814,0.0001
full,2,568000,168000,0.986337,0.0001
full,2,568050,168050,0.9865269,0.0001
full,2,568100,168100,0.9862936,0.0001
full,2,568150,168150,0.9866424,0.0001
full,2,568200,168200,0.986629,0.0001
full,2,568250,168250,0.9862307,0.0001
full,2,568300,168300,0.9868239,0.0001
full,2,568350,168350,0.986499,0.0001
full,2,568400,168400,0.9869286,0.0001
full,2,568450,168450,0.9866678,0.0001
full,2,568500,168500,0.9866236,0.0001
full,2,568550,168550,0.986689,0.0001
full,2,568600,168600,0.9863938,0.0001
full,2,568650,168650,0.9863972,0.0001
full,2,568700,168700,0.9865517,0.0001
full,2,568750,168750,0.9863623,0.0001
full,2,568800,168800,0.9865394,0.0001
full,2,568850,168850,0.9862814,0.0001
full,2,568900,168900,0.9867258,0.0001
full,2,568950,168950,0.9865059,0.0001
full,2,569000,169000,0.9864872,0.0001
full,2,569050,169050,0.9864789,0.0001
full,2,569100,169100,0.9865459,0.0001
full,2,569150,169150,0.9862404,0.0001
full,2,569200,169200,0.9866366,0.0001
full,2,569250,169250,0.9865595,0.0001
full,2,569300,169300,0.9864541,0.0001
full,2,569350,169350,0.9867353,0.0001
full,2,569400,169400,0.9865004,0.0001
full,2,569450,169450,0.9868636,0.0001
full,2,569500,169500,0.9862725,0.0001
full,2,569550,169550,0.9864656,0.0001
full,2,569600,169600,0.9866619,0.0001
full,2,569650,169650,0.9863722,0.0001
full,2,569700,169700,0.9863701,0.0001
full,2,569750,169750,0.9865111,0.0001
full,2,569800,169800,0.9860868,0.0001
full,2,569850,169850,0.9866058,0.0001
full,2,569900,169900,0.9869443,0.0001
full,2,569950,169950,0.9867511,0.0001
full,2,570000,170000,0.9867623,0.0001
full,2,570050,170050,0.986737,0.0001
full,2,570100,170100,0.986753,0.0001
full,2,570150,170150,0.9867082,0.0001
full,2,570200,170200,0.9865441,0.0001
full,2,570250,170250,0.9863217,0.0001
full,2,570300,170300,0.9862117,0.0001
full,2,570350,170350,0.9864082,0.0001
full,2,570400,170400,0.9867324,0.0001
full,2,570450,170450,0.986974,0.0001
full,2,570500,170500,0.9864811,0.0001
full,2,570550,170550,0.98641,0.0001
full,2,570600,170600,0.9869641,0.0001
full,2,570650,170650,0.9865032,0.0001
full,2,570700,170700,0.9866365,0.0001
full,2,570750,170750,0.9861683,0.0001
full,2,570800,170800,0.986414,0.0001
full,2,570850,170850,0.9865309,0.0001
full,2,570900,170900,0.9866292,0.0001
full,2,570950,170950,0.9858891,0.0001
full,2,571000,171000,0.9862674,0.0001
full,2,571050,171050,0.9864213,0.0001
full,2,571100,171100,0.9862823,0.0001
full,2,571150,171150,0.98649,0.0001
full,2,571200,171200,0.986471,0.0001
full,2,571250,171250,0.9866529,0.0001
full,2,571300,171300,0.9864087,0.0001
full,2,571350,171350,0.9862801,0.0001
full,2,571400,171400,0.9860057,0.0001
full,2,571450,171450,0.9864415,0.0001
full,2,571500,171500,0.9864298,0.0001
full,2,571550,171550,0.9864851,0.0001
full,2,571600,171600,0.9865228,0.0001
full,2,571650,171650,0.9864596,0.0001
full,2,571700,171700,0.986283,0.0001
full,2,571750,171750,0.9866348,0.0001
full,2,571800,171800,0.9864072,0.0001
full,2,571850,171850,0.9865532,0.0001
full,2,571900,171900,0.9868573,0.0001
full,2,571950,171950,0.9861945,0.0001
full,2,572000,172000,0.9864459,0.0001
full,2,572050,172050,0.9863987,0.0001
full,2,572100,172100,0.9864888,0.0001
full,2,572150,172150,0.9864116,0.0001
full,2,572200,172200,0.9857671,0.0001
full,2,572250,172250,0.9865544,0.0001
full,2,572300,172300,0.9867927,0.0001
full,2,572350,172350,0.986258,0.0001
full,2,572400,172400,0.9863625,0.0001
full,2,572450,172450,0.9866401,0.0001
full,2,572500,172500,0.9867625,0.0001
full,2,572550,172550,0.9867457,0.0001
full,2,572600,172600,0.9860235,0.0001
full,2,572650,172650,0.9862315,0.0001
full,2,572700,172700,0.9865825,0.0001
full,2,572750,172750,0.9861063,0.0001
full,2,572800,172800,0.9865557,0.0001
full,2,572850,172850,0.9866394,0.0001
full,2,572900,172900,0.9865318,0.0001
full,2,572950,172950,0.9862312,0.0001
full,2,573000,173000,0.9865208,0.0001
full,2,573050,173050,0.986672,0.0001
full,2,573100,173100,0.9867715,0.0001
full,2,573150,173150,0.9869066,0.0001
full,2,573200,173200,0.9866554,0.0001
full,2,573250,173250,0.9863745,0.0001
full,2,573300,173300,0.98666,0.0001
full,2,573350,173350,0.9865761,0.0001
full,2,573400,173400,0.986358,0.0001
full,2,573450,173450,0.9866536,0.0001
full,2,573500,173500,0.9864143,0.0001
full,2,573550,173550,0.9861217,0.0001
full,2,573600,173600,0.9865209,0.0001
full,2,573650,173650,0.9864228,0.0001
full,2,573700,173700,0.9863083,0.0001
full,2,573750,173750,0.9862803,0.0001
full,2,573800,173800,0.9864643,0.0001
full,2,573850,173850,0.9870524,0.0001
full,2,573900,173900,0.9864162,0.0001
full,2,573950,173950,0.9867764,0.0001
full,2,574000,174000,0.9865457,0.0001
full,2,574050,174050,0.9868202,0.0001
full,2,574100,174100,0.986257,0.0001
full,2,574150,174150,0.9867784,0.0001
full,2,574200,174200,0.9866186,0.0001
full,2,574250,174250,0.9866669,0.0001
full,2,574300,174300,0.9864631,0.0001
full,2,574350,174350,0.9865841,0.0001
full,2,574400,174400,0.9860434,0.0001
full,2,574450,174450,0.986444,0.0001
full,2,574500,174500,0.9866977,0.0001
full,2,574550,174550,0.9865227,0.0001
full,2,574600,174600,0.9864468,0.0001
full,2,574650,174650,0.9864587,0.0001
full,2,574700,174700,0.9861727,0.0001
full,2,574750,174750,0.9867504,0.0001
full,2,574800,174800,0.9866211,0.0001
full,2,574850,174850,0.9862897,0.0001
full,2,574900,174900,0.9866156,0.0001
full,2,574950,174950,0.9864743,0.0001
full,2,575000,175000,0.9866023,0.0001
full,2,575050,175050,0.9869212,0.0001
full,2,575100,175100,0.9866427,0.0001
full,2,575150,175150,0.9863248,0.0001
full,2,575200,175200,0.9858226,0.0001
full,2,575250,175250,0.9865196,0.0001
full,2,575300,175300,0.9864213,0.0001
full,2,575350,175350,0.986437,0.0001
full,2,575400,175400,0.9866201,0.0001
full,2,575450,175450,0.9865081,0.0001
full,2,575500,175500,0.9863798,0.0001
full,2,575550,175550,0.9867958,0.0001
full,2,575600,175600,0.9866604,0.0001
full,2,575650,175650,0.9865593,0.0001
full,2,575700,175700,0.9865728,0.0001
full,2,575750,175750,0.9865649,0.0001
full,2,575800,175800,0.9865448,0.0001
full,2,575850,175850,0.9862104,0.0001
full,2,575900,175900,0.9862957,0.0001
full,2,575950,175950,0.9865103,0.0001
full,2,576000,176000,0.9866288,0.0001
full,2,576050,176050,0.9871116,0.0001
full,2,576100,176100,0.9863524,0.0001
full,2,576150,176150,0.98671,0.0001
full,2,576200,176200,0.9864633,0.0001
full,2,576250,176250,0.9863988,0.0001
full,2,576300,176300,0.9867807,0.0001
full,2,576350,176350,0.9861388,0.0001
full,2,576400,176400,0.9862704,0.0001
full,2,576450,176450,0.9863645,0.0001
full,2,576500,176500,0.9863874,0.0001
full,2,576550,176550,0.9863941,0.0001
full,2,576600,176600,0.9863427,0.0001
full,2,576650,176650,0.986836,0.0001
full,2,576700,176700,0.9865422,0.0001
full,2,576750,176750,0.9862857,0.0001
full,2,576800,176800,0.986849,0.0001
full,2,576850,176850,0.9863937,0.0001
full,2,576900,176900,0.9866751,0.0001
full,2,576950,176950,0.9863694,0.0001
full,2,577000,177000,0.986693,0.0001
full,2,577050,177050,0.9865289,0.0001
full,2,577100,177100,0.9864523,0.0001
full,2,577150,177150,0.98655,0.0001
full,2,577200,177200,0.9865756,0.0001
full,2,577250,177250,0.986495,0.0001
full,2,577300,177300,0.9861196,0.0001
full,2,577350,177350,0.9861053,0.0001
full,2,577400,177400,0.9869654,0.0001
full,2,577450,177450,0.9862549,0.0001
full,2,577500,177500,0.9864778,0.0001
full,2,577550,177550,0.9862366,0.0001
full,2,577600,177600,0.9865612,0.0001
full,2,577650,177650,0.986335,0.0001
full,2,577700,177700,0.9865198,0.0001
full,2,577750,177750,0.9861657,0.0001
full,2,577800,177800,0.9860914,0.0001
full,2,577850,177850,0.9862003,0.0001
full,2,577900,177900,0.9862562,0.0001
full,2,577950,177950,0.9866025,0.0001
full,2,578000,178000,0.9866256,0.0001
full,2,578050,178050,0.986424,0.0001
full,2,578100,178100,0.9869587,0.0001
full,2,578150,178150,0.986457,0.0001
full,2,578200,178200,0.9867235,0.0001
full,2,578250,178250,0.986122,0.0001
full,2,578300,178300,0.9865179,0.0001
full,2,578350,178350,0.9861579,0.0001
full,2,578400,178400,0.9864734,0.0001
full,2,578450,178450,0.9865156,0.0001
full,2,578500,178500,0.9865265,0.0001
full,2,578550,178550,0.986618,0.0001
full,2,578600,178600,0.9867125,0.0001
full,2,578650,178650,0.9867436,0.0001
full,2,578700,178700,0.986629,0.0001
full,2,578750,178750,0.9866124,0.0001
full,2,578800,178800,0.986647,0.0001
full,2,578850,178850,0.9863615,0.0001
full,2,578900,178900,0.9864777,0.0001
full,2,578950,178950,0.9867797,0.0001
full,2,579000,179000,0.9864762,0.0001
full,2,579050,179050,0.9867964,0.0001
full,2,579100,179100,0.9862149,0.0001
full,2,579150,179150,0.9866229,0.0001
full,2,579200,179200,0.9867203,0.0001
full,2,579250,179250,0.9868584,0.0001
full,2,579300,179300,0.9867467,0.0001
full,2,579350,179350,0.9863339,0.0001
full,2,579400,179400,0.9866619,0.0001
full,2,579450,179450,0.9861418,0.0001
full,2,579500,179500,0.986652,0.0001
full,2,579550,179550,0.9867799,0.0001
full,2,579600,179600,0.9867488,0.0001
full,2,579650,179650,0.9863555,0.0001
full,2,579700,179700,0.9861208,0.0001
full,2,579750,179750,0.9870437,0.0001
full,2,579800,179800,0.986544,0.0001
full,2,579850,179850,0.9867213,0.0001
full,2,579900,179900,0.9867378,0.0001
full,2,579950,179950,0.9860724,0.0001
full,2,580000,180000,0.9866375,0.0001
full,2,580050,180050,0.9863195,0.0001
full,2,580100,180100,0.9866735,0.0001
full,2,580150,180150,0.9862562,0.0001
full,2,580200,180200,0.9862876,0.0001
full,2,580250,180250,0.9863744,0.0001
full,2,580300,180300,0.986766,0.0001
full,2,580350,180350,0.9864995,0.0001
full,2,580400,180400,0.9868402,0.0001
full,2,580450,180450,0.9864293,0.0001
full,2,580500,180500,0.9864504,0.0001
full,2,580550,180550,0.9866984,0.0001
full,2,580600,180600,0.9866505,0.0001
full,2,580650,180650,0.9869055,0.0001
full,2,580700,180700,0.9863471,0.0001
full,2,580750,180750,0.986737,0.0001
full,2,580800,180800,0.9863094,0.0001
full,2,580850,180850,0.9866182,0.0001
full,2,580900,180900,0.9862347,0.0001
full,2,580950,180950,0.9868413,0.0001
full,2,581000,181000,0.9865596,0.0001
full,2,581050,181050,0.9867302,0.0001
full,2,581100,181100,0.986585,0.0001
full,2,581150,181150,0.9862792,0.0001
full,2,581200,181200,0.9869632,0.0001
full,2,581250,181250,0.986568,0.0001
full,2,581300,181300,0.9864532,0.0001
full,2,581350,181350,0.9861674,0.0001
full,2,581400,181400,0.9864269,0.0001
full,2,581450,181450,0.9862934,0.0001
full,2,581500,181500,0.9862105,0.0001
full,2,581550,181550,0.9863192,0.0001
full,2,581600,181600,0.9865773,0.0001
full,2,581650,181650,0.9862663,0.0001
full,2,581700,181700,0.986326,0.0001
full,2,581750,181750,0.9867666,0.0001
full,2,581800,181800,0.9869958,0.0001
full,2,581850,181850,0.9864392,0.0001
full,2,581900,181900,0.9866717,0.0001
full,2,581950,181950,0.9865396,0.0001
full,2,582000,182000,0.9868048,0.0001
full,2,582050,182050,0.9865716,0.0001
full,2,582100,182100,0.9858748,0.0001
full,2,582150,182150,0.986745,0.0001
full,2,582200,182200,0.9864331,0.0001
full,2,582250,182250,0.9865095,0.0001
full,2,582300,182300,0.9869699,0.0001
full,2,582350,182350,0.9865699,0.0001
full,2,582400,182400,0.9864278,0.0001
full,2,582450,182450,0.9867356,0.0001
full,2,582500,182500,0.9865484,0.0001
full,2,582550,182550,0.9867821,0.0001
full,2,582600,182600,0.9865755,0.0001
full,2,582650,182650,0.986744,0.0001
full,2,582700,182700,0.9864819,0.0001
full,2,582750,182750,0.986962,0.0001
full,2,582800,182800,0.9867027,0.0001
full,2,582850,182850,0.9865296,0.0001
full,2,582900,182900,0.9865622,0.0001
full,2,582950,182950,0.9864729,0.0001
full,2,583000,183000,0.9861653,0.0001
full,2,583050,183050,0.9867114,0.0001
full,2,583100,183100,0.9866075,0.0001
full,2,583150,183150,0.9863688,0.0001
full,2,583200,183200,0.9862192,0.0001
full,2,583250,183250,0.9866383,0.0001
full,2,583300,183300,0.9865541,0.0001
full,2,583350,183350,0.9868952,0.0001
full,2,583400,183400,0.9866707,0.0001
full,2,583450,183450,0.986642,0.0001
full,2,583500,183500,0.9866472,0.0001
full,2,583550,183550,0.9862472,0.0001
full,2,583600,183600,0.9863448,0.0001
full,2,583650,183650,0.9862918,0.0001
full,2,583700,183700,0.9863784,0.0001
full,2,583750,183750,0.9866559,0.0001
full,2,583800,183800,0.9866346,0.0001
full,2,583850,183850,0.9863682,0.0001
full,2,583900,183900,0.9864339,0.0001
full,2,583950,183950,0.9864454,0.0001
full,2,584000,184000,0.9863337,0.0001
full,2,584050,184050,0.9860576,0.0001
full,2,584100,184100,0.9864266,0.0001
full,2,584150,184150,0.9860984,0.0001
full,2,584200,184200,0.9865508,0.0001
full,2,584250,184250,0.9865587,0.0001
full,2,584300,184300,0.9866217,0.0001
full,2,584350,184350,0.986789,0.0001
full,2,584400,184400,0.9864944,0.0001
full,2,584450,184450,0.9865667,0.0001
full,2,584500,184500,0.9868377,0.0001
full,2,584550,184550,0.9864499,0.0001
full,2,584600,184600,0.9864979,0.0001
full,2,584650,184650,0.9862075,0.0001
full,2,584700,184700,0.9866241,0.0001
full,2,584750,184750,0.9869836,0.0001
full,2,584800,184800,0.9864465,0.0001
full,2,584850,184850,0.9862782,0.0001
full,2,584900,184900,0.9864242,0.0001
full,2,584950,184950,0.9871414,0.0001
full,2,585000,185000,0.9865133,0.0001
full,2,585050,185050,0.9861516,0.0001
full,2,585100,185100,0.98669,0.0001
full,2,585150,185150,0.9866069,0.0001
full,2,585200,185200,0.9862884,0.0001
full,2,585250,185250,0.9862126,0.0001
full,2,585300,185300,0.9864683,0.0001
full,2,585350,185350,0.9865882,0.0001
full,2,585400,185400,0.9865471,0.0001
full,2,585450,185450,0.9865195,0.0001
full,2,585500,185500,0.986591,0.0001
full,2,585550,185550,0.9867426,0.0001
full,2,585600,185600,0.9860432,0.0001
full,2,585650,185650,0.9864228,0.0001
full,2,585700,185700,0.98654,0.0001
full,2,585750,185750,0.9865769,0.0001
full,2,585800,185800,0.9862909,0.0001
full,2,585850,185850,0.9866786,0.0001
full,2,585900,185900,0.9862782,0.0001
full,2,585950,185950,0.9864344,0.0001
full,2,586000,186000,0.9865289,0.0001
full,2,586050,186050,0.9865317,0.0001
full,2,586100,186100,0.9859639,0.0001
full,2,586150,186150,0.986504,0.0001
full,2,586200,186200,0.986585,0.0001
full,2,586250,186250,0.9864342,0.0001
full,2,586300,186300,0.9866189,0.0001
full,2,586350,186350,0.9862576,0.0001
full,2,586400,186400,0.9865467,0.0001
full,2,586450,186450,0.9868857,0.0001
full,2,586500,186500,0.9869454,0.0001
full,2,586550,186550,0.9860467,0.0001
full,2,586600,186600,0.9866061,0.0001
full,2,586650,186650,0.9862643,0.0001
full,2,586700,186700,0.9865484,0.0001
full,2,586750,186750,0.9869428,0.0001
full,2,586800,186800,0.9865857,0.0001
full,2,586850,186850,0.9865329,0.0001
full,2,586900,186900,0.9865506,0.0001
full,2,586950,186950,0.9863462,0.0001
full,2,587000,187000,0.9864399,0.0001
full,2,587050,187050,0.9866865,0.0001
full,2,587100,187100,0.986099,0.0001
full,2,587150,187150,0.9867527,0.0001
full,2,587200,187200,0.986538,0.0001
full,2,587250,187250,0.9864228,0.0001
full,2,587300,187300,0.9866592,0.0001
full,2,587350,187350,0.9864467,0.0001
full,2,587400,187400,0.9866295,0.0001
full,2,587450,187450,0.9859934,0.0001
full,2,587500,187500,0.9863298,0.0001
full,2,587550,187550,0.9864955,0.0001
full,2,587600,187600,0.9865261,0.0001
full,2,587650,187650,0.9865488,0.0001
full,2,587700,187700,0.9863191,0.0001
full,2,587750,187750,0.9863281,0.0001
full,2,587800,187800,0.9862443,0.0001
full,2,587850,187850,0.9866588,0.0001
full,2,587900,187900,0.9861993,0.0001
full,2,587950,187950,0.9861449,0.0001
full,2,588000,188000,0.9866629,0.0001
full,2,588050,188050,0.9867936,0.0001
full,2,588100,188100,0.9864762,0.0001
full,2,588150,188150,0.9862117,0.0001
full,2,588200,188200,0.9861468,0.0001
full,2,588250,188250,0.9865078,0.0001
full,2,588300,188300,0.9867224,0.0001
full,2,588350,188350,0.9866968,0.0001
full,2,588400,188400,0.9865742,0.0001
full,2,588450,188450,0.9864058,0.0001
full,2,588500,188500,0.9862224,0.0001
full,2,588550,188550,0.9867936,0.0001
full,2,588600,188600,0.9868999,0.0001
full,2,588650,188650,0.9867823,0.0001
full,2,588700,188700,0.9865173,0.0001
full,2,588750,188750,0.9866394,0.0001
full,2,588800,188800,0.986739,0.0001
full,2,588850,188850,0.9859723,0.0001
full,2,588900,188900,0.9860835,0.0001
full,2,588950,188950,0.9862397,0.0001
full,2,589000,189000,0.9866357,0.0001
full,2,589050,189050,0.9868791,0.0001
full,2,589100,189100,0.9866552,0.0001
full,2,589150,189150,0.9868329,0.0001
full,2,589200,189200,0.9865212,0.0001
full,2,589250,189250,0.9866555,0.0001
full,2,589300,189300,0.987022,0.0001
full,2,589350,189350,0.9863176,0.0001
full,2,589400,189400,0.9864126,0.0001
full,2,589450,189450,0.9868075,0.0001
full,2,589500,189500,0.9866701,0.0001
full,2,589550,189550,0.9866555,0.0001
full,2,589600,189600,0.9868113,0.0001
full,2,589650,189650,0.986513,0.0001
full,2,589700,189700,0.9867293,0.0001
full,2,589750,189750,0.9865251,0.0001
full,2,589800,189800,0.9861249,0.0001
full,2,589850,189850,0.9867238,0.0001
full,2,589900,189900,0.987028,0.0001
full,2,589950,189950,0.9864107,0.0001
full,2,590000,190000,0.9867831,0.0001
full,2,590050,190050,0.9866247,0.0001
full,2,590100,190100,0.9858707,0.0001
full,2,590150,190150,0.9864656,0.0001
full,2,590200,190200,0.9867203,0.0001
full,2,590250,190250,0.9866988,0.0001
full,2,590300,190300,0.9867672,0.0001
full,2,590350,190350,0.9864355,0.0001
full,2,590400,190400,0.9866123,0.0001
full,2,590450,190450,0.9864419,0.0001
full,2,590500,190500,0.9866093,0.0001
full,2,590550,190550,0.9865438,0.0001
full,2,590600,190600,0.9865217,0.0001
full,2,590650,190650,0.9862195,0.0001
full,2,590700,190700,0.9867468,0.0001
full,2,590750,190750,0.986972,0.0001
full,2,590800,190800,0.9863027,0.0001
full,2,590850,190850,0.9868718,0.0001
full,2,590900,190900,0.9862123,0.0001
full,2,590950,190950,0.9861293,0.0001
full,2,591000,191000,0.9869382,0.0001
full,2,591050,191050,0.9865315,0.0001
full,2,591100,191100,0.9864802,0.0001
full,2,591150,191150,0.986549,0.0001
full,2,591200,191200,0.9863204,0.0001
full,2,591250,191250,0.9861242,0.0001
full,2,591300,191300,0.9865434,0.0001
full,2,591350,191350,0.9861109,0.0001
full,2,591400,191400,0.9866688,0.0001
full,2,591450,191450,0.9866349,0.0001
full,2,591500,191500,0.9866611,0.0001
full,2,591550,191550,0.9868391,0.0001
full,2,591600,191600,0.9865896,0.0001
full,2,591650,191650,0.9866118,0.0001
full,2,591700,191700,0.9860708,0.0001
full,2,591750,191750,0.9865481,0.0001
full,2,591800,191800,0.9860162,0.0001
full,2,591850,191850,0.9864039,0.0001
full,2,591900,191900,0.9861867,0.0001
full,2,591950,191950,0.9864396,0.0001
full,2,592000,192000,0.9863195,0.0001
full,2,592050,192050,0.9867874,0.0001
full,2,592100,192100,0.9864483,0.0001
full,2,592150,192150,0.9863803,0.0001
full,2,592200,192200,0.98668,0.0001
full,2,592250,192250,0.9865282,0.0001
full,2,592300,192300,0.9863531,0.0001
full,2,592350,192350,0.9865205,0.0001
full,2,592400,192400,0.986882,0.0001
full,2,592450,192450,0.9866996,0.0001
full,2,592500,192500,0.9865563,0.0001
full,2,592550,192550,0.9863312,0.0001
full,2,592600,192600,0.9866542,0.0001
full,2,592650,192650,0.9857906,0.0001
full,2,592700,192700,0.9867508,0.0001
full,2,592750,192750,0.9863479,0.0001
full,2,592800,192800,0.9863879,0.0001
full,2,592850,192850,0.9865343,0.0001
full,2,592900,192900,0.9864042,0.0001
full,2,592950,192950,0.9862623,0.0001
full,2,593000,193000,0.9863601,0.0001
full,2,593050,193050,0.9862893,0.0001
full,2,593100,193100,0.9864797,0.0001
full,2,593150,193150,0.9864607,0.0001
full,2,593200,193200,0.9862766,0.0001
full,2,593250,193250,0.9864709,0.0001
full,2,593300,193300,0.9864997,0.0001
full,2,593350,193350,0.9866124,0.0001
full,2,593400,193400,0.9867001,0.0001
full,2,593450,193450,0.9868691,0.0001
full,2,593500,193500,0.9861637,0.0001
full,2,593550,193550,0.9863993,0.0001
full,2,593600,193600,0.9863207,0.0001
full,2,593650,193650,0.9867309,0.0001
full,2,593700,193700,0.9862994,0.0001
full,2,593750,193750,0.9865198,0.0001
full,2,593800,193800,0.9865819,0.0001
full,2,593850,193850,0.9863563,0.0001
full,2,593900,193900,0.9862698,0.0001
full,2,593950,193950,0.9863846,0.0001
full,2,594000,194000,0.9862848,0.0001
full,2,594050,194050,0.9865497,0.0001
full,2,594100,194100,0.9866148,0.0001
full,2,594150,194150,0.9868473,0.0001
full,2,594200,194200,0.9861516,0.0001
full,2,594250,194250,0.9864146,0.0001
full,2,594300,194300,0.9865485,0.0001
full,2,594350,194350,0.9864081,0.0001
full,2,594400,194400,0.9866347,0.0001
full,2,594450,194450,0.9865585,0.0001
full,2,594500,194500,0.9864565,0.0001
full,2,594550,194550,0.986641,0.0001
full,2,594600,194600,0.986555,0.0001
full,2,594650,194650,0.9855679,0.0001
full,2,594700,194700,0.9864807,0.0001
full,2,594750,194750,0.9865941,0.0001
full,2,594800,194800,0.9870179,0.0001
full,2,594850,194850,0.9864146,0.0001
full,2,594900,194900,0.9864261,0.0001
full,2,594950,194950,0.9863138,0.0001
full,2,595000,195000,0.9866487,0.0001
full,2,595050,195050,0.9866843,0.0001
full,2,595100,195100,0.9865285,0.0001
full,2,595150,195150,0.9862867,0.0001
full,2,595200,195200,0.9867743,0.0001
full,2,595250,195250,0.9864876,0.0001
full,2,595300,195300,0.9862484,0.0001
full,2,595350,195350,0.9862573,0.0001
full,2,595400,195400,0.9863918,0.0001
full,2,595450,195450,0.9866772,0.0001
full,2,595500,195500,0.9859791,0.0001
full,2,595550,195550,0.9867535,0.0001
full,2,595600,195600,0.9868206,0.0001
full,2,595650,195650,0.9864187,0.0001
full,2,595700,195700,0.9861017,0.0001
full,2,595750,195750,0.9868251,0.0001
full,2,595800,195800,0.9867846,0.0001
full,2,595850,195850,0.9866084,0.0001
full,2,595900,195900,0.9864361,0.0001
full,2,595950,195950,0.9863563,0.0001
full,2,596000,196000,0.9864438,0.0001
full,2,596050,196050,0.986481,0.0001
full,2,596100,196100,0.9868134,0.0001
full,2,596150,196150,0.9866366,0.0001
full,2,596200,196200,0.9864751,0.0001
full,2,596250,196250,0.986531,0.0001
full,2,596300,196300,0.9863213,0.0001
full,2,596350,196350,0.9866916,0.0001
full,2,596400,196400,0.986268,0.0001
full,2,596450,196450,0.9863197,0.0001
full,2,596500,196500,0.9868218,0.0001
full,2,596550,196550,0.9861452,0.0001
full,2,596600,196600,0.9865791,0.0001
full,2,596650,196650,0.9863968,0.0001
full,2,596700,196700,0.9867138,0.0001
full,2,596750,196750,0.9861258,0.0001
full,2,596800,196800,0.986775,0.0001
full,2,596850,196850,0.9863469,0.0001
full,2,596900,196900,0.986792,0.0001
full,2,596950,196950,0.9865832,0.0001
full,2,597000,197000,0.9863202,0.0001
full,2,597050,197050,0.9863538,0.0001
full,2,597100,197100,0.98639,0.0001
full,2,597150,197150,0.9866706,0.0001
full,2,597200,197200,0.9867345,0.0001
full,2,597250,197250,0.9866481,0.0001
full,2,597300,197300,0.986421,0.0001
full,2,597350,197350,0.9865612,0.0001
full,2,597400,197400,0.986287,0.0001
full,2,597450,197450,0.9863757,0.0001
full,2,597500,197500,0.9862764,0.0001
full,2,597550,197550,0.9867028,0.0001
full,2,597600,197600,0.9864094,0.0001
full,2,597650,197650,0.9867432,0.0001
full,2,597700,197700,0.9862599,0.0001
full,2,597750,197750,0.9867448,0.0001
full,2,597800,197800,0.9866184,0.0001
full,2,597850,197850,0.9866233,0.0001
full,2,597900,197900,0.9861643,0.0001
full,2,597950,197950,0.986882,0.0001
full,2,598000,198000,0.9865555,0.0001
full,2,598050,198050,0.9865304,0.0001
full,2,598100,198100,0.9868805,0.0001
full,2,598150,198150,0.9864898,0.0001
full,2,598200,198200,0.9863517,0.0001
full,2,598250,198250,0.9863461,0.0001
full,2,598300,198300,0.9863802,0.0001
full,2,598350,198350,0.986437,0.0001
full,2,598400,198400,0.9865168,0.0001
full,2,598450,198450,0.9868819,0.0001
full,2,598500,198500,0.9865198,0.0001
full,2,598550,198550,0.9866876,0.0001
full,2,598600,198600,0.9864077,0.0001
full,2,598650,198650,0.9864999,0.0001
full,2,598700,198700,0.9858732,0.0001
full,2,598750,198750,0.9863096,0.0001
full,2,598800,198800,0.9862497,0.0001
full,2,598850,198850,0.9861063,0.0001
full,2,598900,198900,0.9865108,0.0001
full,2,598950,198950,0.9866618,0.0001
full,2,599000,199000,0.9866853,0.0001
full,2,599050,199050,0.9864563,0.0001
full,2,599100,199100,0.9866279,0.0001
full,2,599150,199150,0.9864002,0.0001
full,2,599200,199200,0.9863279,0.0001
full,2,599250,199250,0.9863649,0.0001
full,2,599300,199300,0.9867654,0.0001
full,2,599350,199350,0.9864292,0.0001
full,2,599400,199400,0.986404,0.0001
full,2,599450,199450,0.9867098,0.0001
full,2,599500,199500,0.9858934,0.0001
full,2,599550,199550,0.986617,0.0001
full,2,599600,199600,0.9867579,0.0001
full,2,599650,199650,0.9869388,0.0001
full,2,599700,199700,0.9863914,0.0001
full,2,599750,199750,0.9864958,0.0001
full,2,599800,199800,0.986675,0.0001
full,2,599850,199850,0.986896,0.0001
full,2,599900,199900,0.9863399,0.0001
full,2,599950,199950,0.9864466,0.0001
